date,price,total_volume,market_cap,coin_name,year,month,day,day_of_week,week_of_year,quarter,price_ma_7d,total_volume_ma_7d,market_cap_ma_7d,price_ma_30d,total_volume_ma_30d,market_cap_ma_30d,price_lag_1,price_lag_2,price_lag_3,price_rolling_mean_7,price_rolling_mean_30
2015-01-31 00:00:00.000,218.0233,92459195.6343594,3005342178.85,bitcoin,2015,1,31,5,5,1,244.52147746149916,197047310.71626553,3367081361.6607966,248.62133699771456,141805146.69556665,3412760696.198138,228.6354,232.5329422304941,259.2356,244.52147746149916,248.62133699771456
2015-02-01 00:00:00.000,226.2697,100844154.3350744,3119897131.48,bitcoin,2015,2,1,6,5,1,241.40343460435628,192177426.3262122,3325134973.015082,245.69726033104791,143599973.03711334,3373625322.3474717,218.0233,228.6354,232.5329422304941,241.40343460435628,245.69726033104791
2015-02-02 00:00:00.000,240.0193,108043831.20772208,3310466195.25,bitcoin,2015,2,2,0,6,1,239.42920603292777,187265567.2288978,3299012344.3611536,243.21637033104793,145906237.20068625,3340592584.365805,226.2697,218.0233,228.6354,239.42920603292777,243.21637033104793
2015-02-03 00:00:00.000,226.0119,135790231.88905972,3117998019.1275,bitcoin,2015,2,3,1,6,1,232.96116317578486,149270465.1376972,3210964014.1450815,241.1977003310479,146473280.21668392,3313813914.6000547,240.0193,226.2697,218.0233,232.96116317578486,241.1977003310479
2015-02-04 00:00:00.000,225.3083,83155505.15562138,3109175682.095,bitcoin,2015,2,4,2,6,1,228.11440603292772,112585288.05359618,3145313682.721511,240.01011033104794,142395125.42288172,3298398444.6432214,226.0119,240.0193,226.2697,228.11440603292772,240.01011033104794
2015-02-05 00:00:00.000,216.9136,74142168.01402433,2994172300.44,bitcoin,2015,2,5,3,6,1,225.8830714285714,100038231.26293646,3115393703.008214,238.1332303310479,139698593.50815517,3273508173.7745547,225.3083,226.0119,240.0193,225.8830714285714,238.1332303310479
2015-02-06 00:00:00.000,222.4872,88164946.84338237,3072075446.7,bitcoin,2015,2,6,4,6,1,225.00475714285716,97514290.43989195,3104160993.420357,236.0370103310479,139403995.203721,3245630414.619555,216.9136,225.3083,226.0119,225.00475714285716,236.0370103310479
2015-02-07 00:00:00.000,227.2050999999999,80694160.19495533,3138151161.072499,bitcoin,2015,2,7,5,6,1,226.31644285714285,95833571.09140566,3123133705.166428,233.74809699771458,138404659.44426104,3215127495.2407217,222.4872,216.9136,225.3083,226.31644285714285,233.74809699771458
2015-02-08 00:00:00.000,222.9061,76979240.31280218,3079497925.3725,bitcoin,2015,2,8,6,6,1,225.83592857142858,92424297.65965249,3117362390.008214,231.69655033104792,138084949.30566826,3187849954.0114717,227.2050999999999,222.4872,216.9136,225.83592857142858,231.69655033104792
2015-02-09 00:00:00.000,220.0922,79154588.47482522,3041547650.985,bitcoin,2015,2,9,0,7,1,222.98919999999998,88297262.98352435,3078945455.113214,229.38049699771457,137940822.24559185,3156935121.9014716,222.9061,227.2050999999999,222.4872,222.98919999999998,229.38049699771457
2015-02-10 00:00:00.000,220.6493,66708973.92079521,3049996660.2725,bitcoin,2015,2,10,1,7,1,222.22311428571427,78428511.84520087,3069230975.276786,227.58437366438122,137074993.52186486,3133138037.2463884,220.0922,222.9061,227.2050999999999,222.22311428571427,227.58437366438122
2015-02-11 00:00:00.000,219.0956,65150873.75436823,3029418429.03,bitcoin,2015,2,11,2,7,1,221.3355857142857,75856421.64502184,3057837081.9817853,225.98142699771458,136804798.0499806,3111978603.0940547,220.6493,220.0922,222.9061,221.3355857142857,225.98142699771458
2015-02-12 00:00:00.000,222.0401587875259,51632481.43908263,3070809845.027513,bitcoin,2015,2,12,3,7,1,222.06795125536084,72640752.13431588,3068785302.637145,224.43764336726733,135893140.26839098,3091633769.44927,219.0956,220.6493,220.0922,222.06795125536084,224.43764336726733
2015-02-13 00:00:00.000,235.6774,137045816.2260813,3260249204.835,bitcoin,2015,2,13,4,7,1,223.95226554107512,79623733.47470143,3095667268.085002,224.9123567006007,133269593.47852731,3099033696.633769,222.0401587875259,219.0956,220.6493,223.95226554107512,224.9123567006007
2015-02-14 00:00:00.000,259.0086000000001,165435433.7487849,3584044452.9300013,bitcoin,2015,2,14,5,7,1,228.49562268393225,91729629.6966771,3159366309.7789307,227.80771336726735,130917210.57622576,3139747193.40302,235.6774,222.0401587875259,219.0956,228.49562268393225,227.80771336726735
2015-02-15 00:00:00.000,232.9962,199965387.6619376,3224923703.82,bitcoin,2015,2,15,6,7,1,229.93706554107513,109299079.31798217,3180141420.985717,228.55572336726735,128994806.25527658,3150893919.4305196,259.0086000000001,235.6774,222.0401587875259,229.93706554107513,228.55572336726735
2015-02-16 00:00:00.000,235.9199,128976204.99927545,3266299219.505,bitcoin,2015,2,16,0,8,1,232.19816554107516,116416453.10718934,3212248787.9171453,229.55918670060066,127420097.57211772,3165564289.047353,232.9962,259.0086000000001,235.6774,232.19816554107516,229.55918670060066
2015-02-17 00:00:00.000,242.4568,121468767.5434641,3357729670.42,bitcoin,2015,2,17,1,8,1,235.31352268393226,124239280.76757061,3256210646.5096445,230.99136670060068,127921340.45251726,3186154632.5185194,235.9199,232.9962,259.0086000000001,235.31352268393226,230.99136670060068
2015-02-18 00:00:00.000,234.6238,88821471.77949807,3250184845.45,bitcoin,2015,2,18,2,8,1,237.53183696964658,127620794.77116057,3287748705.998216,231.84585336726735,126926581.75424671,3198784388.388853,242.4568,235.9199,232.9962,237.53183696964658,231.84585336726735
2015-02-19 00:00:00.000,240.2988,71396084.8246788,3329826479.07,bitcoin,2015,2,19,3,8,1,240.1402142857143,130444166.6833886,3324751082.2900004,232.70431336726733,125788273.67046328,3211499294.395353,234.6238,242.4568,235.9199,240.1402142857143,232.70431336726733
2015-02-20 00:00:00.000,244.0821,80482172.09597999,3383185375.785,bitcoin,2015,2,20,4,8,1,241.3408857142857,122363646.09337412,3342313392.425714,233.823260033934,125327274.80911632,3227817920.620353,240.2988,234.6238,242.4568,241.3408857142857,233.823260033934
2015-02-21 00:00:00.000,244.1459,64143296.19994164,3384954726.9025,bitcoin,2015,2,21,5,8,1,239.21764285714283,107893340.72925366,3313872002.993214,234.49328670060063,124159835.70915355,3237968755.294936,244.0821,240.2988,234.6238,239.21764285714283,234.49328670060063
2015-02-22 00:00:00.000,235.5529999999999,74180476.06972592,3266702003.4249988,bitcoin,2015,2,22,6,8,1,239.58290000000002,89924067.644652,3319840331.508214,234.61031003393398,121591522.0305499,3240485410.8040195,244.1459,244.0821,240.2988,239.58290000000002,234.61031003393398
2015-02-23 00:00:00.000,238.1319,61755698.92656742,3303312137.1225,bitcoin,2015,2,23,0,9,1,239.89889999999997,80321138.2056937,3325127891.167857,234.78477336726735,119448771.35438356,3243806259.9247694,235.5529999999999,244.1459,244.0821,239.89889999999997,234.78477336726735
2015-02-24 00:00:00.000,238.7314,58732103.48183354,3312404143.285,bitcoin,2015,2,24,1,9,1,239.3667,71358757.62546077,3318652815.8628573,234.472620033934,116908729.96826309,3240435669.6342697,238.1319,235.5529999999999,244.1459,239.3667,234.472620033934
2015-02-25 00:00:00.000,237.378,57584610.05522578,3294575196.45,bitcoin,2015,2,25,2,9,1,239.76015714285714,66896348.807707585,3324994294.577143,233.92392336726735,114080655.47380653,3233810689.6550198,238.7314,238.1319,235.5529999999999,239.76015714285714,233.92392336726735
2015-02-26 00:00:00.000,236.1711557723409,44991044.50687964,3278687399.961783,bitcoin,2015,2,26,3,9,1,239.17049368176296,63124200.19087913,3317688711.8473973,232.75335522634538,102188492.07312039,3218622391.9657454,237.378,238.7314,238.1319,239.17049368176296,232.75335522634538
2015-02-27 00:00:00.000,253.8991,137186494.71170896,3525782547.105,bitcoin,2015,2,27,4,9,1,240.57292225319156,71224817.70741184,3338059736.321683,232.57547189301204,95429650.40536639,3217190876.8005795,236.1711557723409,237.378,238.7314,240.57292225319156,232.57547189301204
2015-02-28 00:00:00.000,253.5991,85884430.30666418,3522504178.955,bitcoin,2015,2,28,5,9,1,241.9233793960487,74330694.0083722,3357709658.043469,233.2776771519956,92893412.56396714,3227820610.8179765,253.8991,236.1711557723409,237.378,241.9233793960487,233.2776771519956
2015-03-01 00:00:00.000,257.7075,58106060.44444854,3580465593.9375,bitcoin,2015,3,1,6,9,1,245.08830796747725,72034348.91904686,3402533028.1166835,234.24674715199555,91302530.15862562,3242145983.488726,253.5991,253.8991,236.1711557723409,245.08830796747725,234.24674715199555
2015-03-02 00:00:00.000,269.9614999999999,93658288.66772272,3751796695.2874985,bitcoin,2015,3,2,0,10,1,249.63539368176296,76591861.7392119,3466602250.711683,235.97802048532893,91342499.92640439,3267027800.7033095,257.7075,253.5991,253.8991,249.63539368176296,235.97802048532893
2015-03-03 00:00:00.000,280.6241999999999,128754965.89965025,3901083285.089999,bitcoin,2015,3,3,1,10,1,255.62007939604865,86595127.79890001,3550699270.96954,237.78983715199553,92272860.31189026,3293067339.156976,269.9614999999999,257.7075,253.5991,255.62007939604865,237.78983715199553
2015-03-04 00:00:00.000,273.0192999999999,119553919.98697218,3796353842.947499,bitcoin,2015,3,4,2,10,1,260.71169368176294,95447886.36057808,3622381934.7548976,238.88983715199552,92656529.93786526,3309263594.080226,280.6241999999999,269.9614999999999,257.7075,260.71169368176294,238.88983715199552
2015-03-05 00:00:00.000,274.8255,98543018.35211968,3822334889.7375,bitcoin,2015,3,5,3,10,1,266.23374285714283,103098168.3384695,3700045861.865714,240.51695715199554,91414956.15330057,3332741489.767226,273.0192999999999,280.6241999999999,269.9614999999999,266.23374285714283,240.51695715199554
2015-03-06 00:00:00.000,272.3412999999999,74704492.0402275,3788784931.469999,bitcoin,2015,3,6,4,10,1,268.86834285714275,94172167.95682928,3737617631.060714,242.08472381866218,91133255.7161208,3355395131.4130597,274.8255,273.0192999999999,280.6241999999999,268.86834285714275,242.08472381866218
2015-03-07 00:00:00.000,275.5846387340832,50059694.67622344,3834877371.4562297,bitcoin,2015,3,7,5,10,1,272.00913410486896,89054348.58105205,3782242372.8466034,244.04042510979832,90330506.60486077,3383418633.7802672,272.3412999999999,274.8255,273.0192999999999,272.00913410486896,244.04042510979832
2015-03-08 00:00:00.000,274.578,45050575.22814669,3821054905.8,bitcoin,2015,3,8,6,10,1,274.4192055334404,87189279.26443748,3816612274.541247,245.7767851097983,88893360.88435291,3408384615.750267,275.5846387340832,272.3412999999999,274.8255,274.4192055334404,245.7767851097983
2015-03-09 00:00:00.000,289.2957000000001,111062141.12648012,4027806171.9600015,bitcoin,2015,3,9,0,11,1,277.181234104869,89675543.90140283,3856042199.780175,247.846471776465,89905626.91540374,3438039782.779851,274.578,275.5846387340832,272.3412999999999,277.181234104869,247.846471776465
2015-03-10 00:00:00.000,290.3057,129285347.54407711,4043022165.1175,bitcoin,2015,3,10,1,11,1,278.5643055334404,89751312.70774953,3876319182.6412473,250.0931251097983,91649163.8231129,3470157257.438018,289.2957000000001,274.578,275.5846387340832,278.5643055334404,250.0931251097983
2015-03-11 00:00:00.000,295.961,73794326.12201199,4122115211.9,bitcoin,2015,3,11,2,11,1,281.84169124772615,83214227.86989808,3922856521.063033,252.62208510979832,91470488.41135244,3506176176.1351843,290.3057,289.2957000000001,274.578,281.84169124772615,252.62208510979832
2015-03-12 00:00:00.000,293.9203,65277495.588918425,4095470764.185,bitcoin,2015,3,12,3,11,1,284.5695198191547,78462010.33229789,3961875931.69839,255.06445177646498,91422772.46695657,3541025312.932267,295.961,290.3057,289.2957000000001,284.5695198191547,255.06445177646498
2015-03-13 00:00:00.000,288.0364999999999,67739327.34903467,4014523120.5749984,bitcoin,2015,3,13,4,11,1,286.8116912477262,77466986.80498464,3994124244.427676,257.362481776465,91509054.25344545,3573862135.983767,293.9203,295.961,290.3057,286.8116912477262,257.362481776465
2015-03-14 00:00:00.000,281.4887,63244191.82668233,3924198780.6125,bitcoin,2015,3,14,5,11,1,287.6551285714286,79350486.39790733,4006884445.7357144,259.3440998168808,91896111.26636544,3602308433.8366003,288.0364999999999,293.9203,295.961,287.6551285714286,259.3440998168808
2015-03-15 00:00:00.000,285.2645,32203956.61897762,3977863688.6375,bitcoin,2015,3,15,6,11,1,289.18177142857144,77515255.16802604,4029285700.426786,260.9970031502141,88401382.61279531,3626228916.6300173,281.4887,288.0364999999999,293.9203,289.18177142857144,260.9970031502141
2015-03-16 00:00:00.000,290.0955000000001,60818266.22008967,4046186762.512501,bitcoin,2015,3,16,0,12,1,289.29602857142856,70337558.7528274,4031911499.077143,262.03323315021413,84914143.69517213,3641633660.282767,285.2645,281.4887,288.0364999999999,289.29602857142856,262.03323315021413
2015-03-17 00:00:00.000,284.3491,50540130.74794698,3967004055.1925,bitcoin,2015,3,17,1,12,1,288.4450857142857,59088242.06766595,4021051769.087857,263.7449964835475,79933301.79803911,3666369671.9951835,290.0955000000001,285.2645,281.4887,288.4450857142857,263.7449964835475
2015-03-18 00:00:00.000,255.6062,123648767.77025564,3566978130.845,bitcoin,2015,3,18,2,12,1,282.68011428571424,66210305.16027219,3941746471.794286,264.40120648354747,79755720.55707178,3676392302.3731837,284.3491,290.0955000000001,285.2645,282.68011428571424,264.40120648354747
2015-03-19 00:00:00.000,260.0037,133194355.06279548,3629235646.08,bitcoin,2015,3,19,3,12,1,277.8348857142857,75912713.65654033,3875141454.922143,264.9861031502141,80146573.47438283,3685442501.5618505,255.6062,284.3491,290.0955000000001,277.8348857142857,264.9861031502141
2015-03-20 00:00:00.000,260.9075,59404464.50294682,3642718765.4375,bitcoin,2015,3,20,4,12,1,273.9593142857143,74722018.96424209,3822026547.0453577,265.86222648354743,79166006.56516446,3698526965.561434,260.0037,255.6062,284.3491,273.9593142857143,265.86222648354743
2015-03-21 00:00:00.000,259.4899,54148215.13499707,3623906198.45,bitcoin,2015,3,21,5,12,1,270.81662857142857,73422593.72257276,3779127606.7364283,266.5019298168808,78591077.57550839,3708329622.8741,260.9075,260.0037,255.6062,270.81662857142857,266.5019298168808
2015-03-22 00:00:00.000,267.7980999999999,51503307.06679215,3740905133.6624985,bitcoin,2015,3,22,6,12,1,268.32142857142856,76179643.78654626,3745276384.5971427,267.2924631502141,77625115.40786882,3720253614.8033504,259.4899,260.9075,260.0037,268.32142857142856,267.2924631502141
2015-03-23 00:00:00.000,266.0272,73040649.64393184,3717118257.44,bitcoin,2015,3,23,0,13,1,264.8831,77925698.56138085,3698266598.1582146,268.0218398168808,77921693.85600182,3731325732.487933,267.7980999999999,259.4899,260.9075,264.8831,268.0218398168808
2015-03-24 00:00:00.000,245.1679,153991184.32363835,3426730125.8925,bitcoin,2015,3,24,1,13,1,259.2857857142857,92704420.50076532,3621084608.258214,268.34233648354746,80582050.79779889,3736660003.23685,266.0272,267.7980999999999,259.4899,259.2857857142857,268.34233648354746
2015-03-25 00:00:00.000,246.2715,175875957.5910767,3443109527.925,bitcoin,2015,3,25,2,13,1,257.95225714285715,100165447.6180255,3603389093.5553565,268.61365648354746,84386059.4199492,3741319916.2636003,245.1679,266.0272,267.7980999999999,257.95225714285715,268.61365648354746
2015-03-26 00:00:00.000,247.5595,148675593.25572366,3462026772.6875,bitcoin,2015,3,26,3,13,1,256.1745142857143,102377053.07415807,3579502111.642143,268.90792648354744,87384175.74574552,3746307337.2436833,246.2715,245.1679,266.0272,256.1745142857143,268.90792648354744
2015-03-27 00:00:00.000,247.1476,90325941.05609,3457360133.78,bitcoin,2015,3,27,4,13,1,254.20881428571428,106794406.86746426,3553022307.119643,269.23357981688076,88475553.44577435,3751733501.82135,247.5595,246.2715,245.1679,254.20881428571428,269.23357981688076
2015-03-28 00:00:00.000,252.0497,82125758.55914597,3526137495.545,bitcoin,2015,3,28,5,13,1,253.14592857142856,110791198.7851998,3539055349.5617857,269.76286462446944,89713377.24751656,3759981838.3407907,247.1476,247.5595,246.2715,253.14592857142856,269.76286462446944
2015-03-29 00:00:00.000,241.9136999999999,84472855.7931449,3384336375.9449987,bitcoin,2015,3,29,6,13,1,249.44815714285713,115501134.3175359,3488116955.602143,269.3633512911361,87956255.95023109,3755266965.9687905,252.0497,247.1476,247.5595,249.44815714285713,269.3633512911361
2015-03-30 00:00:00.000,246.5418,96641741.12450412,3449082800.73,bitcoin,2015,3,30,0,14,1,246.66452857142855,118872718.81476052,3449826176.072143,269.12810795780274,88314832.9774924,3752819586.6946244,241.9136999999999,252.0497,247.1476,246.66452857142855,269.12810795780274
2015-03-31 00:00:00.000,243.2692000000001,76545513.49477836,3403299617.6200013,bitcoin,2015,3,31,1,14,1,246.39328571428572,107809051.55349481,3446478960.6046433,268.6468312911361,88929481.41250342,3746914054.1507077,246.5418,241.9136999999999,252.0497,246.39328571428572,268.6468312911361
2015-04-01 00:00:00.000,246.7755,78230800.04911813,3456621444.825,bitcoin,2015,4,1,2,14,2,246.46528571428573,93859743.33321501,3448409234.4474998,267.8739646244694,88415231.79188326,3737074879.135291,243.2692000000001,246.5418,241.9136999999999,246.46528571428573,267.8739646244694
2015-04-02 00:00:00.000,252.341,95206093.35512508,3535619144.775,bitcoin,2015,4,2,3,14,2,247.14835714285712,86221243.34741522,3458922430.46,266.9311912911361,87296936.04039909,3724892741.124791,246.7755,243.2692000000001,246.5418,247.14835714285712,266.9311912911361
2015-04-03 00:00:00.000,253.6226999999999,94243302.2942574,3554522140.4999986,bitcoin,2015,4,3,4,14,2,248.0733714285714,86780866.38143913,3472802717.134286,266.2846379578028,86453248.78397527,3716831684.376541,252.341,246.7755,243.2692000000001,248.0733714285714,266.2846379578028
2015-04-04 00:00:00.000,253.3213,63959131.20365665,3551247974.375,bitcoin,2015,4,4,5,14,2,248.25502857142854,84185633.90208352,3476389928.3957143,265.5678312911361,85300452.54569317,3707795453.8644576,253.6226999999999,252.341,246.7755,248.25502857142854,265.5678312911361
2015-04-05 00:00:00.000,259.7117999999999,82969308.75347461,3641795729.9099984,bitcoin,2015,4,5,6,14,2,250.79761428571425,83970841.46784489,3513169836.1049995,265.1468479578028,85575946.43613473,3702895813.8124576,253.3213,253.6226999999999,252.341,250.79761428571425,265.1468479578028
2015-04-06 00:00:00.000,255.4233,83832524.03554013,3582471422.0625,bitcoin,2015,4,6,0,15,2,252.0664,82140953.31227863,3532225353.438214,264.47480333333334,86701707.41477862,3694482282.1660004,259.7117999999999,253.3213,253.6226999999999,252.0664,264.47480333333334
2015-04-07 00:00:00.000,253.2085,88508043.4273131,3551882233.75,bitcoin,2015,4,7,1,15,2,253.4863,83849886.15978359,3553451441.4567847,263.7624866666667,88150289.68808417,3685509859.7643337,255.4233,259.7117999999999,253.3213,253.4863,263.7624866666667
2015-04-08 00:00:00.000,244.2709,106548662.28337549,3427768044.885,bitcoin,2015,4,8,2,15,2,253.12849999999997,87895295.05039178,3549329527.1796427,262.26166,87999840.39331402,3665508588.861833,253.2085,255.4233,259.7117999999999,253.12849999999997,262.26166
2015-04-09 00:00:00.000,243.2006548544864,93749435.17178354,3413570471.5539427,bitcoin,2015,4,9,3,15,2,251.82273640778376,87687201.02420013,3531894002.4337773,260.69149182848287,86815309.98090424,3644526865.743048,244.2709,253.2085,255.4233,251.82273640778376,260.69149182848287
2015-04-10 00:00:00.000,234.5253,110710603.09814689,3292518276.0975,bitcoin,2015,4,10,4,15,2,249.09453640778378,90039672.56761292,3494464878.9477067,258.6436351618162,88045852.5467754,3616873634.549631,243.2006548544864,244.2709,253.2085,249.09453640778378,258.6436351618162
2015-04-11 00:00:00.000,236.4501,87634999.71721902,3319540687.6575,bitcoin,2015,4,11,5,15,2,246.68436497921235,93421939.49812183,3461363837.988063,256.7279618284829,88791102.6843854,3591009298.6653814,234.5253,243.2006548544864,244.2709,246.68436497921235,256.7279618284829
2015-04-12 00:00:00.000,235.7386,62271722.260468975,3309551885.795,bitcoin,2015,4,12,6,15,2,243.25962212206946,90465141.42769244,3413900431.6859207,254.98469849514953,88608849.18143322,3567510257.506048,236.4501,234.5253,243.2006548544864,243.25962212206946,254.98469849514953
2015-04-13 00:00:00.000,223.9464,87796699.14598,3146530899.9,bitcoin,2015,4,13,0,16,2,238.76292212206948,91031452.15775529,3351623214.2341347,253.06662182848285,89427266.09207648,3541587994.815631,235.7386,236.4501,234.5253,238.76292212206948,253.06662182848285
2015-04-14 00:00:00.000,217.9995,109539415.0915327,3063792222.9375,bitcoin,2015,4,14,1,16,2,233.73306497921234,94035933.82407238,3281896069.832349,250.82445516181622,92005114.70782831,3511118945.9589643,223.9464,235.7386,236.4501,233.73306497921234,250.82445516181622
2015-04-15 00:00:00.000,223.0161,71588917.36395298,3134965194.7125,bitcoin,2015,4,15,2,16,2,230.69666497921233,89041684.54986916,3240067091.2362776,248.58847516181623,92364136.41262375,3480744893.698965,217.9995,223.9464,235.7386,230.69666497921233,248.58847516181623
2015-04-16 00:00:00.000,227.9995,88471192.53868681,3205775569.775,bitcoin,2015,4,16,3,16,2,228.52507142857144,88287649.88799821,3210382105.2678576,246.7101551618162,93628505.13898176,3455370610.8517146,223.0161,217.9995,223.9464,228.52507142857144,246.7101551618162
2015-04-17 00:00:00.000,222.4171382852381,101386584.09915563,3127985665.9882746,bitcoin,2015,4,17,4,16,2,226.7953340407483,86955647.17385659,3186877446.680825,245.60385310465747,92886432.34994508,3440737528.689824,227.9995,223.0161,217.9995,226.7953340407483,245.60385310465747
2015-04-18 00:00:00.000,222.9536999999999,70165374.02114585,3136367731.6949987,bitcoin,2015,4,18,5,16,2,224.86727689789114,84459986.36013184,3160709881.543325,244.36885310465746,90785466.31522344,3424308598.210324,222.4171382852381,227.9995,223.0161,224.86727689789114,244.36885310465746
2015-04-19 00:00:00.000,222.6812,58633108.40665714,3133241391.63,bitcoin,2015,4,19,6,16,2,223.0019340407483,83940184.38101588,3135522668.091182,243.09464310465745,90759754.4453471,3407326019.083407,222.9536999999999,222.4171382852381,227.9995,223.0019340407483,243.09464310465745
2015-04-20 00:00:00.000,224.3086,63561423.223313816,3157115506.425,bitcoin,2015,4,20,0,17,2,223.05367689789117,80478002.10634927,3137034754.737611,241.92193310465748,91073528.048291,3391766329.349241,222.6812,222.9536999999999,222.4171382852381,223.05367689789117,241.92193310465748
2015-04-21 00:00:00.000,234.6867000000001,80763824.9531341,3304071908.9550014,bitcoin,2015,4,21,1,17,2,225.43756261217686,76367203.51514947,3171360424.1686826,240.81821977132415,92048878.64450239,3377205221.858991,224.3086,222.6812,222.9536999999999,225.43756261217686,240.81821977132415
2015-04-22 00:00:00.000,233.7807,72515582.86551493,3292205018.715,bitcoin,2015,4,22,2,17,2,226.9753626121769,76499584.3010869,3193823256.1690392,239.74333643799082,92031376.41855517,3363041447.234824,234.6867000000001,224.3086,222.6812,226.9753626121769,239.74333643799082
2015-04-23 00:00:00.000,235.1735,55130032.39951651,3312571610.275,bitcoin,2015,4,23,3,17,2,228.000219755034,71736561.42406256,3209079833.383325,239.41018977132413,88736004.68775111,3359236163.380907,233.7807,234.6867000000001,224.3086,228.000219755034,239.41018977132413
2015-04-24 00:00:00.000,230.9863,73282646.18860614,3254290910.1525,bitcoin,2015,4,24,4,17,2,229.22438571428572,67721713.15112694,3227123439.6925,238.90068310465747,85316227.64100209,3352942209.4551573,235.1735,233.7807,234.6867000000001,229.22438571428572,238.90068310465747
2015-04-25 00:00:00.000,225.9568,58830426.88734985,3184369639.96,bitcoin,2015,4,25,5,17,2,229.6534,66102434.98915607,3233980855.158929,238.18059310465748,82321388.7620563,3343686971.6975737,230.9863,235.1735,233.7807,229.6534,238.18059310465748
2015-04-26 00:00:00.000,218.5065,96999963.63035092,3080176877.25,bitcoin,2015,4,26,6,17,2,229.0570142857143,71583414.3068266,3226400210.2475004,237.22588977132415,82543856.18119833,3331114196.479907,225.9568,230.9863,235.1735,229.0570142857143,237.22588977132415
2015-04-27 00:00:00.000,228.5712,95409417.4905671,3222813920.04,bitcoin,2015,4,27,0,18,2,229.66595714285717,76133127.77357708,3235785697.9067864,236.4432731046575,82986644.81224568,3321003410.6297407,218.5065,225.9568,230.9863,229.66595714285717,236.4432731046575
2015-04-28 00:00:00.000,225.6422999999999,71643965.12343475,3182408229.6824985,bitcoin,2015,4,28,1,18,2,228.3739,74830290.65504861,3218405172.2964287,235.90089310465748,82559015.12325536,3314272472.4209905,228.5712,218.5065,225.9568,228.3739,235.90089310465748
2015-04-29 00:00:00.000,225.9978,56781693.77813109,3188139664.71,bitcoin,2015,4,29,2,18,2,227.26205714285712,72582592.21399376,3203538693.1528573,235.2160931046575,81230346.87837626,3305574367.8869905,225.6422999999999,228.5712,218.5065,227.26205714285712,235.2160931046575
2015-04-30 00:00:00.000,236.2208,103785827.2593271,3333116826.64,bitcoin,2015,4,30,3,18,2,227.41167142857142,79533420.05110957,3206473724.0621424,234.98114643799082,82138357.33719453,3303234941.5209904,225.9978,225.6422999999999,228.5712,227.41167142857142,234.98114643799082
2015-05-01 00:00:00.000,232.7402999999999,74708330.707501,3284896594.1999984,bitcoin,2015,5,1,4,18,2,227.66224285714284,79737089.26809454,3210845964.640357,234.5133064379908,82020941.69247398,3297510779.83349,236.2208,225.9978,225.6422999999999,227.66224285714284,234.5133064379908
2015-05-02 00:00:00.000,235.1563,61431426.38713984,3319854338.695,bitcoin,2015,5,2,5,18,2,228.97645714285713,80108660.62520741,3230200921.6025,233.9404831046575,80895119.4602078,3290318619.6308236,232.7402999999999,236.2208,225.9978,228.97645714285713,233.9404831046575
2015-05-03 00:00:00.000,239.882,86630763.25450982,3387421698.4,bitcoin,2015,5,3,6,18,2,232.03009999999995,78627346.28580153,3274093038.9096427,233.48245977132413,80641368.15888287,3284748604.894157,235.1563,232.7402999999999,236.2208,232.03009999999995,233.48245977132413
2015-05-04 00:00:00.000,238.9705999999999,84138462.79309112,3375292445.5799985,bitcoin,2015,5,4,0,19,2,233.51572857142855,77017209.90044782,3295875685.4153566,233.00410310465747,81314012.54519735,3278883420.6009903,239.882,235.1563,232.7402999999999,233.51572857142855,233.00410310465747
2015-05-05 00:00:00.000,236.0015000000001,71871894.07356025,3334246892.1125016,bitcoin,2015,5,5,1,19,2,234.99561428571428,77049771.17903718,3317566922.905357,232.21375977132413,80944098.72253355,3268631792.674407,238.9705999999999,239.882,235.1563,234.99561428571428,232.21375977132413
2015-05-06 00:00:00.000,229.8152,70623213.73756033,3246886599.4,bitcoin,2015,5,6,2,19,2,235.54095714285717,79027131.17324136,3325959342.1467857,231.3601564379908,80503788.37926756,3257445631.91899,236.0015000000001,238.9705999999999,239.882,235.54095714285717,231.3601564379908
2015-05-07 00:00:00.000,236.8450000000001,74887945.15831198,3346205371.2500014,bitcoin,2015,5,7,3,19,2,235.63012857142857,74898862.30166776,3327829134.2339287,230.81470643799082,80049785.10363418,3250589736.502324,229.8152,236.0015000000001,238.9705999999999,235.63012857142857,230.81470643799082
2015-05-08 00:00:00.000,243.657,79882346.22687149,3442447010.25,bitcoin,2015,5,8,4,19,2,237.18965714285716,75638007.37586355,3350336336.526786,230.79424310465748,79160907.90175073,3251079035.347824,236.8450000000001,229.8152,236.0015000000001,237.18965714285716,230.79424310465748
2015-05-09 00:00:00.000,241.5321,79529081.71071678,3412425891.825,bitcoin,2015,5,9,5,19,2,238.10048571428572,78223386.70780312,3363560844.116786,230.73862460950792,78686896.11971517,3251040882.6901927,243.657,236.8450000000001,229.8152,238.10048571428572,230.73862460950792
2015-05-10 00:00:00.000,239.5548,67810639.80677219,3384490103.1,bitcoin,2015,5,10,6,19,2,238.05374285714288,75534797.6438406,3363142044.7882147,230.90627460950793,77256897.343336,3254106610.2569423,241.5321,243.657,236.8450000000001,238.05374285714288,230.90627460950793
2015-05-11 00:00:00.000,241.8506,70787411.31238237,3416925739.45,bitcoin,2015,5,11,0,20,2,238.46517142857144,73627504.57516791,3369089658.198215,231.0862912761746,76695311.06317478,3257352778.650026,239.5548,241.5321,243.657,238.46517142857144,231.0862912761746
2015-05-12 00:00:00.000,241.5189000000001,60882937.62553394,3412239398.9250016,bitcoin,2015,5,12,1,20,2,239.25337142857146,72057653.6540213,3380231444.885715,231.27896794284126,76649018.2420103,3260775695.754359,241.8506,239.5548,241.5321,239.25337142857146,231.27896794284126
2015-05-13 00:00:00.000,235.4793,50100818.2870869,3326910420.225,bitcoin,2015,5,13,2,20,2,240.0625285714286,69125882.87538223,3391663419.289286,231.66339794284127,75392488.88004717,3266788346.4318595,241.5189000000001,241.8506,239.5548,240.0625285714286,231.66339794284127
2015-05-14 00:00:00.000,236.704,56975125.501362815,3344213288.0,bitcoin,2015,5,14,3,20,2,240.04238571428573,66566908.63867521,3391378835.9678574,232.2868812761746,73640345.89370818,3276135715.267276,235.4793,241.5189000000001,241.8506,240.04238571428573,232.2868812761746
2015-05-15 00:00:00.000,236.9908,39256136.30427565,3348265270.1,bitcoin,2015,5,15,4,20,2,239.09007142857146,60763164.36401867,3377924301.660714,232.75270460950793,72562586.52505228,3283245717.7801924,236.704,235.4793,241.5189000000001,239.09007142857146,232.75270460950793
2015-05-16 00:00:00.000,235.9781,26856157.04234676,3333957591.325,bitcoin,2015,5,16,5,20,2,238.29664285714287,53238460.839965805,3366714544.446429,233.01865794284126,70508752.00850761,3287518451.831859,236.9908,236.704,235.4793,238.29664285714287,233.01865794284126
2015-05-17 00:00:00.000,236.0847,24401603.48024925,3335463662.775,bitcoin,2015,5,17,6,20,2,237.8009142857143,47037169.936176814,3359710767.2571435,233.4742433333333,67942585.9878774,3294434385.058083,235.9781,236.9908,236.704,237.8009142857143,233.4742433333333
2015-05-18 00:00:00.000,232.4757,33772801.85844162,3284474808.525,bitcoin,2015,5,18,0,21,2,236.46164285714286,41749368.58561385,3340789205.696429,233.79164333333335,66729500.249120586,3299371287.619084,236.0847,235.9781,236.9908,236.46164285714286,233.79164333333335
2015-05-19 00:00:00.000,231.9446000000001,31085021.505248632,3276971294.950001,bitcoin,2015,5,19,1,21,2,235.09388571428573,37492523.42557309,3321465190.8428574,234.10042333333334,65811230.6857403,3304162284.3964167,232.4757,236.0847,235.9781,235.09388571428573,234.10042333333334
2015-05-20 00:00:00.000,234.048,28778007.286285885,3306688656.0,bitcoin,2015,5,20,2,21,2,234.8894142857143,34446407.568315804,3318576367.3821435,234.42507000000003,64651783.48783936,3309148056.048917,231.9446000000001,232.4757,236.0847,234.8894142857143,234.42507000000003
2015-05-21 00:00:00.000,235.4204999999999,27373179.763544746,3326079679.1249986,bitcoin,2015,5,21,3,21,2,234.70605714285713,30217558.177198935,3315985851.8285713,234.44952999999998,62872095.31485306,3309881648.3879166,234.048,231.9446000000001,232.4757,234.70605714285713,234.44952999999998
2015-05-22 00:00:00.000,240.9352,54518478.95936304,3419033119.26,bitcoin,2015,5,22,4,21,2,235.26954285714285,32397892.84221142,3326095544.565715,234.68801333333332,62272191.85131466,3314109251.7394166,235.4204999999999,234.048,231.9446000000001,235.26954285714285,234.68801333333332
2015-05-23 00:00:00.000,239.0329940983288,47757592.65993454,3392690898.43522,bitcoin,2015,5,23,5,21,2,235.70595629976125,35383812.216152534,3334486017.0100317,234.81666313661097,62026443.85999527,3316779894.678091,240.9352,235.4204999999999,234.048,235.70595629976125,234.81666313661097
2015-05-24 00:00:00.000,241.2417000000001,29761665.976133663,3424926508.0275016,bitcoin,2015,5,24,6,21,2,236.44267058547555,36149535.4298503,3347266423.474674,235.15850980327767,60575744.519579515,3322467747.940591,239.0329940983288,240.9352,235.4204999999999,236.44267058547555,235.15850980327767
2015-05-25 00:00:00.000,237.441,30834563.231427405,3371792792.55,bitcoin,2015,5,25,0,22,2,237.15199915690414,35729787.05456256,3359740421.192532,235.54131646994432,59642549.0643821,3328715186.3602576,241.2417000000001,239.0329940983288,240.9352,237.15199915690414,235.54131646994432
2015-05-26 00:00:00.000,237.4971,30268982.762250736,3373426620.6825,bitcoin,2015,5,26,1,22,2,237.94521344261838,35613210.091277145,3373519753.440032,236.17433646994428,57418183.03544543,3338490177.8080072,237.441,241.2417000000001,239.0329940983288,237.94521344261838,236.17433646994428
2015-05-27 00:00:00.000,237.2305,30728765.83133291,3370470121.0375,bitcoin,2015,5,27,2,22,2,238.39985629976124,35891889.88342672,3382631391.3025317,236.46297980327762,55262161.31347095,3343412051.174591,237.4971,237.441,241.2417000000001,238.39985629976124,236.46297980327762
2015-05-28 00:00:00.000,237.4891000000001,26801090.327187903,3374927913.962501,bitcoin,2015,5,28,3,22,2,238.6953705854756,35810162.82109003,3389609710.565032,236.85787313661098,53767398.82026272,3349829373.983924,237.2305,237.4971,237.441,238.6953705854756,236.85787313661098
2015-05-29 00:00:00.000,237.0714,31108417.12996518,3369940317.075,bitcoin,2015,5,29,4,22,2,238.1433991569041,32465868.274033193,3382596453.110032,237.22699313661096,52911622.93199053,3355889395.729424,237.4891000000001,237.2305,237.4971,238.1433991569041,237.22699313661096
2015-05-30 00:00:00.000,233.4572,31403744.863089006,3319341161.04,bitcoin,2015,5,30,5,22,2,237.34685714285715,30129604.303055257,3372117919.196429,237.13487313661096,50498886.85211592,3355430206.876091,237.0714,237.4891000000001,237.2305,237.34685714285715,237.13487313661096
2015-05-31 00:00:00.000,229.6785,23353985.64778831,3266430207.375,bitcoin,2015,5,31,6,22,2,235.69497142857145,29214221.399005923,3349475590.5317864,237.03281313661097,48787075.35012551,3354814660.648591,233.4572,237.0714,237.4891000000001,235.69497142857145,237.03281313661097
2015-06-01 00:00:00.000,223.3178,43602264.82379089,3176729202.67,bitcoin,2015,6,1,0,23,2,233.67737142857143,31038178.76934356,3321609363.4060717,236.63819646994432,48192769.96468054,3350043822.7810907,229.6785,233.4572,237.0714,233.67737142857143,236.63819646994432
2015-06-02 00:00:00.000,225.7387,32062237.05772561,3212024675.365,bitcoin,2015,6,2,1,23,2,231.9976,31294357.9544114,3298551942.6464286,236.166753136611,46373819.091454394,3344197255.346591,223.3178,229.6785,233.4572,231.9976,236.166753136611
2015-06-03 00:00:00.000,225.4831,30472196.11636243,3208477948.985,bitcoin,2015,6,3,2,23,2,230.31940000000003,31257705.137987044,3275410203.7817855,235.71716980327764,44584943.53556344,3338636772.1267576,225.7387,223.3178,229.6785,230.31940000000003,235.71716980327764
2015-06-04 00:00:00.000,224.1748,29003069.45899297,3189861690.38,bitcoin,2015,6,4,3,23,2,228.41735714285713,31572273.58538777,3248972171.8414283,235.32294646994433,43155982.71507786,3333823932.0690074,225.4831,225.7387,223.3178,228.41735714285713,235.32294646994433
2015-06-05 00:00:00.000,224.7413,32252691.587104306,3197922617.155,bitcoin,2015,6,5,4,23,2,226.65591428571432,31735741.36497907,3224398214.71,235.1538164699443,41876965.31006266,3332191799.3275075,224.1748,225.4831,225.7387,226.65591428571432,235.1538164699443
2015-06-06 00:00:00.000,225.2889,18238445.735281847,3205714609.215,bitcoin,2015,6,6,5,23,2,225.4890142857143,29854984.346720908,3208165850.163572,234.76861313661095,39988648.66262832,3327508773.926341,224.7413,224.1748,225.4831,225.4890142857143,234.76861313661095
2015-06-07 00:00:00.000,223.6157,24133822.46700492,3181906060.795,bitcoin,2015,6,7,6,23,2,224.62290000000002,29966389.606608994,3196090972.0807147,234.10056980327764,38130364.53729944,3318824075.611174,225.2889,224.7413,224.1748,224.62290000000002,234.10056980327764
2015-06-08 00:00:00.000,228.7013000000001,40449914.18863471,3254270843.1550016,bitcoin,2015,6,8,0,24,2,225.39197142857145,29516053.801586688,3207168349.2928576,233.6728764699443,36827725.6198967,3313552240.6555076,223.6157,225.2889,224.7413,225.39197142857145,233.6728764699443
2015-06-09 00:00:00.000,229.5263999999999,36746856.38036806,3266011479.8399987,bitcoin,2015,6,9,1,24,2,225.93307142857142,30185285.13339275,3214880749.932143,233.3385964699443,35792266.1723499,3309602953.2135077,228.7013000000001,223.6157,225.2889,225.93307142857142,233.3385964699443
2015-06-10 00:00:00.000,229.0022,29194036.77178708,3258552454.57,bitcoin,2015,6,10,2,24,2,226.4358,30002690.941310555,3222034250.73,232.91031646994432,34405820.354330055,3304323843.717508,229.5263999999999,228.7013000000001,223.6157,226.4358,232.91031646994432
2015-06-11 00:00:00.000,229.9343000000001,28833233.41266869,3271815631.7050014,bitcoin,2015,6,11,3,24,2,227.25858571428574,29978428.648978513,3233741956.6335716,232.52416313661098,33337496.880567886,3299643051.4768414,229.0022,229.5263999999999,228.7013000000001,227.25858571428574,232.52416313661098
2015-06-12 00:00:00.000,230.5181,29722314.84944637,3280122726.235,bitcoin,2015,6,12,4,24,2,228.08384285714286,29616946.25788453,3245484829.3592863,232.35878980327763,32658213.432646528,3298083461.6771746,229.9343000000001,229.0022,229.5263999999999,228.08384285714286,232.35878980327763
2015-06-13 00:00:00.000,232.6301,29012321.272587787,3310175113.435,bitcoin,2015,6,13,5,24,2,229.13258571428574,31156071.33464252,3260407758.533572,232.22299313661097,31726119.95835403,3296948855.8583407,230.5181,229.9343000000001,229.0022,229.13258571428574,232.22299313661097
2015-06-14 00:00:00.000,233.6681,35303170.71466479,3324945178.735,bitcoin,2015,6,14,6,24,2,230.56864285714286,32751692.51287964,3280841918.239286,232.11223646994432,31594354.438700333,3296171519.4795074,232.6301,230.5181,229.9343000000001,230.56864285714286,232.11223646994432
2015-06-15 00:00:00.000,237.2013,46839294.423419096,3375220318.155,bitcoin,2015,6,15,0,25,2,231.78292857142856,33664461.117848836,3298120414.6678576,232.15300980327766,32260459.018069413,3297546943.7071743,233.6681,232.6301,230.5181,231.78292857142856,232.15300980327766
2015-06-16 00:00:00.000,250.4743,96364192.87222852,3564086480.705,bitcoin,2015,6,16,1,25,2,234.7754857142857,42181223.473828904,3340702557.648572,232.63266313661097,34659211.99780206,3305167704.304841,237.2013,233.6681,232.6301,234.7754857142857,232.63266313661097
2015-06-17 00:00:00.000,247.6944000000001,100630046.35212404,3524530310.6400013,bitcoin,2015,6,17,2,25,2,237.44580000000002,52386367.69959133,3378699394.2300005,233.13995313661098,36887786.814258136,3313169554.375341,250.4743,237.2013,233.6681,237.44580000000002,233.13995313661098
2015-06-18 00:00:00.000,248.5519999999999,67360540.67947954,3536733401.1999984,bitcoin,2015,6,18,3,25,2,240.10547142857143,57890268.73770715,3416544789.8721433,233.69353313661097,38096970.7867325,3321828291.250341,247.6944000000001,250.4743,237.2013,240.10547142857143,233.69353313661097
2015-06-19 00:00:00.000,242.9967,60767655.66479779,3457685093.145,bitcoin,2015,6,19,4,25,2,241.88812857142855,62325317.42561451,3441910842.287857,233.99182313661095,39163292.39934957,3326861505.821841,248.5519999999999,247.6944000000001,250.4743,241.88812857142855,233.99182313661095
2015-06-20 00:00:00.000,245.4754,55692672.67481887,3492955382.99,bitcoin,2015,6,20,5,25,2,243.72317142857145,66136796.19736181,3468022309.3671427,234.3269864699443,40107275.496392034,3332424029.284007,242.9967,248.5519999999999,247.6944000000001,243.72317142857145,234.3269864699443
2015-06-21 00:00:00.000,243.9959,26531885.0527446,3488836375.125,bitcoin,2015,6,21,6,25,2,245.19857142857146,64883755.38851606,3491435337.422857,234.42900980327764,39174389.032838084,3334750804.4795074,245.4754,242.9967,248.5519999999999,245.19857142857146,234.42900980327764
2015-06-22 00:00:00.000,247.2790000000001,41166801.74969953,3536683169.6000013,bitcoin,2015,6,22,0,26,2,246.63824285714287,64073399.292270415,3514501459.0578575,234.70387666666667,38954696.00249692,3339550546.851667,243.9959,245.4754,242.9967,246.63824285714287,234.70387666666667
2015-06-23 00:00:00.000,243.8486,37387508.430996,3488498071.6,bitcoin,2015,6,23,1,26,2,245.6917142857143,55648158.65780862,3503703114.9000006,234.79077333333333,39208890.75099233,3341669598.97075,247.2790000000001,243.9959,245.4754,245.6917142857143,234.79077333333333
2015-06-24 00:00:00.000,240.5377000000001,39616260.29622073,3442040366.0175014,bitcoin,2015,6,24,2,26,2,244.6693285714286,46931903.50696529,3491918837.096786,234.89399666666668,39501613.986485444,3344011184.753,243.8486,247.2790000000001,243.9959,244.6693285714286,234.89399666666668
2015-06-25 00:00:00.000,242.4769,34244051.08008979,3470729479.685,bitcoin,2015,6,25,3,26,2,243.80145714285717,42200976.42133819,3482489705.4517865,235.05999000000003,39634116.263746746,3347254613.386417,240.5377000000001,243.8486,247.2790000000001,243.80145714285717,235.05999000000003
2015-06-26 00:00:00.000,242.4819,34005665.062683985,3471728541.2025,bitcoin,2015,6,26,4,26,2,243.72791428571435,38377834.9067505,3484495912.3171434,235.23503666666664,39743346.23812511,3350629894.0585837,242.4769,240.5377000000001,243.8486,243.72791428571435,235.23503666666664
2015-06-27 00:00:00.000,250.621,49080095.21505225,3589074420.225,bitcoin,2015,6,27,5,26,2,244.46300000000002,37433180.9839267,3498227203.3507147,235.67276666666666,40485979.734387256,3357768110.934,242.4819,242.4769,240.5377000000001,244.46300000000002,235.67276666666666
2015-06-28 00:00:00.000,248.3451,40522516.655076645,3557369715.93,bitcoin,2015,6,28,6,26,2,245.0843142857143,39431842.64140271,3508017680.6085715,236.04855666666668,40799783.05189097,3364015757.5625005,250.621,242.4819,242.4769,245.0843142857143,236.04855666666668
2015-06-29 00:00:00.000,256.3038739667178,73197757.00524,3672257830.226641,bitcoin,2015,6,29,0,27,2,246.37358199524542,44007693.392194204,3527385489.2695203,236.81011246555727,42192916.78996267,3375779646.535388,248.3451,250.621,242.4819,246.37358199524542,236.81011246555727
2015-06-30 00:00:00.000,262.4063254601778,99893250.06832576,3760650012.699992,bitcoin,2015,6,30,1,27,2,249.02468563241368,52937085.05466988,3566264337.9980903,237.90103998089654,44744225.603980586,3392253640.0462213,256.3038739667178,248.3451,250.621,249.02468563241368,237.90103998089654
2015-07-01 00:00:00.000,257.5058,68104997.64448473,3691294141.84,bitcoin,2015,7,1,2,27,3,251.44869991812794,57006904.67585045,3601872020.258447,239.04063998089654,45560983.36467038,3409405804.685221,262.4063254601778,256.3038739667178,248.3451,251.44869991812794,239.04063998089654
2015-07-02 00:00:00.000,254.6537509187558,52711167.62687749,3651410104.6425366,bitcoin,2015,7,2,3,27,3,253.18825004937875,59645064.182534404,3627683538.1095243,240.00447501152172,46249281.05030878,3424051985.661139,257.5058,262.4063254601778,256.3038739667178,253.18825004937875,240.00447501152172
2015-07-03 00:00:00.000,255.161,42339288.96608291,3659678537.625,bitcoin,2015,7,3,4,27,3,254.99955004937877,60835581.88301997,3654533537.598453,240.99373834485507,46644850.811966136,3439092005.282472,254.6537509187558,257.5058,262.4063254601778,254.99955004937877,240.99373834485507
2015-07-04 00:00:00.000,260.415,42932957.07889688,3736024266.375,bitcoin,2015,7,4,5,27,3,256.39869290652166,59957419.292140625,3675526372.762738,242.20174501152172,47109180.39929626,3457297424.482306,255.161,254.6537509187558,257.5058,256.39869290652166,242.20174501152172
2015-07-05 00:00:00.000,271.0401208003443,96139966.48557808,3889432509.487961,bitcoin,2015,7,5,6,27,3,259.64083873514227,67902769.26792654,3722963914.6995897,243.74503903819988,49238756.22924539,3480347754.226738,260.415,255.161,254.6537509187558,259.64083873514227,243.74503903819988
2015-07-06 00:00:00.000,268.595,111884711.197357,3855533497.75,bitcoin,2015,7,6,0,28,3,261.396713882754,73429477.00965755,3749146152.917213,245.18857570486657,52360298.411314555,3502008383.844571,271.0401208003443,260.415,255.161,261.396713882754,245.18857570486657
2015-07-07 00:00:00.000,265.3844519614875,64748934.30717278,3810376692.04044,bitcoin,2015,7,7,1,28,3,261.82216052579827,68408860.47234997,3756249964.251563,246.58086743691612,53714135.47265348,3522957404.8860855,268.595,271.0401208003443,260.415,261.82216052579827,246.58086743691612
2015-07-08 00:00:00.000,269.6130164214266,79366281.26047984,3871966451.431392,bitcoin,2015,7,8,2,28,3,263.55176287171633,70017615.27463499,3782060294.19319,247.94459131763037,55011347.70838165,3543547258.495299,265.3844519614875,268.595,271.0401208003443,263.55176287171633,247.94459131763037
2015-07-09 00:00:00.000,268.8928000000001,75940632.19947487,3862503903.2800016,bitcoin,2015,7,9,3,28,3,265.5859127404655,73336110.21357748,3812216551.1413994,249.25680465096366,56317806.90235188,3563430339.2766323,269.6130164214266,265.3844519614875,268.595,265.5859127404655,249.25680465096366
2015-07-10 00:00:00.000,285.0223,113799594.1409435,4095521056.4875,bitcoin,2015,7,10,4,28,3,269.8518127404655,83544725.23855756,3874479768.1217566,251.12414131763035,59137992.14799043,3591329292.673882,268.8928000000001,269.6130164214266,265.3844519614875,269.8518127404655,251.12414131763035
2015-07-11 00:00:00.000,291.8907431569518,114394387.16569844,4195301867.783395,bitcoin,2015,7,11,5,28,3,274.3483474771729,93753500.96524349,3940090854.037242,253.18935608952873,61990030.60642476,3622112167.209829,285.0223,268.8928000000001,269.6130164214266,274.3483474771729,253.18935608952873
2015-07-12 00:00:00.000,310.1915636277567,115546321.240178,4459352692.658084,bitcoin,2015,7,12,6,28,3,279.9414107382318,96525837.35875776,4021508023.0615454,255.84513821045397,64850830.81944914,3661419832.757265,291.8907431569518,285.0223,268.8928000000001,279.9414107382318,255.84513821045397
2015-07-13 00:00:00.000,290.6655,130058766.78659292,4179711756.9,bitcoin,2015,7,13,0,29,3,283.09433930966037,99122131.01436292,4067819202.9401164,257.7796515437873,68219045.66991597,3690404387.539431,310.1915636277567,291.8907431569518,285.0223,283.09433930966037,257.7796515437873
2015-07-14 00:00:00.000,286.6653999999999,74446013.37027897,4122384618.064999,bitcoin,2015,7,14,1,29,3,286.1344747437336,100507428.02337806,4112391763.8007674,259.54622821045393,69523807.09176978,3716985702.1837645,290.6655,310.1915636277567,291.8907431569518,286.1344747437336,259.54622821045393
2015-07-15 00:00:00.000,283.9491880809251,52932167.70111447,4084701354.030234,bitcoin,2015,7,15,2,29,3,288.1824992665191,96731126.08632588,4142782464.172031,261.1044911464848,69726902.86769296,3740635070.0462723,286.6653999999999,290.6655,310.1915636277567,288.1824992665191,261.1044911464848
2015-07-16 00:00:00.000,276.6800999999999,97423601.54430674,3981564979.049999,bitcoin,2015,7,16,3,29,3,289.2949706950905,99800121.70701616,4159791189.2820306,261.97801781315144,69762216.49009557,3754551019.9911056,283.9491880809251,286.6653999999999,290.6655,289.2949706950905,261.97801781315144
2015-07-17 00:00:00.000,278.3728,60573486.78209071,4007009432.32,bitcoin,2015,7,17,4,29,3,288.3450421236619,92196392.0843229,4147146671.543816,263.00063114648475,68426997.83776112,3770633657.3804393,276.6800999999999,283.9491880809251,286.6653999999999,288.3450421236619,263.00063114648475
2015-07-18 00:00:00.000,274.4838999999999,52505422.1849008,3951120257.4274974,bitcoin,2015,7,18,5,29,3,285.8583502440974,83355111.37278037,4112263584.3501167,263.86502781315147,67931827.22127517,3784446552.588022,278.3728,276.6800999999999,283.9491880809251,285.8583502440974,263.86502781315147
2015-07-19 00:00:00.000,272.806179588859,26896009.893020075,3926969933.4822383,bitcoin,2015,7,19,6,29,3,280.5175810956834,70690781.18032923,4036208904.467853,264.8586771327801,66802772.36221591,3800089380.5992637,274.4838999999999,278.3728,276.6800999999999,280.5175810956834,264.8586771327801
2015-07-20 00:00:00.000,277.2454,40729476.38113304,3993823954.025,bitcoin,2015,7,20,0,30,3,278.60042395282625,57929453.97954925,4009653504.057138,265.91767713278006,66303999.152426384,3816784999.6337643,272.806179588859,274.4838999999999,278.3728,278.60042395282625,265.91767713278006
2015-07-21 00:00:00.000,274.9428876558478,43239135.22644978,3961652068.233111,bitcoin,2015,7,21,1,30,3,276.9257793322331,53471328.5304308,3986691711.2240114,266.949243387975,66860907.49154989,3832545522.7373676,277.2454,272.806179588859,274.4838999999999,276.9257793322331,266.949243387975
2015-07-22 00:00:00.000,276.1756000000001,43240737.35047461,3980470592.0700016,bitcoin,2015,7,22,2,30,3,275.8152667492438,52086838.4803394,3971801602.37255,267.912463387975,66930038.67824239,3847338436.8197007,274.9428876558478,277.2454,272.806179588859,275.8152667492438,267.912463387975
2015-07-23 00:00:00.000,275.6135,34164576.518917255,3973299338.7,bitcoin,2015,7,23,3,30,3,275.66289532067236,43049834.90528376,3970620796.6082644,268.971293387975,66822607.61450644,3863498479.056368,276.1756000000001,274.9428876558478,277.2454,275.66289532067236,268.971293387975
2015-07-24 00:00:00.000,288.4447167883336,79396118.75259325,4158911304.540909,bitcoin,2015,7,24,4,30,3,277.10174057614864,45738782.32964126,3992321064.068394,270.5681939475861,68148602.89638552,3887394177.0071483,275.6135,276.1756000000001,274.9428876558478,277.10174057614864,270.5681939475861
2015-07-25 00:00:00.000,288.3881586253327,54859994.56307408,4158095826.323497,bitcoin,2015,7,25,5,30,3,279.08806323691044,46075149.81223744,4021889002.4821086,272.0985692350972,68835801.012485,3910306388.5617642,288.4447167883336,275.6135,276.1756000000001,279.08806323691044,272.0985692350972
2015-07-26 00:00:00.000,291.7037645294952,40248392.33013304,4205901558.4920735,bitcoin,2015,7,26,6,30,3,281.7877182284299,47982633.017539285,4061736377.4835134,273.7392980527471,69043891.92139997,3934778822.471417,288.3881586253327,288.4447167883336,275.6135,281.7877182284299,273.7392980527471
2015-07-27 00:00:00.000,292.6148,63540197.33148093,4219037232.32,bitcoin,2015,7,27,0,31,3,283.9833467998585,51241307.43901757,4093909702.9542274,275.1390913860804,69525895.32528092,3955777582.8745832,291.7037645294952,288.3881586253327,288.4447167883336,283.9833467998585,275.1390913860804
2015-07-28 00:00:00.000,293.9933,63623601.6003042,4238912996.72,bitcoin,2015,7,28,1,31,3,286.7048342775945,54153374.06385391,4133518407.023783,276.660698052747,70295931.49012184,3978495692.23425,292.6148,291.7037645294952,288.3881586253327,286.7048342775945,276.660698052747
2015-07-29 00:00:00.000,288.7194990885924,52624701.46729341,4162873225.658961,bitcoin,2015,7,29,2,31,3,288.49681986167917,55493940.366256595,4159575926.10792,277.7412188901429,69610162.97219029,3994849538.7486606,293.9933,292.6148,291.7037645294952,288.49681986167917,277.7412188901429
2015-07-30 00:00:00.000,286.8366,43880110.29035656,4135724833.44,bitcoin,2015,7,30,3,31,3,290.10011986167916,56881873.7621765,4182779568.2136345,278.55556137480363,67743058.31292464,4007352032.773328,288.7194990885924,293.9933,292.6148,290.10011986167916,278.55556137480363
2015-07-31 00:00:00.000,283.6760591480217,63971590.58757594,4090154891.219836,bitcoin,2015,7,31,4,31,3,289.4188830559203,54678369.738602586,4172957223.453481,279.4279033464043,67605278.07769436,4020647391.085989,286.8366,288.7194990885924,293.9933,289.4188830559203,279.4279033464043
2015-08-01 00:00:00.000,280.7014,53533745.82603215,4047265065.76,bitcoin,2015,8,1,5,31,3,288.3207746808727,54488905.63331089,4157124257.658696,280.29615831577917,67632697.3509995,4033842556.456571,283.6760591480217,286.8366,288.7194990885924,288.3207746808727,280.29615831577917
2015-08-02 00:00:00.000,281.7267,46165536.82286997,4062048251.28,bitcoin,2015,8,2,6,31,3,286.8954797480877,55334211.989416175,4136573785.199828,281.1816816491125,67760238.94622573,4047254880.245071,280.7014,283.6760591480217,286.8366,286.8954797480877,281.1816816491125
2015-08-03 00:00:00.000,281.829870770124,41411646.7104373,4063535808.711956,bitcoin,2015,8,3,0,32,3,285.35477557239113,52172990.47212422,4114359296.112965,281.8955106747833,67709528.60061042,4058171931.656303,281.7267,280.7014,283.6760591480217,285.35477557239113,281.8955106747833
2015-08-04 00:00:00.000,284.2393,48308760.90560098,4098275923.12,bitcoin,2015,8,4,1,32,3,283.9613470009626,49985156.087166615,4094268285.5986795,282.33548331477175,66115155.081277855,4065133378.777371,281.829870770124,281.7267,280.7014,283.9613470009626,282.33548331477175
2015-08-05 00:00:00.000,281.4010623650275,43424335.531163365,4057353077.603912,bitcoin,2015,8,5,2,32,3,282.9158560404533,48670818.096290894,4079193978.7336726,282.76235206027275,63833142.55907141,4071860698.1058345,284.2393,281.829870770124,281.7267,282.9158560404533,282.76235206027275
2015-08-06 00:00:00.000,278.0134,41914107.67785419,4008508406.56,bitcoin,2015,8,6,3,32,3,281.65539889759617,48389960.58021913,4061020203.465101,283.18331699488976,63071981.67142745,4078465088.5898204,281.4010623650275,284.2393,281.829870770124,281.65539889759617,283.18331699488976
2015-08-07 00:00:00.000,278.5088137572824,47637462.16841643,4015651480.278,bitcoin,2015,8,7,4,32,3,280.9172209846334,46056513.66319633,4050376859.0448384,283.47984357275163,62014354.368358664,4083254589.551374,278.0134,281.4010623650275,284.2393,280.9172209846334,283.47984357275163
2015-08-08 00:00:00.000,259.8007283854695,80056216.9967666,3745910822.153053,bitcoin,2015,8,8,5,32,3,277.9314107539862,49845438.11615841,4007326252.8152742,283.17677451893394,62151540.52826839,4079368153.5138087,278.5088137572824,278.0134,281.4010623650275,277.9314107539862,283.17677451893394
2015-08-09 00:00:00.000,264.3384833893257,67863178.91055241,3811337988.900654,bitcoin,2015,8,9,6,32,3,275.4473798096042,52945101.27154161,3971510501.0467963,282.4873139652448,60620326.68725536,4069895384.594247,259.8007283854695,278.5088137572824,278.0134,275.4473798096042,282.4873139652448
2015-08-10 00:00:00.000,263.5782,60783290.21756031,3817350354.96,bitcoin,2015,8,10,0,33,3,272.839998271015,55712478.91541634,3936341150.5108027,281.5435625266798,58833290.12231742,4057297000.833467,264.3384833893257,259.8007283854695,278.5088137572824,272.839998271015,281.5435625266798
2015-08-11 00:00:00.000,269.8668,64124892.99653497,3909600811.62,bitcoin,2015,8,11,1,33,3,270.78678398530076,57971926.35697832,3909387563.1536603,280.19940373908787,57119242.514195986,4038971938.1321974,263.5782,264.3384833893257,259.8007283854695,270.78678398530076,280.19940373908787
2015-08-12 00:00:00.000,267.7126,73043602.38810194,3879202423.705,bitcoin,2015,8,12,2,33,3,268.83128936172534,62203250.19368384,3883937469.7395296,279.4343070724212,55218737.03424629,4028954960.359031,269.8668,263.5782,264.3384833893257,268.83128936172534,279.4343070724212
2015-08-13 00:00:00.000,263.6558186169038,57163446.795025095,3821420843.637938,bitcoin,2015,8,13,3,33,3,266.78020630699734,64381727.21042254,3857210675.036378,278.667321026318,54642651.48173782,4018922834.5447955,267.7126,269.8668,263.5782,266.78020630699734,278.667321026318
2015-08-14 00:00:00.000,265.1281000000001,61280618.55732058,3843674745.142501,bitcoin,2015,8,14,4,33,3,264.8686757702427,66330749.551694565,3832642570.017021,278.0399514236205,54920933.176944695,4010888614.248538,263.6558186169038,267.7126,269.8668,264.8686757702427,278.0399514236205
2015-08-15 00:00:00.000,260.4762322897643,38131976.86865548,3777139796.810643,bitcoin,2015,8,15,5,33,3,264.96517632799913,60341572.390535824,3837103852.1109624,277.499822499946,52944545.687756315,4004074441.507226,265.1281000000001,263.6558186169038,267.7126,264.96517632799913,277.499822499946
2015-08-16 00:00:00.000,257.8158000000001,55868003.65302729,3739450598.7300014,bitcoin,2015,8,16,6,33,3,264.0333644152383,58627975.92517509,3826834224.943726,276.8145891666127,52787696.25012087,3995155813.720893,260.4762322897643,265.1281000000001,263.6558186169038,264.0333644152383,276.8145891666127
2015-08-17 00:00:00.000,257.0634000000001,51730292.4009465,3729475807.200001,bitcoin,2015,8,17,0,34,3,263.10267870095265,57334690.52280169,3814280718.120869,276.2339058332793,52761858.59065572,3987767665.3799763,257.8158000000001,260.4762322897643,265.1281000000001,263.10267870095265,276.2339058332793
2015-08-18 00:00:00.000,253.0766,49833133.79994442,3672268004.3,bitcoin,2015,8,18,1,34,3,260.7040787009526,55293010.63757447,3780376031.3608694,275.5762531803174,53526429.3875532,3979277601.0739017,257.0634000000001,257.8158000000001,260.4762322897643,260.7040787009526,275.5762531803174
2015-08-19 00:00:00.000,225.9602,143390129.28370252,3279919634.095,bitcoin,2015,8,19,2,34,3,254.73945012952404,65342514.47980313,3694764204.2737265,273.8667465136507,56948451.15097218,3955480790.409569,253.0766,257.0634000000001,257.8158000000001,254.73945012952404,273.8667465136507
2015-08-20 00:00:00.000,234.6379,99655604.53121856,3406736999.8375,bitcoin,2015,8,20,3,34,3,250.59403318425208,71412822.72783077,3635523655.1593785,272.5232469251224,58829000.12779781,3936983621.463048,225.9602,253.0766,257.0634000000001,250.59403318425208,272.5232469251224
2015-08-21 00:00:00.000,232.3324000000001,62180213.61240129,3374233144.920001,bitcoin,2015,8,21,4,34,3,245.9089331842521,71541336.307128,3568460569.413307,271.0618069251224,59460316.00319537,3916775706.558048,234.6379,225.9602,253.0766,245.9089331842521,271.0618069251224
2015-08-22 00:00:00.000,229.1488,102329840.28166316,3328896176.08,bitcoin,2015,8,22,5,34,3,241.43358571428575,80712459.6518434,3504425766.4517865,269.51298359178907,61732491.46195356,3895295601.1373816,232.3324000000001,234.6379,225.9602,241.43358571428575,269.51298359178907
2015-08-23 00:00:00.000,227.2453999999999,72465770.66977338,3302029052.6449986,bitcoin,2015,8,23,6,34,3,237.0663857142857,83083569.22566426,3441936974.1539283,267.4730063655113,61501479.85919289,3866732859.407518,229.1488,232.3324000000001,234.6379,237.0663857142857,267.4730063655113
2015-08-24 00:00:00.000,210.0943850637937,139379271.33868462,3053595830.271203,bitcoin,2015,8,24,0,35,3,230.35652643768483,95604851.93105543,3345382691.7355294,264.86321391346,64318789.08504658,3829916192.8724413,227.2453999999999,229.1488,232.3324000000001,230.35652643768483,264.86321391346
2015-08-25 00:00:00.000,221.3282999999999,183422133.0282128,3217665292.1924987,bitcoin,2015,8,25,1,35,3,225.8210550091134,114688994.6779509,3280439447.148743,262.51736509581013,69091247.10831591,3796974983.9957886,210.0943850637937,227.2453999999999,229.1488,225.8210550091134,262.51736509581013
2015-08-26 00:00:00.000,225.2666000000001,144278489.53657845,3275815633.8700013,bitcoin,2015,8,26,2,35,3,225.7219692948277,114815903.28550461,3279853161.4023147,260.2724250958102,71782523.51515248,3765534264.0474553,221.3282999999999,210.0943850637937,227.2453999999999,225.7219692948277,260.2724250958102
2015-08-27 00:00:00.000,222.9704,69900344.06948392,3243160210.6,bitcoin,2015,8,27,3,35,3,224.05518358054198,110565151.79097109,3256485048.654101,257.9049950958102,71991748.26412515,3732342504.5101223,225.2666000000001,221.3282999999999,210.0943850637937,224.05518358054198,257.9049950958102
2015-08-28 00:00:00.000,231.6583,95134718.7554684,3370431355.445,bitcoin,2015,8,28,4,35,3,223.95888358054194,115272938.23998068,3255941935.8719573,256.0029551261904,73408748.84039764,3705927775.50299,222.9704,225.2666000000001,221.3282999999999,223.95888358054194,256.0029551261904
2015-08-29 00:00:00.000,228.4683,56654306.07150725,3324950575.2675,bitcoin,2015,8,29,5,35,3,223.86166929482766,108747861.92424412,3255378278.6130295,254.05734512619043,73834555.366436,3678901966.8972397,231.6583,222.9704,225.2666000000001,223.86166929482766,254.05734512619043
2015-08-30 00:00:00.000,228.0672,54615311.643692665,3319968528.72,bitcoin,2015,8,30,6,35,3,223.9790692948277,106197796.34908974,3257941060.9094577,252.20371648792303,73522679.4016399,3653229088.1472454,228.4683,231.6583,222.9704,223.9790692948277,252.20371648792303
2015-08-31 00:00:00.000,230.0781,58032869.77182835,3350144206.29,bitcoin,2015,8,31,0,36,3,226.8338857142857,94576881.83953883,3300305114.626429,250.51627315458973,73672650.19983311,3629991726.164912,228.0672,228.4683,231.6583,226.8338857142857,250.51627315458973
2015-09-01 00:00:00.000,227.1631,61479340.23891231,3308579439.8025,bitcoin,2015,9,1,1,36,3,227.6674285714286,77156482.86963877,3313292849.999286,248.69748648792304,74183110.31370118,3604876099.115662,230.0781,228.0672,228.4683,227.6674285714286,248.69748648792304
2015-09-02 00:00:00.000,228.6427999999999,47781609.22090014,3331062656.779999,bitcoin,2015,9,2,2,36,3,228.14974285714285,63371214.25311329,3321185281.8435717,246.9245841289189,74395442.39738327,3580460327.384597,227.1631,230.0781,228.0672,228.14974285714285,246.9245841289189
2015-09-03 00:00:00.000,226.5658,43765322.15025832,3301579143.195,bitcoin,2015,9,3,3,36,3,228.66337142857142,59637639.693223916,3329530843.642857,245.0021341289189,74243994.43887186,3553903768.053764,228.6427999999999,227.1631,230.0781,228.66337142857142,245.0021341289189
2015-09-04 00:00:00.000,230.0509,55274502.37627574,3353296684.9425,bitcoin,2015,9,4,4,36,3,228.43374285714282,53943323.06762497,3327083033.571071,243.29046205008464,74639000.0003756,3530435221.6317163,226.5658,228.6427999999999,227.1631,228.43374285714282,243.29046205008464
2015-09-05 00:00:00.000,234.7495,58712579.1018823,3422635972.525,bitcoin,2015,9,5,5,36,3,229.33105714285713,54237362.071964264,3341038090.322143,241.84833205008465,75198949.0478432,3510906140.4972167,230.0509,226.5658,228.6427999999999,229.33105714285713,241.84833205008465
2015-09-06 00:00:00.000,239.1288999999999,70113446.29750317,3487336313.1499987,bitcoin,2015,9,6,6,36,3,230.91129999999998,56451381.308222905,3364947773.8121424,240.53566825817524,75948148.51881276,3493295634.9262834,234.7495,230.0509,226.5658,230.91129999999998,240.53566825817524
2015-09-07 00:00:00.000,240.503,50336412.979991846,3508277386.75,bitcoin,2015,9,7,0,37,3,232.4005714285714,55351887.48081769,3387538228.163571,239.89241064532627,74957488.38492028,3485374520.412848,239.1288999999999,234.7495,230.0509,232.4005714285714,239.89241064532627
2015-09-08 00:00:00.000,243.5587,67754768.56019479,3553698013.0575,bitcoin,2015,9,8,1,37,3,234.7428,56248377.2410009,3422555167.2000003,239.1997511990154,74953874.70657502,3476786521.218076,240.503,239.1288999999999,234.7495,234.7428,239.1997511990154
2015-09-09 00:00:00.000,237.9452,55993048.11643384,3472697170.03,bitcoin,2015,9,9,2,37,3,236.07171428571428,57421439.94036286,3442788669.0928574,238.34531786568206,74794199.9698708,3465298081.720409,243.5587,240.503,239.1288999999999,236.07171428571428,238.34531786568206
2015-09-10 00:00:00.000,238.7763,48531118.883055605,3485799693.18,bitcoin,2015,9,10,3,37,3,237.8160714285714,58102268.045048185,3469105890.519286,237.30896786568206,74274407.49942149,3451171377.7724094,237.9452,243.5587,240.503,237.8160714285714,237.30896786568206
2015-09-11 00:00:00.000,240.0007956438866,44294574.3495357,3504653618.529092,bitcoin,2015,9,11,4,37,3,239.2374850919838,56533706.89837103,3490728309.6030846,236.3852410538116,73316106.56480263,3438686417.5998793,238.7763,237.9452,243.5587,239.2374850919838,236.3852410538116
2015-09-12 00:00:00.000,234.9098,40541222.49556373,3431133648.015,bitcoin,2015,9,12,5,37,3,239.26038509198378,53937798.8117541,3491942263.244513,235.42704043324818,72762032.42148724,3425676844.412448,240.0007956438866,238.7763,237.9452,239.26038509198378,235.42704043324818
2015-09-13 00:00:00.000,230.5048000000001,46253457.40687432,3367623264.420001,bitcoin,2015,9,13,6,37,3,238.02837080626952,50529228.97023569,3474840399.140228,234.27293043324818,72261127.04980569,3409808461.721698,234.9098,240.0007956438866,238.7763,238.02837080626952,234.27293043324818
2015-09-14 00:00:00.000,230.21,52117340.606796384,3364179590.25,bitcoin,2015,9,14,0,38,3,236.55794223484097,50783647.20263634,3454254999.640228,233.26405602358935,72727305.84107706,3396043121.5030103,230.5048000000001,234.9098,240.0007956438866,236.55794223484097,233.26405602358935
2015-09-15 00:00:00.000,229.9118,58562863.20358095,3360764475.475,bitcoin,2015,9,15,1,38,3,234.6083850919838,49470517.86597722,3426693065.6998706,232.333922690256,72817134.49276218,3383420250.7278433,230.21,230.5048000000001,234.9098,234.6083850919838,232.333922690256
2015-09-16 00:00:00.000,228.4640000000001,51089489.85407352,3340446394.8000016,bitcoin,2015,9,16,2,38,3,233.25392794912668,48770009.54278289,3407800097.809871,231.38060935692266,72795774.40786642,3370452603.647843,229.9118,230.21,230.5048000000001,233.25392794912668,231.38060935692266
2015-09-17 00:00:00.000,232.746,54594105.82680428,3403177100.1,bitcoin,2015,9,17,3,38,3,232.39245652055527,49636150.53474699,3395996870.2270136,230.702922690256,72954473.4754284,3361482906.8411765,228.4640000000001,229.9118,230.21,232.39245652055527,230.702922690256
2015-09-18 00:00:00.000,232.354,79606359.72514415,3399002106.7,bitcoin,2015,9,18,4,38,3,231.30005714285718,54680691.30269105,3380903797.1085715,230.91604935692266,70828347.82347646,3365452322.5946765,232.746,228.4640000000001,229.9118,231.30005714285718,230.91604935692266
2015-09-19 00:00:00.000,231.2732999999999,39022087.91012471,3383904198.1124988,bitcoin,2015,9,19,5,38,3,230.78055714285716,54463672.07619976,3374156732.836786,230.80389602358935,68807230.60277334,3364691229.203843,232.354,232.746,228.4640000000001,230.78055714285716,230.80389602358935
2015-09-20 00:00:00.000,230.6597,36477159.2595533,3375670110.545,bitcoin,2015,9,20,6,38,3,230.8026857142857,53067058.05515391,3375306282.283214,230.74813935692268,67950462.12434508,3364739128.0580096,231.2732999999999,232.354,232.746,230.8026857142857,230.74813935692268
2015-09-21 00:00:00.000,226.4528,36795275.81748264,3314850054.32,bitcoin,2015,9,21,0,39,3,230.26594285714285,50878191.65668052,3368259205.721786,230.658272690256,65765976.64220572,3364270923.999343,230.6597,231.2732999999999,232.354,230.26594285714285,230.658272690256
2015-09-22 00:00:00.000,229.8831,71785978.8373853,3365879385.27,bitcoin,2015,9,22,1,39,3,230.26184285714288,52767208.17579542,3368989907.121072,230.74619602358933,65743316.91445945,3366399268.4201765,226.4528,230.6597,231.2732999999999,230.26184285714288,230.74619602358933
2015-09-23 00:00:00.000,229.8658,53526673.23620633,3366614506.8,bitcoin,2015,9,23,2,39,3,230.4621,53115377.23038582,3372728208.835357,231.40524318812953,62881563.644376844,3376833224.3044696,229.8831,226.4528,230.6597,230.4621,231.40524318812953
2015-09-24 00:00:00.000,233.9255,124125639.29530512,3426856523.425,bitcoin,2015,9,24,3,39,3,230.63059999999996,63048453.44017165,3376110983.5960717,231.82514985479622,60905013.85327992,3383806265.345553,229.8658,229.8831,226.4528,230.63059999999996,231.82514985479622
2015-09-25 00:00:00.000,234.9767,115435785.46487305,3443254571.12,bitcoin,2015,9,25,4,39,3,231.00527142857143,68166942.83156149,3382432764.2275,232.14881985479622,59943590.38422307,3389387563.253886,233.9255,229.8658,229.8831,231.00527142857143,232.14881985479622
2015-09-26 00:00:00.000,234.5278999999999,93607431.45305929,3437534062.2749987,bitcoin,2015,9,26,5,39,3,231.47021428571426,75964849.05198072,3390094173.3935723,232.53406985479623,60733826.630342245,3395866691.6430526,234.9767,233.9255,229.8658,231.47021428571426,232.53406985479623
2015-09-27 00:00:00.000,232.8346999999999,75776526.63573742,3413577894.9649987,bitcoin,2015,9,27,6,39,3,231.78092857142855,81579044.3914356,3395509571.167857,232.57328318812955,60088553.559684545,3397304909.6270533,234.5278999999999,234.9767,233.9255,231.78092857142855,232.57328318812955
2015-09-28 00:00:00.000,239.2765,245683532.12691057,3508852288.5125,bitcoin,2015,9,28,0,40,3,233.6128857142857,111420223.86421101,3423224176.0525002,232.93355652146286,66389527.76153133,3403434966.73522,232.8346999999999,234.5278999999999,234.9767,233.6128857142857,232.93355652146286
2015-09-29 00:00:00.000,237.2262,115160470.82095526,3479847405.18,bitcoin,2015,9,29,1,40,3,234.66189999999997,117616579.86186387,3439505321.7539287,233.23885652146288,68407699.73410675,3408764262.6172194,239.2765,232.8346999999999,234.5278999999999,234.66189999999997,233.23885652146288
2015-09-30 00:00:00.000,236.0463,76056339.96172076,3463401139.065,bitcoin,2015,9,30,2,40,3,235.54482857142852,120835103.67979448,3453331983.5060716,233.43779652146287,69008482.07376984,3412539493.7097197,237.2262,239.2765,232.8346999999999,235.54482857142852,233.43779652146287
2015-10-01 00:00:00.000,237.7358,72356986.64595664,3489093808.33,bitcoin,2015,10,1,3,40,4,236.08915714285712,113439581.87274471,3462223024.206786,233.79021985479622,69371070.28733797,3418556639.327303,236.0463,237.2262,239.2765,236.08915714285712,233.79021985479622
2015-10-02 00:00:00.000,237.2592999999999,84448749.0956819,3482919072.1399984,bitcoin,2015,10,2,4,40,4,236.41524285714283,109012862.39143169,3467889381.4953566,234.0774365214629,70593308.28316404,3423618519.839303,237.7358,236.0463,237.2262,236.41524285714283,234.0774365214629
2015-10-03 00:00:00.000,238.9718,73353042.37453015,3508906579.53,bitcoin,2015,10,3,5,40,4,237.05008571428567,106119378.2373561,3478085455.3889284,234.49096985479622,71579565.62397309,3430529434.383803,237.2592999999999,237.7358,236.0463,237.05008571428567,234.49096985479622
2015-10-04 00:00:00.000,238.6566,78899567.08428396,3505203181.935,bitcoin,2015,10,4,6,40,4,237.8817857142857,106565526.87286274,3491174782.098928,234.77782652146288,72367067.7809067,3435592984.283553,238.9718,237.2592999999999,237.7358,237.8817857142857,234.77782652146288
2015-10-05 00:00:00.000,240.3238,107434379.86060315,3530596945.8,bitcoin,2015,10,5,0,41,4,238.0314,86815647.97767599,3494281161.711429,234.96363652146286,73991127.80619739,3439191683.3927197,238.6566,238.9718,237.2592999999999,238.0314,234.96363652146286
2015-10-06 00:00:00.000,246.444,135776679.78278795,3621402163.5,bitcoin,2015,10,6,1,41,4,239.34822857142856,89760820.68650922,3514503270.0428576,235.20747318812954,76179902.25570689,3443660545.071053,240.3238,238.6566,238.9718,239.34822857142856,235.20747318812954
2015-10-07 00:00:00.000,243.2229000000001,121587412.75625242,3574397657.8275013,bitcoin,2015,10,7,2,41,4,240.37345714285715,96265259.6571566,3530359915.580357,235.29813652146288,78554935.58158225,3445864554.10697,246.444,240.3238,238.6566,240.37345714285715,235.29813652146288
2015-10-08 00:00:00.000,242.9008,97564224.99277282,3569664084.28,bitcoin,2015,10,8,3,41,4,241.1113142857143,99866293.70670177,3541869955.001786,235.27620652146288,79548584.12933484,3446396756.4810534,243.2229000000001,246.444,240.3238,241.1113142857143,235.27620652146288
2015-10-09 00:00:00.000,244.2051,109153976.98039408,3588832044.4725,bitcoin,2015,10,9,4,41,4,242.10357142857143,103395611.97594638,3557000379.6207147,235.48486985479622,81320615.09146686,3450267918.96247,242.9008,243.2229000000001,246.444,242.10357142857143,235.48486985479622
2015-10-10 00:00:00.000,245.3209,89165069.70010512,3607756618.6475,bitcoin,2015,10,10,5,41,4,243.01058571428575,105654473.02245708,3571121813.780358,235.70302318812955,82675080.11870185,3454333149.811386,244.2051,242.9008,243.2229000000001,243.01058571428575,235.70302318812955
2015-10-11 00:00:00.000,247.5392,79268221.71546365,3640379548.48,bitcoin,2015,10,11,6,41,4,244.27952857142859,105707137.96976845,3590432723.286786,235.95430333333334,83840868.36423276,3458857347.476417,245.3209,244.2051,242.9008,244.27952857142859,235.95430333333334
2015-10-12 00:00:00.000,245.5661,108125413.61682852,3611362597.2775,bitcoin,2015,10,12,0,42,4,245.02842857142858,105805857.07780065,3601970673.4978576,236.3095133333333,86093674.73494159,3464864979.1185,247.5392,245.3209,244.2051,245.02842857142858,236.3095133333333
2015-10-13 00:00:00.000,249.4051,164455688.10166356,3667819987.0025,bitcoin,2015,10,13,1,42,4,245.45144285714287,109902858.26621144,3608601791.141072,236.93952333333334,90033749.09143457,3474871536.5379167,245.5661,247.5392,245.3209,245.45144285714287,236.93952333333334
2015-10-14 00:00:00.000,252.6956,321865165.91051394,3720285701.44,bitcoin,2015,10,14,2,42,4,246.80468571428568,138513965.85967737,3629442940.228572,237.68904333333333,99025343.26822515,3486741740.24425,249.4051,245.5661,247.5392,246.80468571428568,237.68904333333333
2015-10-15 00:00:00.000,254.6295530746221,207297257.62019613,3749948525.34644,bitcoin,2015,10,15,3,42,4,248.48022186780318,154190113.37788072,3655197860.3809204,238.51296843582074,103983156.41544564,3499714541.9066315,252.6956,249.4051,245.5661,248.48022186780318,238.51296843582074
2015-10-16 00:00:00.000,262.3735,332398256.1656234,3864938757.1125,bitcoin,2015,10,16,4,42,4,251.07570758208888,186082153.2614849,3694641676.4723487,239.64328510248737,113360115.29249732,3517197620.6503816,254.6295530746221,252.6956,249.4051,251.07570758208888,239.64328510248737
2015-10-17 00:00:00.000,270.3646,271593080.8014066,3983558775.515,bitcoin,2015,10,17,5,42,4,254.6533790106603,212143297.70452794,3748327698.881992,240.89723843582075,120593414.45831741,3536543676.497548,262.3735,254.6295530746221,252.6956,254.6533790106603,240.89723843582075
2015-10-18 00:00:00.000,262.2345,116712427.05704656,3864772725.825,bitcoin,2015,10,18,6,42,4,256.7527075820889,217492469.8961827,3780383867.074135,241.8932551024874,121830283.3693808,3552069363.8017144,270.3646,262.3735,254.6295530746221,256.7527075820889,241.8932551024874
2015-10-19 00:00:00.000,264.2094,224715633.9081733,3894955159.095,bitcoin,2015,10,19,0,43,4,259.41603615351744,234148215.65208906,3820897090.1909204,242.9911251024874,128020068.23598243,3569104395.8344646,262.2345,270.3646,262.3735,259.41603615351744,242.9911251024874
2015-10-20 00:00:00.000,270.2663999999999,319017395.23033226,3985078067.999999,bitcoin,2015,10,20,1,43,4,262.39622186780315,256228459.52761316,3866219673.1905627,244.31134843582075,137438076.10167506,3589417994.416298,264.2094,262.2345,270.3646,262.39622186780315,244.31134843582075
2015-10-21 00:00:00.000,267.0187,201630914.8569063,3938178700.69,bitcoin,2015,10,21,2,43,4,264.4423790106603,239052137.94852638,3897347244.511992,245.66354510248738,142932597.4029892,3610195615.961965,270.2663999999999,264.2094,262.2345,264.4423790106603,245.66354510248738
2015-10-22 00:00:00.000,273.5729999999999,229034925.6796039,4035872003.8499994,bitcoin,2015,10,22,3,43,4,267.1485857142857,242157519.09987035,3938193455.726786,247.11987510248738,148174228.96439648,3632528703.2479644,267.0187,270.2663999999999,264.2094,267.1485857142857,247.11987510248738
2015-10-23 00:00:00.000,277.3883999999999,130573069.75416414,4093191773.3699994,bitcoin,2015,10,23,4,43,4,269.2935714285714,213325349.61251903,3970801029.4778566,248.70396176915406,150742442.18166173,3656747945.4669647,273.5729999999999,267.0187,270.2663999999999,269.2935714285714,248.70396176915406
2015-10-24 00:00:00.000,282.9566,168029249.3828648,4176382824.68,bitcoin,2015,10,24,5,43,4,271.09242857142857,198530516.5527273,3998347322.215714,250.33833176915405,152205895.85124704,3681732155.5087976,277.3883999999999,273.5729999999999,267.0187,271.09242857142857,250.33833176915405
2015-10-25 00:00:00.000,284.749,336860319.5875912,4203955930.025,bitcoin,2015,10,25,6,43,4,274.3087857142857,229980215.48566225,4046802065.672857,251.99740843582074,159586713.65533766,3707088867.4722977,282.9566,277.3883999999999,273.5729999999999,274.3087857142857,251.99740843582074
2015-10-26 00:00:00.000,285.5159,221583939.26366532,4215884952.015,bitcoin,2015,10,26,0,44,4,277.35257142857137,229532830.53644684,4092649178.947143,253.69700843582072,163852597.2490245,3733033897.1302977,284.749,282.9566,277.3883999999999,277.35257142857137,253.69700843582072
2015-10-27 00:00:00.000,294.8093999999999,329397533.93903714,4354732830.689999,bitcoin,2015,10,27,1,44,4,280.85871428571426,231015707.49483326,4145457002.1885715,255.76283176915408,172306630.8258012,3764405728.321131,285.5159,284.749,282.9566,280.85871428571426,255.76283176915408
2015-10-28 00:00:00.000,303.6366,387209571.0614479,4486177628.595,bitcoin,2015,10,28,2,44,4,286.0898428571428,257526944.09548205,4223742563.317857,257.90816843582076,177024165.45695245,3796983239.657214,294.8093999999999,285.5159,284.749,286.0898428571428,257.90816843582076
2015-10-29 00:00:00.000,313.9073,543163761.4698877,4639133966.8275,bitcoin,2015,10,29,3,44,4,291.8518857142857,302402492.0655226,4309922843.743215,260.4642051024874,191290941.81191686,3835626125.0454645,303.6366,294.8093999999999,285.5159,291.8518857142857,260.4642051024874
2015-10-30 00:00:00.000,325.8005999999999,843340993.2179483,4816269544.724998,bitcoin,2015,10,30,4,44,4,298.76791428571426,404226481.13177747,4413219668.222499,263.4560151024874,216867096.92045778,3880721738.567465,313.9073,303.6366,294.8093999999999,298.76791428571426,263.4560151024874
2015-10-31 00:00:00.000,312.2783,321997491.79856926,4617510889.9075,bitcoin,2015,10,31,5,44,4,302.9567285714285,426221944.334021,4476237963.255,265.9407651024874,225188447.09221154,3918335641.2867146,325.8005999999999,313.9073,303.6366,302.9567285714285,265.9407651024874
2015-11-01 00:00:00.000,324.9970999999999,582434357.3722049,4806796483.202498,bitcoin,2015,11,1,6,44,4,308.7064571428571,461303949.73182297,4562358042.280356,268.8653584358207,241787967.3680956,3962464888.322131,312.2783,325.8005999999999,313.9073,308.7064571428571,268.8653584358207
2015-11-02 00:00:00.000,350.7678,636690229.0056115,5189223756.42,bitcoin,2015,11,2,0,45,4,318.02815714285714,520604848.2663866,4701406442.909643,272.5918917691541,260565873.58913168,4018475460.8851314,324.9970999999999,312.2783,325.8005999999999,318.02815714285714,272.5918917691541
2015-11-03 00:00:00.000,398.2369,987283928.3196412,5893149469.89,bitcoin,2015,11,3,1,45,4,332.80351428571424,614588618.8921872,4921180248.509643,277.9112351024874,290845352.2969769,4098073670.4836316,350.7678,324.9970999999999,312.2783,332.80351428571424,277.9112351024874
2015-11-04 00:00:00.000,404.3588,984425381.794543,5985308848.63,bitcoin,2015,11,4,2,45,4,347.19239999999996,699905163.2826294,5135341851.371786,283.3790684358207,320078385.69477487,4179897400.5779643,398.2369,350.7678,324.9970999999999,347.19239999999996,283.3790684358207
2015-11-05 00:00:00.000,387.473,913505444.7997164,5736789622.45,bitcoin,2015,11,5,3,45,4,357.7017857142856,752811118.0440334,5292149802.175,288.0800351024874,346002677.8620059,4250410315.876298,404.3588,398.2369,350.7678,357.7017857142856,288.0800351024874
2015-11-06 00:00:00.000,372.8260000000001,770242854.4761926,5521254799.200002,bitcoin,2015,11,6,4,45,4,364.4197,742368526.7952112,5392861981.385715,292.40013843582074,367624525.9193372,4315305553.922048,387.473,404.3588,398.2369,364.4197,292.40013843582074
2015-11-07 00:00:00.000,387.0599999999999,462741972.46864593,5733490750.499998,bitcoin,2015,11,7,5,45,4,375.1028,762474881.1766508,5552287675.756071,297.2054451024873,379797117.50186634,4387433109.462714,372.8260000000001,387.473,404.3588,375.1028,297.2054451024873
2015-11-08 00:00:00.000,371.5020000000001,264157489.62253812,5504396533.200002,bitcoin,2015,11,8,6,45,4,381.74635714285716,717006757.2124127,5651944825.755714,301.44867510248736,384963901.25660443,4451285259.086965,387.0599999999999,372.8260000000001,387.473,381.74635714285716,301.44867510248736
2015-11-09 00:00:00.000,380.6439999999999,420137368.36575645,5641277305.399999,bitcoin,2015,11,9,0,46,4,386.0143857142857,686070634.2638619,5716523904.181429,305.9594451024874,395996311.21212614,4519069281.978715,371.5020000000001,387.0599999999999,372.8260000000001,386.0143857142857,305.9594451024874
2015-11-10 00:00:00.000,336.8729999999999,620473336.3692106,4993780086.524999,bitcoin,2015,11,10,1,46,4,377.2481142857142,633669121.1280862,5588042563.700714,308.9372384358207,414036481.70058435,4564182633.2468815,380.6439999999999,371.5020000000001,387.0599999999999,377.2481142857142,308.9372384358207
2015-11-11 00:00:00.000,305.9829999999999,572707252.5268553,4537161821.449999,bitcoin,2015,11,11,2,46,4,363.19442857142855,574852245.5184165,5381164416.960714,310.9511351024874,429522542.99758524,4595042607.385964,336.8729999999999,380.6439999999999,371.5020000000001,363.19442857142855,310.9511351024874
2015-11-12 00:00:00.000,337.955,546923067.4696827,5012582355.5,bitcoin,2015,11,12,3,46,4,356.12042857142853,522483334.4712688,5277706235.967857,313.9027984358207,442271455.64318585,4639868019.669214,305.9829999999999,336.8729999999999,380.6439999999999,356.12042857142853,313.9027984358207
2015-11-13 00:00:00.000,337.372,414918018.0674208,5005284729.2,bitcoin,2015,11,13,4,46,4,351.0555714285714,471722643.55573,5203996225.967856,316.7253451024873,445373217.38174945,4682701320.594547,337.955,305.9829999999999,336.8729999999999,351.0555714285714,316.7253451024873
2015-11-14 00:00:00.000,331.501,131135195.6401858,4919391964.75,bitcoin,2015,11,14,5,46,4,343.11857142857144,424350246.86595,5087696399.432142,319.28772666666663,442834481.9824158,4721682768.574666,337.372,337.955,305.9829999999999,343.11857142857144,319.28772666666663
2015-11-15 00:00:00.000,320.484,237800138.65869677,4757160338.7,bitcoin,2015,11,15,6,46,4,335.8302857142857,420584911.01397264,4980948371.646428,321.2247433333333,439681211.3988516,4751423487.960917,331.501,337.372,337.955,335.8302857142857,321.2247433333333
2015-11-16 00:00:00.000,331.353,239442892.6065092,4919473733.625,bitcoin,2015,11,16,0,47,4,328.78871428571426,394771414.4769373,4877833575.678572,323.25768999999997,438609538.4590216,4782620653.23125,320.484,331.501,337.372,328.78871428571426,323.25768999999997
2015-11-17 00:00:00.000,335.111,236625919.2712964,4976968038.7,bitcoin,2015,11,17,1,47,4,328.537,339936069.17723525,4875431854.560715,325.68690666666663,442606654.8661633,4819693830.327084,331.353,320.484,331.501,328.537,325.68690666666663
2015-11-18 00:00:00.000,335.447,185981663.2942105,4983266453.2,bitcoin,2015,11,18,2,47,4,332.74614285714284,284689556.42971456,4939161087.667857,328.0614933333333,441315522.51236457,4855970873.463917,335.111,331.353,320.484,332.74614285714284,328.0614933333333
2015-11-19 00:00:00.000,325.5680000000001,206391901.26959464,4837533520.000002,bitcoin,2015,11,19,3,47,4,330.97657142857145,236042246.97255918,4914154111.167857,329.90488,437561339.38034,4884386055.19725,335.447,335.111,331.353,330.97657142857145,329.90488
2015-11-20 00:00:00.000,321.417,123560944.18387257,4777269083.55,bitcoin,2015,11,20,4,47,4,328.69728571428567,194419807.84633797,4881580447.503572,331.7181566666667,434959007.0245722,4912355734.6259165,325.5680000000001,335.447,335.111,328.69728571428567,331.7181566666667
2015-11-21 00:00:00.000,325.159,199949522.188539,4834317690.45,bitcoin,2015,11,21,5,47,4,327.79128571428566,204250425.92467412,4869426979.7464285,333.43769,433989493.57487005,4938970590.845917,321.417,325.5680000000001,335.447,327.79128571428566,333.43769
2015-11-22 00:00:00.000,323.395,167053005.3954258,4809449591.25,bitcoin,2015,11,22,6,47,4,328.20714285714286,194143692.60134974,4876896872.967858,334.9712433333333,435205491.4295787,4962845851.441916,325.159,321.417,325.5680000000001,328.20714285714286,334.9712433333333
2015-11-23 00:00:00.000,322.8290000000001,188739479.4368917,4802404204.000002,bitcoin,2015,11,23,0,48,4,326.98942857142856,186900347.86283296,4860172654.450001,336.3003233333333,435895832.4313796,4983713230.7525835,323.395,325.159,321.417,326.98942857142856,336.3003233333333
2015-11-24 00:00:00.000,319.9789999999999,103800161.9089922,4761183526.824999,bitcoin,2015,11,24,1,48,4,324.8277142857143,167925239.66821808,4829346295.610715,337.47465666666665,428127160.5087597,5002287483.979249,322.8290000000001,323.395,325.159,324.8277142857143,337.47465666666665
2015-11-25 00:00:00.000,328.1689999999999,714595229.5358595,4884311515.724998,bitcoin,2015,11,25,2,48,4,323.788,243441463.41702506,4815209875.971429,338.8964266666666,444560870.18449944,5024568369.43625,319.9789999999999,322.8290000000001,323.395,323.788,338.8964266666666
2015-11-26 00:00:00.000,356.245,1237550807.6515267,5303722123.25,bitcoin,2015,11,26,3,48,4,328.1704285714286,390749878.6144439,4881808247.864286,340.94428,474832645.9749158,5056201345.854917,328.1689999999999,319.9789999999999,322.8290000000001,328.1704285714286,340.94428
2015-11-27 00:00:00.000,359.011,895711315.7104639,5346023825.725,bitcoin,2015,11,27,4,48,4,333.54100000000005,501057074.5468141,4963058925.317857,342.7900933333333,491782704.129883,5084862885.75925,356.245,328.1689999999999,319.9789999999999,333.54100000000005,342.7900933333333
2015-11-28 00:00:00.000,356.212,667783121.7836893,5305804455.9,bitcoin,2015,11,28,5,48,4,337.9771428571429,567890445.9175498,5030414177.525001,344.20025,495936682.8070097,5107085235.395,359.011,356.245,328.1689999999999,337.9771428571429,344.20025
2015-11-29 00:00:00.000,371.4880000000001,921927632.1582325,5534688265.600001,bitcoin,2015,11,29,6,48,4,344.8475714285714,675729678.3122365,5134019702.432143,345.72316333333333,498556237.4383525,5131032526.090834,356.212,359.011,356.245,344.8475714285714,345.72316333333333
2015-11-30 00:00:00.000,378.265,1299027009.4916246,5637217098.625,bitcoin,2015,11,30,0,49,4,352.76699999999994,834342182.6057699,5253278687.3785715,347.92271999999997,531123888.02812105,5165022733.048083,371.4880000000001,356.212,359.011,352.76699999999994,347.92271999999997
2015-12-01 00:00:00.000,363.4499999999999,523072117.506246,5417967322.499998,bitcoin,2015,12,1,1,49,4,358.9771428571429,894238176.2625204,5347104943.903571,349.2044833333333,529145146.6992557,5185395094.358,378.265,371.4880000000001,356.212,358.9771428571429,349.2044833333333
2015-12-02 00:00:00.000,358.8199999999999,1153668371.9578505,5350373990.499998,bitcoin,2015,12,2,2,49,4,363.35585714285713,956962910.8942333,5413685297.442857,349.47289,546377751.4643303,5190766768.827333,363.4499999999999,378.265,371.4880000000001,363.35585714285713,349.47289
2015-12-03 00:00:00.000,360.954,1149814390.1438584,5383466480.7,bitcoin,2015,12,3,3,49,4,364.02857142857147,944429136.9645663,5425077348.507143,348.23012666666665,551795433.5251375,5173777335.854334,358.8199999999999,363.4499999999999,378.265,364.02857142857147,348.23012666666665
2015-12-04 00:00:00.000,362.7669999999999,1039912869.9731772,5411894143.624998,bitcoin,2015,12,4,4,49,4,364.5651428571428,965029359.002097,5434487393.921428,346.8437333333333,553645016.4644254,5154663512.354166,360.954,358.8199999999999,363.4499999999999,364.5651428571428,346.8437333333333
2015-12-05 00:00:00.000,390.645,1426331736.1368082,5829507439.875,bitcoin,2015,12,5,5,49,4,369.4841428571428,1073393446.7668283,5509302105.917856,346.9494666666667,570739226.1756618,5157754106.2683325,362.7669999999999,360.954,358.8199999999999,369.4841428571428,346.9494666666667
2015-12-06 00:00:00.000,394.0109999999999,1512626609.7304864,5881283993.699999,bitcoin,2015,12,6,6,49,4,372.7017142857143,1157779014.9914358,5558815781.360713,347.65563333333336,595485351.3508049,5169755079.418333,390.645,362.7669999999999,360.954,372.7017142857143,347.65563333333336
2015-12-07 00:00:00.000,394.355,1282263557.3988562,5887868033.125,bitcoin,2015,12,7,0,50,4,375.0002857142857,1155384236.1210406,5594623057.717856,347.8988,622802737.5151452,5174900988.839167,394.0109999999999,390.645,362.7669999999999,375.0002857142857,347.8988
2015-12-08 00:00:00.000,412.9300000000001,954462002.2518704,6167016640.750002,bitcoin,2015,12,8,1,50,4,382.0688571428571,1217011362.5132725,5701630103.182142,349.27973333333335,645812887.936123,5196988325.757501,394.355,394.0109999999999,390.645,382.0688571428571,349.27973333333335
2015-12-09 00:00:00.000,417.3679999999999,1528970867.732093,6235070986.199999,bitcoin,2015,12,9,2,50,4,390.43285714285713,1270626004.7667356,5828015388.282143,350.5038666666667,682774004.5816675,5216781448.450833,412.9300000000001,394.355,394.0109999999999,390.43285714285713,350.5038666666667
2015-12-10 00:00:00.000,416.91,1275837073.4425912,6230407267.5,bitcoin,2015,12,10,3,50,4,398.42657142857144,1288629245.2379832,5949006929.2535715,353.17176666666666,704619462.4841136,5258002354.483334,417.3679999999999,412.9300000000001,394.355,398.42657142857144,353.17176666666666
2015-12-11 00:00:00.000,452.4149999999999,1623480958.4502342,6762812523.749998,bitcoin,2015,12,11,4,50,4,411.23342857142853,1371996115.0204198,6141995269.271428,358.0528333333333,739645252.6815594,5332190711.226667,416.91,417.3679999999999,412.9300000000001,411.23342857142853,358.0528333333333
2015-12-12 00:00:00.000,434.903,1745413356.7816703,6502593547.975,bitcoin,2015,12,12,5,50,4,417.556,1417579203.6839716,6238150427.571428,361.2844333333333,779594928.9919591,5381857750.975833,452.4149999999999,416.91,417.3679999999999,417.556,361.2844333333333
2015-12-13 00:00:00.000,435.8150000000001,1484344615.6204193,6517994663.125002,bitcoin,2015,12,13,6,50,4,423.52799999999996,1413538918.811105,6329109094.632143,364.5658666666667,815242482.2437257,5432281415.44,434.903,452.4149999999999,416.91,423.52799999999996,364.5658666666667
2015-12-14 00:00:00.000,443.277,1497157323.940972,6631778541.6,bitcoin,2015,12,14,0,51,4,430.51685714285713,1444238028.3171213,6435382024.414286,368.29173333333335,860776553.1870853,5489360968.001666,435.8150000000001,434.903,452.4149999999999,430.51685714285713,368.29173333333335
2015-12-15 00:00:00.000,464.9989999999999,1555251795.3592968,6958907659.574999,bitcoin,2015,12,15,1,51,4,437.9552857142857,1530065141.6181827,6548509312.817857,373.1089,904691608.4104387,5562752545.364166,443.277,435.8150000000001,434.903,437.9552857142857,373.1089
2015-12-16 00:00:00.000,453.9139999999999,896686369.8324581,6794808883.749998,bitcoin,2015,12,16,2,51,4,443.1761428571428,1439738784.7753773,6628471869.610715,377.19426666666664,926599724.3179703,5625263717.035,464.9989999999999,443.277,435.8150000000001,443.1761428571428,377.19426666666664
2015-12-17 00:00:00.000,456.473,1302614351.2750237,6834975641.85,bitcoin,2015,12,17,3,51,4,448.8279999999999,1443564110.1800106,6714838780.232142,381.2396666666666,962132672.0514278,5687197303.806667,453.9139999999999,464.9989999999999,443.277,448.8279999999999,381.2396666666666
2015-12-18 00:00:00.000,463.816,1135226734.002981,6946908498.6,bitcoin,2015,12,18,4,51,4,450.4567142857143,1373813506.6875458,6741138205.210715,385.5186333333333,993774174.4083868,5752652038.653333,456.473,453.9139999999999,464.9989999999999,450.4567142857143,385.5186333333333
2015-12-19 00:00:00.000,462.0529999999999,556941126.9945824,6922223916.849998,bitcoin,2015,12,19,5,51,4,454.3352857142857,1204031759.575105,6801085400.764287,390.0681333333333,1005459148.5992198,5822141718.548333,463.816,456.473,453.9139999999999,454.3352857142857,390.0681333333333
2015-12-20 00:00:00.000,441.1289999999999,1175787490.6247995,6610549657.724998,bitcoin,2015,12,20,6,51,4,455.0944285714285,1159952170.2900164,6814307542.849999,394.05853333333323,1040533366.8139173,5883251071.020833,462.0529999999999,463.816,456.473,455.0944285714285,394.05853333333323
2015-12-21 00:00:00.000,437.8090000000001,1416880180.0048287,6562505169.825002,bitcoin,2015,12,21,0,52,4,454.31328571428566,1148484006.870567,6804411346.882142,397.8135333333333,1081097722.0744603,5940857320.333333,441.1289999999999,462.0529999999999,463.816,454.31328571428566,397.8135333333333
2015-12-22 00:00:00.000,436.2370000000001,1296402582.2604847,6540512246.925001,bitcoin,2015,12,22,1,52,4,450.2044285714286,1111505547.8564513,6744640573.646429,401.57493333333326,1118742707.9699624,5998559408.855833,437.8090000000001,441.1289999999999,462.0529999999999,450.2044285714286,401.57493333333326
2015-12-23 00:00:00.000,442.821,955949147.6136756,6640942254.9,bitcoin,2015,12,23,2,52,4,448.61971428571434,1119971658.9680536,6722659626.667857,405.5746666666666,1144316363.575855,6059844010.5525,436.2370000000001,437.8090000000001,441.1289999999999,448.61971428571434,405.5746666666666
2015-12-24 00:00:00.000,454.907,1418671442.057204,6823821080.825,bitcoin,2015,12,24,3,52,4,448.396,1136551243.3655078,6721066117.95,410.0722666666667,1188145406.2474623,6128598595.685834,442.821,436.2370000000001,437.8090000000001,448.396,410.0722666666667
2015-12-25 00:00:00.000,455.7419999999999,1058738142.1988856,6838203626.099998,bitcoin,2015,12,25,4,52,4,447.2425714285714,1125624301.6792085,6705536850.45,414.3247,1199616836.669563,6193728332.698334,454.907,442.821,436.2370000000001,447.2425714285714,414.3247
2015-12-26 00:00:00.000,417.092,1725069505.9869354,6260008700.4,bitcoin,2015,12,26,5,52,4,440.81957142857146,1292499784.392402,6610934676.67143,416.3529333333333,1215867459.94741,6225604551.9366665,455.7419999999999,454.907,442.821,440.81957142857146,416.3529333333333
2015-12-27 00:00:00.000,423.925,1378749291.4939413,6364767557.5,bitcoin,2015,12,27,6,52,4,438.3618571428571,1321494327.373708,6575822948.067858,418.5167333333333,1231968725.8068593,6259562676.329166,417.092,455.7419999999999,454.907,438.3618571428571,418.5167333333333
2015-12-28 00:00:00.000,420.708,1310931884.6738522,6318056013.9,bitcoin,2015,12,28,0,53,4,435.9188571428571,1306358856.61214,6540901640.078572,420.66659999999996,1253407017.903198,6293304394.929167,423.925,417.092,455.7419999999999,435.9188571428571,420.66659999999996
2015-12-29 00:00:00.000,432.1540000000001,1176234726.8014364,6491698545.650002,bitcoin,2015,12,29,1,53,4,435.33557142857137,1289192020.11799,6533928254.182143,422.68879999999996,1261883921.0579715,6325204737.5975,420.708,423.925,417.092,435.33557142857137,422.68879999999996
2015-12-30 00:00:00.000,426.811,1227648166.044458,6413208734.625,bitcoin,2015,12,30,2,53,4,433.0484285714286,1328006165.6081016,6501394894.142858,424.30699999999996,1259504626.2763991,6351071125.464167,432.1540000000001,420.708,423.925,433.0484285714286,424.30699999999996
2015-12-31 00:00:00.000,431.139,1310033274.6107447,6479728151.175,bitcoin,2015,12,31,3,53,4,429.65299999999996,1312486427.4014647,6452238761.335714,426.56329999999997,1285736664.846549,6386463153.086667,426.811,432.1540000000001,420.708,429.65299999999996,426.56329999999997
2016-01-01 00:00:00.000,434.4269999999999,1338781510.588827,6530621623.574999,bitcoin,2016,1,1,4,53,1,426.608,1352492622.8857422,6408298475.260714,429.0835333333333,1291907102.800915,6425804740.855833,431.139,426.811,432.1540000000001,426.608,429.0835333333333
2016-01-02 00:00:00.000,434.3260000000001,769869067.6019802,6530688608.250002,bitcoin,2016,1,2,5,53,1,429.07,1216035417.402177,6446967033.525001,431.5292666666667,1279242258.7161858,6464045478.440833,434.4269999999999,431.139,426.811,429.07,431.5292666666667
2016-01-03 00:00:00.000,430.198,984185979.6461836,6470199429.9,bitcoin,2016,1,3,6,53,1,429.9661428571429,1159669229.9953547,6462028729.582143,433.7769666666666,1277384695.7052858,6499322321.316667,434.3260000000001,434.4269999999999,431.139,429.9661428571429,433.7769666666666
2016-01-04 00:00:00.000,433.5339999999999,1021957722.8426228,6522334778.049998,bitcoin,2016,1,4,0,1,1,431.7984285714286,1118387206.8766074,6491211410.175001,435.20660000000004,1263905561.9288132,6522416565.922501,430.198,434.3260000000001,434.4269999999999,431.7984285714286,435.20660000000004
2016-01-05 00:00:00.000,432.115,758209345.881597,6502628563.125,bitcoin,2016,1,5,1,1,1,431.79285714285714,1058669295.3166304,6492772841.242858,436.4767333333333,1238758319.8005168,6543128051.570001,433.5339999999999,430.198,434.3260000000001,431.79285714285714,436.4767333333333
2016-01-06 00:00:00.000,431.3430000000001,833341869.2838143,6492499350.975001,bitcoin,2016,1,6,2,1,1,432.4402857142857,1002339824.3508242,6504100072.150001,437.70966666666664,1223794263.5300155,6563282428.831667,432.115,433.5339999999999,430.198,432.4402857142857,437.70966666666664
2016-01-07 00:00:00.000,456.434,1637948558.2555692,6870164692.05,bitcoin,2016,1,7,3,1,1,436.0538571428571,1049184864.8715134,6559876720.846429,439.1598,1246577148.7301385,6586720697.208333,431.3430000000001,432.115,433.5339999999999,436.0538571428571,439.1598
2016-01-08 00:00:00.000,454.6963000000001,1501742593.9812622,6847658073.555001,bitcoin,2016,1,8,4,1,1,438.9494714285715,1072465019.6418613,6605167642.272143,440.40407666666664,1245669539.6051111,6607140266.786833,456.434,431.3430000000001,432.115,438.9494714285715,440.40407666666664
2016-01-09 00:00:00.000,448.7090000000001,1085553694.1445763,6759240198.750002,bitcoin,2016,1,9,5,1,1,441.0041857142857,1117562823.4336607,6637817869.486428,441.46404333333334,1239326760.2951772,6624768031.161833,454.6963000000001,456.434,431.3430000000001,441.0041857142857,441.46404333333334
2016-01-10 00:00:00.000,447.2069999999999,1361099089.9371536,6738604517.399999,bitcoin,2016,1,10,6,1,1,443.43404285714286,1171407553.4752278,6676161453.415001,441.2904433333333,1230580698.011408,6623961097.616833,448.7090000000001,454.6963000000001,456.434,443.43404285714286,441.2904433333333
2016-01-11 00:00:00.000,448.3490000000001,1182725805.933856,6757695467.600001,bitcoin,2016,1,11,0,2,1,445.5504714285715,1194374422.4882612,6709784409.065001,441.7386433333333,1211824446.3164804,6632464494.937667,447.2069999999999,448.7090000000001,454.6963000000001,445.5504714285715,441.7386433333333
2016-01-12 00:00:00.000,445.792,888588584.7561319,6721027667.2,bitcoin,2016,1,12,1,2,1,447.50432857142863,1213000028.0417664,6740984281.075715,442.07121,1191965911.9543378,6639232261.740168,448.3490000000001,447.2069999999999,448.7090000000001,447.50432857142863,442.07121
2016-01-13 00:00:00.000,432.1200000000001,1584488640.9822843,6516499236.000002,bitcoin,2016,1,13,2,2,1,447.6153285714286,1320306709.7129762,6744412836.079287,441.69930999999997,1194876955.855715,6635389618.220167,445.792,448.3490000000001,447.2069999999999,447.6153285714286,441.69930999999997
2016-01-14 00:00:00.000,429.2429999999999,1266295629.45831,6474583370.174998,bitcoin,2016,1,14,3,2,1,443.7309,1267213434.1705108,6687901218.668571,440.5074433333333,1185245083.6590154,6619245475.240167,432.1200000000001,445.792,448.3490000000001,443.7309,440.5074433333333
2016-01-15 00:00:00.000,365.912,1576734613.7039278,5519407460.2,bitcoin,2016,1,15,4,2,1,431.04742857142855,1277926579.8451772,6498151131.04643,437.57404333333335,1207913358.454731,6576732094.455167,429.2429999999999,432.1200000000001,445.792,431.04742857142855,437.57404333333335
2016-01-16 00:00:00.000,384.813,1710583688.2242782,5806905132.6,bitcoin,2016,1,16,5,2,1,421.9194285714285,1367216578.9994202,6362103264.453572,435.1853766666667,1221512336.3530393,6542463077.480166,365.912,429.2429999999999,432.1200000000001,421.9194285714285,435.1853766666667
2016-01-17 00:00:00.000,386.3560000000001,1476285800.5507712,5830189311.200002,bitcoin,2016,1,17,6,2,1,413.22642857142864,1383671823.3727944,6232329663.567858,432.6033766666667,1232880971.9046323,6505239104.5668335,384.813,365.912,429.2429999999999,413.22642857142864,432.6033766666667
2016-01-18 00:00:00.000,385.1320000000001,1357696058.8206067,5814809590.700002,bitcoin,2016,1,18,0,3,1,404.19542857142864,1408667573.785187,6097631681.153572,430.0393433333333,1259572802.9655,6468325293.695167,386.3560000000001,384.813,365.912,404.19542857142864,430.0393433333333
2016-01-19 00:00:00.000,379.015,1157108220.8545206,5723770825.5,bitcoin,2016,1,19,1,3,1,394.65585714285714,1447027521.7992425,5955166418.053573,427.96887666666674,1258950160.639824,6438765999.287667,385.1320000000001,386.3560000000001,384.813,394.65585714285714,427.96887666666674
2016-01-20 00:00:00.000,418.848,1674254290.1511552,6326929406.4,bitcoin,2016,1,20,2,3,1,392.75985714285713,1459851185.9662242,5928085013.825,427.3368433333334,1267529297.6447017,6430913473.840166,379.015,385.1320000000001,386.3560000000001,392.75985714285713,427.3368433333334
2016-01-21 00:00:00.000,407.8150000000002,1484721462.288631,6161646248.875003,bitcoin,2016,1,21,3,3,1,389.69871428571435,1491054876.3705559,5883379710.782144,426.38944333333336,1273806593.64564,6418284607.2385,418.848,379.015,385.1320000000001,389.69871428571435,426.38944333333336
2016-01-22 00:00:00.000,377.2100000000001,1626853795.9614303,5700897323.250002,bitcoin,2016,1,22,4,3,1,391.3127142857144,1498214759.550199,5909306834.075002,424.20241000000004,1296170081.9238982,6386949776.1835,407.8150000000002,418.848,379.015,391.3127142857144,424.20241000000004
2016-01-23 00:00:00.000,389.6409999999999,755378842.1307422,5889248376.549998,bitcoin,2016,1,23,5,3,1,392.0024285714286,1361756924.3939798,5921070154.639287,422.0268766666667,1274060328.5930161,6355797352.707667,377.2100000000001,407.8150000000002,418.848,392.0024285714286,422.0268766666667
2016-01-24 00:00:00.000,403.0559999999999,1458284443.5169122,6094932220.799998,bitcoin,2016,1,24,6,3,1,394.3881428571429,1359185301.9605713,5958890570.29643,420.2706766666667,1287378538.6369505,6331021639.197667,389.6409999999999,377.2100000000001,407.8150000000002,394.3881428571429,420.2706766666667
2016-01-25 00:00:00.000,392.3260000000001,1332190240.7947457,5934195570.050001,bitcoin,2016,1,25,0,4,1,395.41585714285713,1355541613.6711624,5975945710.203572,419.44514333333336,1274282563.130544,6320161201.519334,403.0559999999999,389.6409999999999,377.2100000000001,395.41585714285713,419.44514333333336
2016-01-26 00:00:00.000,392.4559999999998,1231352757.4795897,5937437389.799997,bitcoin,2016,1,26,1,4,1,397.33599999999996,1366147976.0461724,6006469505.103571,418.3961766666667,1269369345.3300657,6305916862.596,392.3260000000001,403.0559999999999,389.6409999999999,397.33599999999996,418.3961766666667
2016-01-27 00:00:00.000,394.491,1023661369.6216024,5968224752.175,bitcoin,2016,1,27,2,4,1,393.8564285714286,1273206130.2562363,5955225983.071428,417.52227666666664,1259793661.4949906,6294255820.5385,392.4559999999998,392.3260000000001,403.0559999999999,393.8564285714286,417.52227666666664
2016-01-28 00:00:00.000,379.5519999999999,1144817695.5234942,5745544310.399999,bitcoin,2016,1,28,3,4,1,389.8188571428571,1224648449.289788,5895782849.003571,415.7688766666667,1258746427.1190593,6269384012.696834,394.491,392.4559999999998,392.3260000000001,389.8188571428571,415.7688766666667
2016-01-29 00:00:00.000,378.912,1378222858.2537942,5737400248.8,bitcoin,2016,1,29,4,4,1,390.0619999999999,1189129743.902983,5900997552.653571,414.17224333333337,1263765583.526037,6246857063.169333,379.5519999999999,394.491,392.4559999999998,390.0619999999999,414.17224333333337
2016-01-30 00:00:00.000,376.921,926767404.3542868,5709052772.55,bitcoin,2016,1,30,5,4,1,388.24485714285714,1213613824.220632,5875255323.510714,412.3649766666667,1250990054.5174887,6221167883.881834,378.912,379.5519999999999,394.491,388.24485714285714,412.3649766666667
2016-01-31 00:00:00.000,364.352,795209372.712972,5520342696.0,bitcoin,2016,1,31,6,4,1,382.7157142857142,1118888814.1057837,5793171105.682143,410.0291433333333,1232870983.25496,6187491919.6293335,376.921,378.912,379.5519999999999,382.7157142857142,410.0291433333333
2016-02-01 00:00:00.000,371.041,1028395380.8818554,5623172735.125,bitcoin,2016,2,1,0,5,1,379.675,1075489548.403942,5748739272.1214285,407.91964333333334,1241488527.0309558,6157241390.5251665,364.352,376.921,378.912,379.675,407.91964333333334
2016-02-02 00:00:00.000,372.8679999999999,669492000.7292296,5652529732.799998,bitcoin,2016,2,2,1,5,1,376.87671428571423,995223726.0110334,5708038178.264285,406.0086433333334,1230998727.733724,6129985733.955168,371.041,364.352,376.921,376.87671428571423,406.0086433333334
2016-02-03 00:00:00.000,368.124,701511710.5572596,5582278351.5,bitcoin,2016,2,3,2,5,1,373.11,949202346.1446989,5652902978.167857,403.82831,1220317193.9908786,6098650519.736834,372.8679999999999,371.041,364.352,373.11,403.82831
2016-02-04 00:00:00.000,388.3759999999999,1068491901.0833611,5891023099.599998,bitcoin,2016,2,4,3,5,1,374.3705714285714,938298661.2246798,5673685662.339286,402.3703433333333,1230659945.8309376,6078263670.952666,368.124,372.8679999999999,371.041,374.3705714285714,402.3703433333333
2016-02-05 00:00:00.000,385.7330000000001,1099201402.3270342,5852736452.325002,bitcoin,2016,2,5,4,5,1,375.34499999999997,898438453.2351426,5690162262.842857,400.85001000000005,1239521930.2657115,6056938240.997666,388.3759999999999,368.124,372.8679999999999,375.34499999999997,400.85001000000005
2016-02-06 00:00:00.000,374.9049999999999,979578026.003806,5690251854.249998,bitcoin,2016,2,6,5,5,1,375.05699999999996,905982827.7565025,5687476417.3714285,398.13237666666663,1217576245.857319,6017607813.071,385.7330000000001,388.3759999999999,368.124,375.05699999999996,398.13237666666663
2016-02-07 00:00:00.000,375.5170000000002,551083226.5427567,5701239912.875003,bitcoin,2016,2,7,6,5,1,376.65200000000004,871107664.0179005,5713318876.925,395.49306666666666,1185887600.2760358,5979393874.381667,374.9049999999999,385.7330000000001,388.3759999999999,376.65200000000004,395.49306666666666
2016-02-08 00:00:00.000,371.1359999999999,542257471.058673,5636117687.999998,bitcoin,2016,2,8,0,6,1,376.66557142857135,801659391.1860172,5715168155.907143,392.90729999999996,1167777726.1731725,5941956457.3566675,375.5170000000002,374.9049999999999,385.7330000000001,376.66557142857135,392.90729999999996
2016-02-09 00:00:00.000,373.909,465479007.436967,5679902055.4,bitcoin,2016,2,9,1,6,1,376.81428571428575,772514677.8585511,5719078487.707143,390.46403333333336,1137923723.423166,5906666375.29,371.1359999999999,375.5170000000002,374.9049999999999,376.81428571428575,390.46403333333336
2016-02-10 00:00:00.000,379.829,814090887.7056519,5771368714.85,bitcoin,2016,2,10,2,6,1,378.4864285714286,788597417.4511787,5746091396.757143,388.1800333333333,1125635892.8155594,5873788816.865001,373.909,371.1359999999999,375.5170000000002,378.4864285714286,388.1800333333333
2016-02-11 00:00:00.000,377.058,503979335.12027735,5730998806.5,bitcoin,2016,2,11,3,6,1,376.8695714285715,707952765.1707381,5723230783.457144,385.8889,1112815584.4943643,5840787854.841666,379.829,373.909,371.1359999999999,376.8695714285715,385.8889
2016-02-12 00:00:00.000,382.72,658159244.500266,5818750496.0,bitcoin,2016,2,12,4,6,1,376.4391428571429,644946742.6240569,5718375646.839286,384.24223333333333,1081937937.9449637,5817529563.508333,377.058,379.829,373.909,376.4391428571429,384.24223333333333
2016-02-13 00:00:00.000,390.4240000000001,740171994.7251545,5937412022.400002,bitcoin,2016,2,13,5,6,1,378.6561428571428,610745881.012821,5753684242.289286,382.94826666666665,1064400483.4538585,5799623851.915833,382.72,377.058,379.829,378.6561428571428,382.94826666666665
2016-02-14 00:00:00.000,404.1440000000001,1319015072.5724676,6147686974.000002,bitcoin,2016,2,14,6,6,1,382.7457142857143,720450430.4456367,5817462393.8785715,384.22266666666667,1055809832.0828097,5820566502.3758335,390.4240000000001,382.72,377.058,382.7457142857143,384.22266666666667
2016-02-15 00:00:00.000,399.379,1388195099.8471158,6076721221.075,bitcoin,2016,2,15,0,7,1,386.7804285714287,841298663.1297,5880405755.746429,384.7082,1045063545.8035711,5829560371.991667,404.1440000000001,390.4240000000001,382.72,386.7804285714287,384.7082
2016-02-16 00:00:00.000,407.0129999999998,1111797900.4521844,6194279970.374997,bitcoin,2016,2,16,1,7,1,391.5095714285714,933629933.5604454,5953888315.028571,385.3967666666667,1032913949.1336181,5841696727.297501,399.379,404.1440000000001,390.4240000000001,391.5095714285714,385.3967666666667
2016-02-17 00:00:00.000,416.8499999999999,1296165324.1759655,6345582494.999998,bitcoin,2016,2,17,2,7,1,396.79828571428567,1002497710.1990615,6035918855.05,386.45403333333337,1030862924.6454635,5859389157.440833,407.0129999999998,399.379,404.1440000000001,396.79828571428567,386.45403333333337
2016-02-18 00:00:00.000,421.4220000000001,1445224878.5173087,6417045471.750002,bitcoin,2016,2,18,3,7,1,403.13599999999997,1136961359.2557805,6133925521.514285,387.8675999999999,1040466813.234223,5882498312.315833,416.8499999999999,407.0129999999998,399.379,403.13599999999997,387.8675999999999
2016-02-19 00:00:00.000,419.377,601898504.2767404,6387331882.925,bitcoin,2016,2,19,4,7,1,408.3727142857143,1128924110.6524196,6215151433.932143,387.8852333333333,1004721620.3717426,5884511728.2,421.4220000000001,416.8499999999999,407.0129999999998,408.3727142857143,387.8852333333333
2016-02-20 00:00:00.000,441.1199999999998,1385245439.8751278,6720209555.999997,bitcoin,2016,2,20,5,7,1,415.61499999999995,1221077459.9595587,6326979653.017858,388.9954,1001405752.957959,5903130505.104167,419.377,421.4220000000001,416.8499999999999,415.61499999999995,388.9954
2016-02-21 00:00:00.000,438.6499999999999,1506908216.5909653,6684028071.249998,bitcoin,2016,2,21,6,7,1,420.5444285714285,1247919337.676487,6403599809.767856,391.04339999999996,997407566.9789436,5935901530.0375,441.1199999999998,419.377,421.4220000000001,420.5444285714285,391.04339999999996
2016-02-22 00:00:00.000,437.8029999999999,1166708341.42039,6672478907.474998,bitcoin,2016,2,22,0,8,1,426.0335714285714,1216278372.1869547,6488708050.682141,392.6488,1011118550.2885985,5962009214.401667,438.6499999999999,441.1199999999998,419.377,426.0335714285714,392.6488
2016-02-23 00:00:00.000,420.3020000000001,1465084346.963302,6407178255.950002,bitcoin,2016,2,23,1,8,1,427.93199999999996,1266747864.5456855,6519122091.478571,393.22366666666665,1011345213.7368115,5972417415.573333,437.8029999999999,438.6499999999999,441.1199999999998,427.93199999999996,393.22366666666665
2016-02-24 00:00:00.000,423.1870000000001,1457408415.8942337,6452416826.400002,bitcoin,2016,2,24,2,8,1,428.8372857142857,1289782591.9340096,6534384138.821428,394.25236666666666,1015519152.9067944,5989691457.451667,420.3020000000001,437.8029999999999,438.6499999999999,428.8372857142857,394.25236666666666
2016-02-25 00:00:00.000,423.142,1416389937.2195773,6453391534.75,bitcoin,2016,2,25,3,8,1,429.083,1285663314.6057622,6539576433.535714,395.27523333333335,1021687058.8981272,6006889928.95,423.1870000000001,420.3020000000001,437.8029999999999,429.083,395.27523333333335
2016-02-26 00:00:00.000,427.029,58325277.64245085,6514156583.4,bitcoin,2016,2,26,4,8,1,430.1761428571428,1208009996.5151496,6557694247.889285,396.3598333333333,989509189.165489,6025087656.6575,423.142,423.1870000000001,420.3020000000001,430.1761428571428,396.3598333333333
2016-02-27 00:00:00.000,432.1390000000001,595150632.3741599,6593663289.800001,bitcoin,2016,2,27,5,8,1,428.8931428571429,1095139309.729297,6539616209.860716,398.1127333333333,971186953.7271779,6053358289.304167,427.029,423.142,423.1870000000001,428.8931428571429,398.1127333333333
2016-02-28 00:00:00.000,432.7970000000001,546124185.8661692,6605163875.275002,bitcoin,2016,2,28,6,8,1,428.0570000000001,957884448.1971833,6528349896.150001,399.9089,943450331.314257,6082283743.5199995,432.1390000000001,427.029,423.142,428.0570000000001,399.9089
2016-02-29 00:00:00.000,436.919,1847224330.8996885,6669535766.075,bitcoin,2016,2,29,0,9,1,427.9307142857143,1055101018.1227973,6527929447.378572,401.9088333333333,974132228.8657703,6114299843.304167,432.7970000000001,432.1390000000001,427.029,427.9307142857143,401.9088333333333
2016-03-01 00:00:00.000,431.371,2515777833.930286,6586086153.8,bitcoin,2016,3,1,1,9,1,429.51200000000006,1205200087.6895092,6553487718.5,404.1428,1031484510.9063475,6149824625.230833,436.919,432.7970000000001,432.1390000000001,429.51200000000006,404.1428
2016-03-02 00:00:00.000,424.485,2052408228.7895236,6482862265.5,bitcoin,2016,3,2,2,9,1,429.69742857142865,1290200060.960265,6557837066.942858,405.92426666666665,1065618272.5032697,6178480942.91,431.371,436.919,432.7970000000001,429.69742857142865,405.92426666666665
2016-03-03 00:00:00.000,420.1709999999999,2737847218.462073,6418406144.699999,bitcoin,2016,3,3,3,9,1,429.273,1478979672.5663357,6552839154.078572,407.5010333333333,1134563446.427698,6204010156.64,424.485,431.371,436.919,429.273,407.5010333333333
2016-03-04 00:00:00.000,409.408,2408874554.407219,6255529065.6,bitcoin,2016,3,4,4,9,1,426.7557142857143,1814772426.389874,6515892365.821429,408.8771666666666,1191475541.2226968,6226451847.110001,420.1709999999999,424.485,431.371,426.7557142857143,408.8771666666666
2016-03-05 00:00:00.000,397.2410000000001,2766255766.6448894,6071173237.350001,bitcoin,2016,3,5,5,9,1,421.7702857142857,2124930302.714264,6441250929.757143,409.17266666666666,1248067670.0747473,6232456851.701667,409.408,420.1709999999999,424.485,421.7702857142857,409.17266666666666
2016-03-06 00:00:00.000,404.912,2521764887.178534,6189869498.4,bitcoin,2016,3,6,6,9,1,417.78671428571425,2407164688.61603,6381923161.632143,409.8119666666666,1295486452.9031305,6243694619.904166,397.2410000000001,409.408,420.1709999999999,417.78671428571425,409.8119666666666
2016-03-07 00:00:00.000,413.74,2361080396.000645,6326260439.5,bitcoin,2016,3,7,0,10,1,414.47542857142855,2480572697.9161673,6332883829.264285,411.1064666666667,1341536531.9030256,6264894906.079166,404.912,397.2410000000001,409.408,414.47542857142855,411.1064666666667
2016-03-08 00:00:00.000,411.8770000000001,1845168034.2779825,6299329213.400002,bitcoin,2016,3,8,1,10,1,411.6905714285714,2384771297.965838,6291918552.064286,412.31846666666667,1384672692.1608663,6284831216.096666,413.74,404.912,397.2410000000001,411.6905714285714,412.31846666666667
2016-03-09 00:00:00.000,412.3190000000001,1705210742.922722,6307800373.650002,bitcoin,2016,3,9,2,10,1,409.9525714285715,2335171657.1277237,6266909710.371429,413.69123333333334,1423437801.2230012,6307220638.951666,411.8770000000001,413.74,404.912,409.9525714285715,413.69123333333334
2016-03-10 00:00:00.000,416.2920000000001,2166212980.4221253,6370256293.500002,bitcoin,2016,3,10,3,10,1,409.3984285714286,2253509623.122017,6260031160.200002,415.10400000000004,1480128933.6558397,6330232446.888333,412.3190000000001,411.8770000000001,413.74,409.3984285714286,415.10400000000004
2016-03-11 00:00:00.000,419.299,2440375016.827296,6417916283.7,bitcoin,2016,3,11,4,10,1,410.8114285714286,2258009689.182028,6283229334.214287,416.41966666666667,1534338404.6265614,6351784032.516666,416.2920000000001,412.3190000000001,411.8770000000001,410.8114285714286,416.41966666666667
2016-03-12 00:00:00.000,410.8010000000001,2292018374.44364,6289332499.925001,bitcoin,2016,3,12,5,10,1,412.74857142857144,2190261490.296135,6314394943.153573,417.54443333333336,1593939705.9373403,6370395155.630833,419.299,416.2920000000001,412.3190000000001,412.74857142857144,417.54443333333336
2016-03-13 00:00:00.000,412.4949999999999,1845648236.2910595,6316587496.874998,bitcoin,2016,3,13,6,10,1,413.8318571428572,2093673397.31221,6332497514.364286,418.53693333333337,1633522672.3303666,6386989722.326666,410.8010000000001,419.299,416.2920000000001,413.8318571428572,418.53693333333337
2016-03-14 00:00:00.000,414.585,1803876534.2741227,6350177715.75,bitcoin,2016,3,14,0,11,1,413.95257142857145,2014072845.636993,6335914268.114286,419.3423,1668979490.315332,6400748578.771667,412.4949999999999,410.8010000000001,419.299,413.95257142857145,419.3423
2016-03-15 00:00:00.000,415.6410000000001,2111129338.3052552,6367983805.875002,bitcoin,2016,3,15,1,11,1,414.49028571428573,2052067317.6408887,6345722067.039287,419.7255333333333,1695383299.173092,6408091806.500834,414.585,412.4949999999999,410.8010000000001,414.49028571428573,419.7255333333333
2016-03-16 00:00:00.000,416.5440000000001,1895643174.07286,6383495145.600001,bitcoin,2016,3,16,2,11,1,415.0938571428572,2079271950.662337,6356535605.889287,420.2977,1712298234.9806166,6418317603.985,415.6410000000001,414.585,412.4949999999999,415.0938571428572,420.2977
2016-03-17 00:00:00.000,418.4000000000001,1743173852.731032,6413413020.000002,bitcoin,2016,3,17,3,11,1,415.39500000000004,2018837789.5636094,6362700852.532144,420.67726666666664,1733344100.0565782,6425622038.9725,416.5440000000001,415.6410000000001,414.585,415.39500000000004,420.67726666666664
2016-03-18 00:00:00.000,408.28,2438769296.167774,6259667304.0,bitcoin,2016,3,18,4,11,1,413.82085714285716,2018608400.8979633,6340093855.432144,420.3916,1771430899.1229718,6422758199.2725,418.4000000000001,416.5440000000001,415.6410000000001,413.82085714285716,420.3916
2016-03-19 00:00:00.000,406.7389999999999,1764836350.22334,6237403575.849998,bitcoin,2016,3,19,5,11,1,413.24057142857146,1943296683.1522064,6332675437.707144,419.9021666666667,1782084614.8465059,6416770136.075833,408.28,418.4000000000001,416.5440000000001,413.24057142857146,419.9021666666667
2016-03-20 00:00:00.000,411.8820000000001,1440329762.2947476,6317806512.750002,bitcoin,2016,3,20,6,11,1,413.1530000000001,1885394044.009876,6332849582.832144,419.6523333333334,1810032323.4471064,6414452623.736667,406.7389999999999,408.28,418.4000000000001,413.1530000000001,419.6523333333334
2016-03-21 00:00:00.000,411.091,2250456009.66558,6307102003.85,bitcoin,2016,3,21,0,12,1,412.6538571428572,1949191111.9229414,6326695909.703573,418.65136666666666,1838872675.773455,6400682371.998334,411.8820000000001,406.7389999999999,408.28,412.6538571428572,418.65136666666666
2016-03-22 00:00:00.000,416.36,2041042449.9845452,6389481378.0,bitcoin,2016,3,22,1,12,1,412.7565714285715,1939178699.305697,6329766991.435716,417.90836666666667,1856677150.2199073,6390864148.89,411.091,411.8820000000001,406.7389999999999,412.7565714285715,417.90836666666667
2016-03-23 00:00:00.000,418.076,1985257305.3708296,6417382984.8,bitcoin,2016,3,23,2,12,1,412.97542857142855,1951980718.0625496,6334608111.321428,417.2508,1883962115.684922,6382360951.4675,416.36,411.091,411.8820000000001,412.97542857142855,417.2508
2016-03-24 00:00:00.000,414.8829999999999,2021330255.0508976,6369854280.124998,bitcoin,2016,3,24,3,12,1,412.47299999999996,1991717346.9653876,6328385434.196428,417.0701666666667,1902503645.9545085,6381116818.940001,418.076,416.36,411.091,412.47299999999996,417.0701666666667
2016-03-25 00:00:00.000,415.743,1933831281.7491696,6384534070.275,bitcoin,2016,3,25,4,12,1,413.5391428571429,1919583344.905587,6346223543.664286,416.8220333333333,1918384408.149673,6378854060.4025,414.8829999999999,418.076,416.36,413.5391428571429,416.8220333333333
2016-03-26 00:00:00.000,416.7149999999999,1604214632.4064963,6401148697.124998,bitcoin,2016,3,26,5,12,1,414.9642857142857,1896637385.2174664,6369615703.846429,416.6078,1924645231.3225706,6377112632.4816675,415.743,414.8829999999999,418.076,414.9642857142857,416.6078
2016-03-27 00:00:00.000,425.349,2326287423.8189363,6535264076.775,bitcoin,2016,3,27,6,12,1,416.8881428571429,2023202765.4352078,6400681070.135714,416.5518,2000243969.528453,6377816215.594167,416.7149999999999,415.743,414.8829999999999,416.8881428571429,416.5518
2016-03-28 00:00:00.000,422.756,2155194925.8853908,6497115017.1,bitcoin,2016,3,28,0,13,1,418.5545714285714,2009594039.1808949,6427825786.314285,416.23903333333334,2052245445.9788277,6374597939.8375,425.349,416.7149999999999,415.743,418.5545714285714,416.23903333333334
2016-03-29 00:00:00.000,415.5470000000001,2681866388.8263345,6388027423.525002,bitcoin,2016,3,29,1,13,1,418.4384285714286,2101140316.1582935,6427618078.532144,415.66403333333335,2123436852.7441666,6367360058.112501,422.756,425.349,416.7149999999999,418.4384285714286,415.66403333333335
2016-03-30 00:00:00.000,412.597,2387281658.2325406,6344204936.175,bitcoin,2016,3,30,2,13,1,417.6557142857143,2158572366.5671096,6417164071.585714,414.8533,2141438763.6552615,6356515697.115833,415.5470000000001,422.756,425.349,417.6557142857143,414.8533
2016-03-31 00:00:00.000,415.366,1432304098.828801,6388090244.55,bitcoin,2016,3,31,3,13,1,417.72471428571436,2074425772.8210957,6419769209.360715,414.3198,2105322972.485212,6349915833.474168,412.597,415.5470000000001,422.756,417.72471428571436,414.3198
2016-04-01 00:00:00.000,416.754,447338222.9775492,6410999713.95,bitcoin,2016,4,1,4,13,2,417.86914285714283,1862069621.5680068,6423550015.599999,414.06210000000004,2051820638.958146,6347520415.089168,415.366,412.597,415.5470000000001,417.86914285714283,414.06210000000004
2016-04-02 00:00:00.000,419.6700000000001,633704453.9853791,6457346880.750002,bitcoin,2016,4,2,5,13,2,418.2912857142857,1723425310.3649902,6431578327.54643,414.04540000000003,1981682546.808923,6348818439.6241665,416.754,415.366,412.597,418.2912857142857,414.04540000000003
2016-04-03 00:00:00.000,418.1850000000001,429476810.3973782,6435354873.375002,bitcoin,2016,4,3,6,13,2,417.26785714285717,1452452365.590482,6417305584.203573,414.3379666666667,1915702622.008595,6354812633.216666,419.6700000000001,416.754,415.366,417.26785714285717,414.3379666666667
2016-04-04 00:00:00.000,419.437,525611739.8271151,6456959980.95,bitcoin,2016,4,4,0,14,2,416.7937142857143,1219654767.582157,6411569150.467858,415.07783333333333,1841014487.781336,6367672191.336667,418.1850000000001,419.6700000000001,416.754,416.7937142857143,415.07783333333333
2016-04-05 00:00:00.000,422.651,541558101.3329905,6508054061.925,bitcoin,2016,4,5,1,14,2,417.8085714285715,913896440.7973934,6428715813.09643,415.6691333333334,1775007594.919818,6378278343.454166,419.437,418.1850000000001,419.6700000000001,417.8085714285715,415.6691333333334
2016-04-06 00:00:00.000,421.656,527136257.7088257,6494387877.599999,bitcoin,2016,4,6,2,14,2,419.1027142857143,648161383.5797198,6450170519.014287,415.933,1713876123.6434238,6383882591.390834,422.651,419.437,418.1850000000001,419.1027142857143,415.933
2016-04-07 00:00:00.000,421.076,593936633.4999853,6486917898.7,bitcoin,2016,4,7,3,14,2,419.9184285714286,528394602.81846046,6464288755.321428,416.23963333333336,1672168410.2841573,6390135547.567501,421.656,422.651,419.437,419.9184285714286,416.23963333333336
2016-04-08 00:00:00.000,418.4740000000001,727873660.8959363,6448380946.350001,bitcoin,2016,4,8,4,14,2,420.1641428571429,568471093.9496586,6469628931.378572,416.4448,1639590507.549931,6394821566.657501,421.076,421.656,422.651,420.1641428571429,416.4448
2016-04-09 00:00:00.000,416.145,791269617.2927799,6413012926.125,bitcoin,2016,4,9,5,14,2,419.6605714285715,590980402.9935731,6463295509.289287,416.4399,1593759062.1122863,6396246787.745001,418.4740000000001,421.076,421.656,419.6605714285715,416.4399
2016-04-10 00:00:00.000,421.133,484836963.8386498,6492839084.15,bitcoin,2016,4,10,6,14,2,420.0817142857143,598888996.342326,6471507539.400001,416.50103333333334,1528574460.3459978,6398744214.426667,416.145,418.4740000000001,421.076,420.0817142857143,416.50103333333334
2016-04-11 00:00:00.000,422.5840000000001,710470936.9100323,6516847462.200002,bitcoin,2016,4,11,0,15,2,420.5312857142858,625297453.0684572,6480062893.864286,416.8938,1475856212.428211,6406328046.502501,421.133,416.145,418.4740000000001,420.5312857142858,416.8938
2016-04-12 00:00:00.000,426.181,1182165394.173999,6573884543.1,bitcoin,2016,4,12,1,15,2,421.0355714285715,716812780.6171726,6489467248.317858,417.3500000000001,1453740117.690976,6414904614.710001,422.5840000000001,421.133,416.145,421.0355714285715,417.3500000000001
2016-04-13 00:00:00.000,424.26900000000006,785800595.966394,6546120648.075002,bitcoin,2016,4,13,2,15,2,421.40885714285713,753764828.9396822,6496857644.1,417.67280000000005,1419804253.0807183,6421436045.787501,426.181,422.5840000000001,421.133,421.40885714285713,417.67280000000005
2016-04-14 00:00:00.000,424.932,616490737.7752148,6558071165.7,bitcoin,2016,4,14,3,15,2,421.9597142857143,756986843.8361437,6507022396.528572,417.9825,1369982966.3963835,6427772291.115001,424.26900000000006,426.181,422.5840000000001,421.9597142857143,417.9825
2016-04-15 00:00:00.000,429.966,841700526.6271452,6637309897.95,bitcoin,2016,4,15,4,15,2,423.6014285714286,773247824.6548878,6534012246.757143,418.42990000000003,1334851544.8148599,6436232782.860001,424.932,424.26900000000006,426.181,423.6014285714286,418.42990000000003
2016-04-16 00:00:00.000,430.941,743886906.6097462,6653836775.25,bitcoin,2016,4,16,5,15,2,425.71514285714284,766478865.9858831,6568415653.775001,418.8479333333334,1301541979.9441502,6444246908.035001,429.966,424.932,424.26900000000006,425.71514285714284,418.8479333333334
2016-04-17 00:00:00.000,428.027,528907575.42346233,6610502491.375,bitcoin,2016,4,17,6,15,2,426.7,772774667.6408561,6585224711.950002,419.50616666666673,1237879922.5860064,6455941414.280834,430.941,429.966,424.932,426.7,419.50616666666673
2016-04-18 00:00:00.000,428.5059999999998,549297574.322777,6619389285.599997,bitcoin,2016,4,18,0,16,2,427.54599999999994,749749901.5569627,6599873543.864285,420.23173333333335,1197361963.389321,6468674271.272501,428.027,430.941,429.966,427.54599999999994,420.23173333333335
2016-04-19 00:00:00.000,436.37,674540887.3072404,6742483781.0,bitcoin,2016,4,19,1,16,2,429.00157142857137,677232114.8617114,6623959149.278571,421.04799999999994,1171835667.5564039,6482830180.214168,428.5059999999998,428.027,430.941,429.00157142857137,421.04799999999994
2016-04-20 00:00:00.000,441.916,1101674781.4135215,6830010642.2,bitcoin,2016,4,20,2,16,2,431.52257142857144,722356998.4970154,6664514862.725,422.07550000000003,1133542959.948002,6500260468.159166,436.37,428.5059999999998,428.027,431.52257142857144,422.07550000000003
2016-04-21 00:00:00.000,451.0830000000002,1340299673.3017693,6973348482.375003,bitcoin,2016,4,21,3,16,2,435.2584285714285,825758275.0008088,6723840193.678572,423.2329333333334,1110184867.3919096,6519722704.971666,441.916,436.37,428.5059999999998,435.2584285714285,423.2329333333334
2016-04-22 00:00:00.000,447.488,1244399315.4240894,6919439820.8,bitcoin,2016,4,22,4,16,2,437.7615714285715,883286673.4003724,6764144468.371429,424.2133333333333,1085489601.0603516,6536457932.838334,451.0830000000002,441.916,436.37,437.7615714285715,424.2133333333333
2016-04-23 00:00:00.000,451.818,835075482.691219,6987975324.3,bitcoin,2016,4,23,5,16,2,440.744,896313612.8405827,6811878546.807143,425.44449999999995,1045947775.3150289,6557061967.644167,447.488,451.0830000000002,441.916,440.744,425.44449999999995
2016-04-24 00:00:00.000,459.9229999999999,1609960186.8384228,7114859335.024999,bitcoin,2016,4,24,6,16,2,445.3005714285714,1050749700.1855772,6883929524.471429,426.91716666666673,1035152072.1513374,6581406143.135833,451.818,447.488,451.0830000000002,445.3005714285714,426.91716666666673
2016-04-25 00:00:00.000,460.4659999999999,1607304204.3566065,7123685299.599998,bitcoin,2016,4,25,0,17,2,449.8662857142857,1201893504.476124,6955971812.185715,428.3755333333334,1035255057.8830078,6605490696.551667,459.9229999999999,451.818,447.488,449.8662857142857,428.3755333333334
2016-04-26 00:00:00.000,467.8559999999999,1278134938.8701427,7240796776.799998,bitcoin,2016,4,26,1,17,2,454.36428571428576,1288121226.1279674,7027159383.014285,429.79243333333335,1000316641.718048,6629008453.219166,460.4659999999999,459.9229999999999,451.818,454.36428571428576,429.79243333333335
2016-04-27 00:00:00.000,444.789,1344104894.4750998,6885300360.825,bitcoin,2016,4,27,2,17,2,454.77471428571425,1322754099.4224784,7035057914.246429,430.5268666666667,973280307.3377049,6641947964.676667,467.8559999999999,460.4659999999999,459.9229999999999,454.77471428571425,430.5268666666667
2016-04-28 00:00:00.000,449.3809999999999,1497339511.3554573,6957889602.774999,bitcoin,2016,4,28,3,17,2,454.53157142857134,1345188362.001577,7032849502.874999,431.6546666666667,933796078.0886757,6660943370.651667,444.789,467.8559999999999,460.4659999999999,454.53157142857134,431.6546666666667
2016-04-29 00:00:00.000,456.5660000000001,683291625.3521613,7070940369.350001,bitcoin,2016,4,29,4,17,2,455.8284285714285,1265030120.56273,7054492438.382143,433.1203,876996410.3259964,6685167885.090834,449.3809999999999,444.789,467.8559999999999,455.8284285714285,433.1203
2016-04-30 00:00:00.000,447.9029999999999,577836728.8566968,6938342199.674998,bitcoin,2016,4,30,5,17,2,455.2691428571428,1228281727.1577983,7047401992.007142,434.2048666666667,848514164.6602595,6703509616.928332,456.5660000000001,449.3809999999999,444.789,455.2691428571428,434.2048666666667
2016-05-01 00:00:00.000,452.592,394606185.83971006,7012822521.599999,bitcoin,2016,5,1,6,17,2,454.2218571428571,1054659727.0151249,7032825304.374999,435.3994666666667,846756430.0889983,6723570377.183333,447.9029999999999,456.5660000000001,449.3809999999999,454.2218571428571,435.3994666666667
2016-05-02 00:00:00.000,444.488,679795242.3567172,6888908380.2,bitcoin,2016,5,2,0,18,2,451.9392857142857,922158446.7294264,6999285744.460713,436.2267333333333,848292789.7013762,6737955760.498334,452.592,447.9029999999999,456.5660000000001,451.9392857142857,436.2267333333333
2016-05-03 00:00:00.000,450.3,460396814.0834587,6980741977.5,bitcoin,2016,5,3,1,18,2,449.4312857142857,805338714.6170431,6962135058.846429,437.29723333333334,849323456.4909121,6756135330.635834,444.488,452.592,447.9029999999999,449.4312857142857,437.29723333333334
2016-05-04 00:00:00.000,447.119,430680620.3166514,6933273129.45,bitcoin,2016,5,4,2,18,2,449.7641428571429,674849532.5944074,6968988311.507143,438.21996666666666,846159085.8405634,6772012435.585833,450.3,444.488,452.592,449.7641428571429,438.21996666666666
2016-05-05 00:00:00.000,448.9219999999999,547921245.8399001,6962982234.899999,bitcoin,2016,5,5,3,18,2,449.6985714285714,539218351.8064708,6969715830.382143,439.0956666666667,846371190.6574603,6787176708.0183325,447.119,450.3,444.488,449.6985714285714,439.0956666666667
2016-05-06 00:00:00.000,461.6200000000001,892002595.4498556,7161803490.000002,bitcoin,2016,5,6,4,18,2,450.4205714285714,569034204.67757,6982696276.189286,440.4278,858533401.9154947,6809423895.098333,448.9219999999999,447.119,450.3,450.4205714285714,440.4278
2016-05-07 00:00:00.000,459.2479999999998,418352341.3398776,7126736757.199997,bitcoin,2016,5,7,5,18,2,452.04128571428566,546250720.7465957,7009609784.407143,441.70020000000005,852680592.1768245,6830751190.381666,461.6200000000001,448.9219999999999,447.119,452.04128571428566,441.70020000000005
2016-05-08 00:00:00.000,459.283,640880145.1265181,7129139992.975,bitcoin,2016,5,8,6,18,2,452.9971428571429,581432714.9304255,7026226566.032143,443.0605,849780808.3178439,6853443158.6025,459.2479999999998,461.6200000000001,448.9219999999999,452.9971428571429,443.0605
2016-05-09 00:00:00.000,461.74700000000007,892533004.1713158,7169395601.225,bitcoin,2016,5,9,0,19,2,455.4627142857143,611823823.7610825,7066296169.035714,444.58056666666664,853156254.5471284,6878655914.439167,459.283,459.2479999999998,461.6200000000001,455.4627142857143,444.58056666666664
2016-05-10 00:00:00.000,450.3259999999999,1121093826.6093578,6993799201.149999,bitcoin,2016,5,10,1,19,2,455.46642857142854,706209111.2647823,7068161486.7,445.5536666666667,874364816.6394852,6895354585.005833,461.74700000000007,459.283,459.2479999999998,455.46642857142854,445.5536666666667
2016-05-11 00:00:00.000,452.179,672525013.6120929,7024148586.0,bitcoin,2016,5,11,2,19,2,456.1892857142857,740758310.3069884,7081143694.778571,446.54016666666666,873099952.5295541,6912264622.465834,450.3259999999999,461.74700000000007,459.283,456.1892857142857,446.54016666666666
2016-05-12 00:00:00.000,454.7310000000001,697010377.0856366,7065405649.050001,bitcoin,2016,5,12,3,19,2,457.01914285714287,762056757.6278077,7095775611.085715,447.4918333333333,856928118.6266086,6928648659.3308325,452.179,450.3259999999999,461.74700000000007,457.01914285714287,447.4918333333333
2016-05-13 00:00:00.000,456.0070000000001,489812072.3694577,7086941589.100001,bitcoin,2016,5,13,4,19,2,456.21728571428565,704600968.6163224,7085081053.814286,448.54976666666664,847061834.5067106,6946676024.031666,454.7310000000001,452.179,450.3259999999999,456.21728571428565,448.54976666666664
2016-05-14 00:00:00.000,455.5030000000001,540603400.5013363,7080714421.975001,bitcoin,2016,5,14,5,19,2,455.68228571428574,722065405.639388,7078506434.4964285,449.5688,844532256.5975815,6964097465.9075,456.0070000000001,454.7310000000001,452.179,455.68228571428574,449.5688
2016-05-15 00:00:00.000,457.837,514727783.64522,7118621364.875,bitcoin,2016,5,15,6,19,2,455.4757142857143,704043639.7134882,7077003773.339286,450.4978333333333,833633165.1648506,6980141181.471666,455.5030000000001,456.0070000000001,454.7310000000001,455.4757142857143,450.4978333333333
2016-05-16 00:00:00.000,454.893,649625052.453777,7074393585.075,bitcoin,2016,5,16,0,20,2,454.49657142857143,669342503.7538397,7063432056.746429,451.2962333333333,830491103.3596517,6994159741.799167,457.837,455.5030000000001,456.0070000000001,454.49657142857143,451.2962333333333
2016-05-17 00:00:00.000,452.422,456208618.5701116,7037627799.900001,bitcoin,2016,5,17,1,20,2,454.796,574358902.605376,7069693285.139287,452.1094,828067804.7978733,7008397252.083333,454.893,457.837,455.5030000000001,454.796,452.1094
2016-05-18 00:00:00.000,453.3710000000001,382814029.8745019,7054124066.025002,bitcoin,2016,5,18,2,20,2,454.96628571428573,532971619.2142916,7073975496.571429,452.9382333333333,822518353.316264,7022888411.430833,452.422,454.893,457.837,454.96628571428573,452.9382333333333
2016-05-19 00:00:00.000,440.5389999999998,626926267.8026723,6855767039.274998,bitcoin,2016,5,19,3,20,2,452.93885714285716,522959603.6024395,7044027123.746429,453.0772,820931199.3327785,7026664520.039999,453.3710000000001,452.422,454.893,452.93885714285716,453.0772
2016-05-20 00:00:00.000,441.888,644225134.6638312,6878428608.0,bitcoin,2016,5,20,4,20,2,450.92185714285705,545018612.5016358,7014239555.017858,453.07626666666664,805682877.7744555,7028278452.233334,440.5389999999998,453.3710000000001,452.422,450.92185714285705,453.07626666666664
2016-05-21 00:00:00.000,443.1469999999999,382669886.1311476,6899543980.474998,bitcoin,2016,5,21,5,20,2,449.15671428571426,522456681.8773231,6988358063.375,452.8117333333333,773761884.8687681,7025818302.17,441.888,440.5389999999998,453.3710000000001,449.15671428571426,452.8117333333333
2016-05-22 00:00:00.000,438.6750000000001,369986913.3520583,6831902516.250002,bitcoin,2016,5,22,6,20,2,446.4192857142857,501779414.69258565,6947398227.857142,452.5179666666666,744614804.7997004,7022900392.0183325,443.1469999999999,441.888,440.5389999999998,446.4192857142857,452.5179666666666
2016-05-23 00:00:00.000,443.175,378979422.05785537,6903990658.125001,bitcoin,2016,5,23,0,21,2,444.7452857142857,463115753.207454,6923054952.578572,452.2298666666667,729411602.7785884,7020100903.145833,438.6750000000001,443.1469999999999,441.888,444.7452857142857,452.2298666666667
2016-05-24 00:00:00.000,445.769,423917608.1376983,6945849971.525,bitcoin,2016,5,24,1,21,2,443.7948571428571,458502751.71710926,6909943834.239286,451.75806666666665,689876850.1552308,7014467257.695833,443.175,438.6750000000001,443.1469999999999,443.7948571428571,451.75806666666665
2016-05-25 00:00:00.000,449.0549999999999,593928754.5793718,6998825287.124998,bitcoin,2016,5,25,2,21,2,443.17828571428566,488661998.10351926,6902044008.682143,451.37769999999995,656097668.4959896,7010305257.28,445.769,443.175,438.6750000000001,443.17828571428566,451.37769999999995
2016-05-26 00:00:00.000,453.732,772901620.2200116,7073262177.9,bitcoin,2016,5,26,3,21,2,445.06300000000005,509515619.8774249,6933114742.771429,450.90689999999995,639256557.8743186,7004720770.65,449.0549999999999,445.769,443.175,445.06300000000005,450.90689999999995
2016-05-27 00:00:00.000,473.8640000000001,1609915743.8194053,7388724420.000002,bitcoin,2016,5,27,4,21,2,449.631,647471421.185364,7006014144.485715,451.8760666666667,648116919.5191288,7021501572.622499,453.732,449.0549999999999,445.769,449.631,451.8760666666667
2016-05-28 00:00:00.000,528.545,2308852891.9405656,8243121751.874998,bitcoin,2016,5,28,5,21,2,461.83071428571435,922640422.0152808,7197953826.114286,454.51486666666665,675167365.5386325,7064342644.259167,473.8640000000001,453.732,449.0549999999999,461.83071428571435,454.51486666666665
2016-05-29 00:00:00.000,524.624,2265760454.971116,8182390025.2,bitcoin,2016,5,29,6,21,2,474.1091428571429,1193465213.6751463,7390880613.107142,456.7834666666667,727916326.5259309,7101390966.120833,528.545,473.8640000000001,453.732,474.1091428571429,456.7834666666667
2016-05-30 00:00:00.000,534.2240000000002,1027238918.1573266,8335577205.600003,bitcoin,2016,5,30,0,22,2,487.11614285714285,1286073713.1179278,7595392977.032144,459.66083333333336,742896399.5026186,7147965466.318334,524.624,528.545,473.8640000000001,487.11614285714285,459.66083333333336
2016-05-31 00:00:00.000,531.4070000000002,976889071.4702432,8293336919.625002,bitcoin,2016,5,31,1,22,2,499.35014285714294,1365069636.4511485,7787891112.475,462.28799999999995,762305829.0236363,7190649279.585834,534.2240000000002,524.624,528.545,499.35014285714294,462.28799999999995
2016-06-01 00:00:00.000,539.1679999999999,864207752.912364,8416291167.199999,bitcoin,2016,6,1,2,22,2,512.2234285714286,1403680921.9272902,7990386238.2,465.444,768452912.7088245,7241562039.152499,531.4070000000002,534.2240000000002,524.624,512.2234285714286,465.444
2016-06-02 00:00:00.000,538.832,655601895.7428466,8413013019.599999,bitcoin,2016,6,2,3,22,2,524.3805714285714,1386923818.4305522,8181779215.585714,468.3950666666667,774959748.7641375,7289304407.2225,539.1679999999999,531.4070000000002,534.2240000000002,524.3805714285714,468.3950666666667
2016-06-03 00:00:00.000,570.4449999999999,947549857.3776044,8908568259.374998,bitcoin,2016,6,3,4,22,2,538.1778571428571,1292300120.367438,8398899764.067857,472.5059333333333,792188723.3328359,7355147578.22,538.832,539.1679999999999,531.4070000000002,538.1778571428571,472.5059333333333
2016-06-04 00:00:00.000,573.5259999999998,1014758653.6732844,8958404429.249998,bitcoin,2016,6,4,5,22,2,544.6037142857142,1107429514.9006836,8501083003.692858,476.65939999999995,807749970.2606155,7421661651.365001,570.4449999999999,538.832,539.1679999999999,544.6037142857142,476.65939999999995
2016-06-05 00:00:00.000,574.4756747207706,980649173.436705,8975651027.512924,bitcoin,2016,6,5,6,22,2,551.7253821029673,923842188.9671963,8614406004.023275,480.42125582402576,810704856.1935104,7482123235.948765,573.5259999999998,570.4449999999999,538.832,551.7253821029673,480.42125582402576
2016-06-06 00:00:00.000,585.563,850291006.7026013,9151383511.05,bitcoin,2016,6,6,0,23,2,559.05952496011,898563915.9022356,8730949761.944704,484.6317558240256,825102811.7056012,7549611461.077098,574.4756747207706,573.5259999999998,570.4449999999999,559.05952496011,484.6317558240256
2016-06-07 00:00:00.000,577.9106942699359,995595869.9524368,9033842181.758211,bitcoin,2016,6,7,1,23,2,565.7029098558152,901236315.685406,8836736227.963732,488.5860122996902,836926669.1997985,7613101534.036538,585.563,574.4756747207706,573.5259999999998,565.7029098558152,488.5860122996902
2016-06-08 00:00:00.000,583.1389999999999,625927307.6959897,9117713569.924995,bitcoin,2016,6,8,2,23,2,571.9844812843866,867196252.0830668,8936939428.353018,492.63241229969026,828039812.6506209,7678045466.326537,577.9106942699359,585.563,574.4756747207706,571.9844812843866,492.63241229969026
2016-06-09 00:00:00.000,577.607,570784842.2229652,9033585757.725,bitcoin,2016,6,9,3,23,2,577.5237669986723,855079530.1516552,9025592676.65659,496.8751122996902,809696179.8377413,7746038351.545704,583.1389999999999,577.9106942699359,585.563,577.5237669986723,496.8751122996902
2016-06-10 00:00:00.000,579.2276478801407,574507838.2591244,9060944979.936224,bitcoin,2016,6,10,4,23,2,578.7784309815496,801787813.1347295,9047360779.593906,501.11006722902823,806428940.6593089,7813931564.676911,577.607,583.1389999999999,577.9106942699359,578.7784309815496,501.11006722902823
2016-06-11 00:00:00.000,597.746561993518,567638086.2563363,9352955399.176626,bitcoin,2016,6,11,5,23,2,582.2385112663379,737913446.3608799,9103725203.869139,505.87725262881213,802116530.9649988,7890183223.014466,579.2276478801407,577.607,583.1389999999999,582.2385112663379,505.87725262881213
2016-06-12 00:00:00.000,671.7122784950529,2134843166.853439,10512767357.042526,bitcoin,2016,6,12,6,23,2,596.129454662664,902798302.5632704,9323313250.944798,513.0674285786473,856950900.7811316,8004377415.279217,597.746561993518,579.2276478801407,577.607,596.129454662664,513.0674285786473
2016-06-13 00:00:00.000,704.2918521711082,1929369214.3262644,11025583301.960873,bitcoin,2016,6,13,0,24,2,613.0907192585365,1056952332.2237937,9591056078.21778,521.3603903176842,903243094.5752959,8135873044.612079,671.7122784950529,597.746561993518,579.2276478801407,613.0907192585365,521.3603903176842
2016-06-14 00:00:00.000,685.932131564762,1295617503.876316,10740428205.86078,bitcoin,2016,6,14,1,24,2,628.5223531577974,1099812565.6414907,9834854081.661005,528.963561369843,929272751.9163324,8256599939.3116045,704.2918521711082,671.7122784950529,597.746561993518,628.5223531577974,528.963561369843
2016-06-15 00:00:00.000,693.2269999999999,1111645975.7525933,10857217289.95,bitcoin,2016,6,15,2,24,2,644.2492103006545,1169200946.7924342,10083354613.093145,536.9080280365096,944673449.3596263,8382694062.807438,685.932131564762,704.2918521711082,671.7122784950529,644.2492103006545,536.9080280365096
2016-06-16 00:00:00.000,765.4629999999999,2295279422.8526845,11991494582.524998,bitcoin,2016,6,16,3,24,2,671.085781729226,1415557315.4538226,10505913016.636003,547.3427280365096,1005975809.5023787,8547822955.5616045,693.2269999999999,685.932131564762,704.2918521711082,671.085781729226,547.3427280365096
2016-06-17 00:00:00.000,749.4189999999999,2089119189.0622396,11742908607.649998,bitcoin,2016,6,17,4,24,2,695.3988320320631,1631930365.5685534,10889050677.737972,557.2109947031763,1062852648.14197,8704115773.615772,765.4629999999999,693.2269999999999,685.932131564762,695.3988320320631,557.2109947031763
2016-06-18 00:00:00.000,756.7996012580627,1639977543.4823854,11861509350.417933,bitcoin,2016,6,18,5,24,2,718.1206947841408,1785121716.600846,11247415527.9153,567.7530147451117,1096621023.9979603,8870973850.65387,749.4189999999999,765.4629999999999,693.2269999999999,718.1206947841408,567.7530147451117
2016-06-19 00:00:00.000,764.0459999999999,1440147059.442583,11978503075.35,bitcoin,2016,6,19,6,24,2,731.3112264277048,1685879415.5421524,11456806344.81637,578.4916147451116,1123151754.8239186,9040976332.89887,756.7996012580627,749.4189999999999,765.4629999999999,731.3112264277048,578.4916147451116
2016-06-20 00:00:00.000,734.1617358035669,1274257070.726084,11512940800.437586,bitcoin,2016,6,20,0,25,2,735.578352660913,1592291966.4564126,11526428844.598757,588.1921059385639,1152871327.64375,9194756226.897621,764.0459999999999,756.7996012580627,749.4189999999999,735.578352660913,588.1921059385639
2016-06-21 00:00:00.000,664.9965293554344,2616450204.6981983,10430819686.1179,bitcoin,2016,6,21,1,25,2,732.5875523452947,1780982352.28811,11482199056.064058,595.7361569170785,1227753437.355288,9314720132.559885,734.1617358035669,764.0459999999999,756.7996012580627,732.5875523452947,595.7361569170785
2016-06-22 00:00:00.000,591.895,2116429838.3177705,9286122275.999998,bitcoin,2016,6,22,2,25,2,718.1115523452949,1924522904.0831351,11257756911.21406,600.6934902504119,1285668451.2306185,9394124519.822386,664.9965293554344,734.1617358035669,764.0459999999999,718.1115523452949,600.6934902504119
2016-06-23 00:00:00.000,623.2062563646158,2950728708.757519,9779539536.75046,bitcoin,2016,6,23,3,25,2,697.7891603973828,2018158516.3552544,10941763333.246267,606.6080654625656,1369895487.9179459,9488580838.663235,591.895,664.9965293554344,734.1617358035669,697.7891603973828,606.6080654625656
2016-06-24 00:00:00.000,661.4166051593036,2819565196.653483,10381264326.27785,bitcoin,2016,6,24,4,25,2,685.2173897058547,2122507946.011146,10747242721.621675,613.6867856345424,1444083369.3204162,9601328806.634996,623.2062563646158,591.895,664.9965293554344,685.2173897058547,613.6867856345424
2016-06-25 00:00:00.000,666.0566978558096,2165368588.879378,10456807082.239622,bitcoin,2016,6,25,5,25,2,672.2541177912472,2197563809.6392875,10546570969.024775,620.7642755630694,1490498934.9423952,9714113636.77965,661.4166051593036,623.2062563646158,591.895,672.2541177912472,620.7642755630694
2016-06-26 00:00:00.000,629.3059999999999,1973414929.567675,9882102246.55,bitcoin,2016,6,26,6,25,2,653.0055463626758,2273744933.9428725,10247085136.33906,625.9456755630694,1502615574.4673376,9797226230.997982,666.0566978558096,661.4166051593036,623.2062563646158,653.0055463626758,625.9456755630694
2016-06-27 00:00:00.000,648.2999999999998,1893446210.5502863,10182702232.499996,bitcoin,2016,6,27,0,26,2,640.7395841050233,2362200525.3463297,10057051055.205118,629.9375088964027,1488768685.0876615,9861878913.685482,629.3059999999999,666.0566978558096,661.4166051593036,640.7395841050233,629.9375088964027
2016-06-28 00:00:00.000,646.8429999999997,1557753994.6406407,10162291635.799995,bitcoin,2016,6,28,1,26,2,638.1462227685327,2210958209.6238217,10018689905.159702,634.0114755630693,1465168469.7433124,9927875634.038818,648.2999999999998,629.3059999999999,666.0566978558096,638.1462227685327,634.0114755630693
2016-06-29 00:00:00.000,637.437,1478192305.741556,10016780633.55,bitcoin,2016,6,29,2,26,2,644.6522227685326,2119781419.255791,10123069670.523989,637.4519088964026,1480200249.329453,9983915748.303816,646.8429999999997,648.2999999999998,629.3059999999999,644.6522227685326,637.4519088964026
2016-06-30 00:00:00.000,671.6159999999998,1557452114.6606188,10556309174.399996,bitcoin,2016,6,30,3,26,2,651.5679004307303,1920741905.813377,10234036761.61678,642.125542229736,1499552350.7691324,10059348156.796316,637.437,646.8429999999997,648.2999999999998,651.5679004307303,642.125542229736
2016-07-01 00:00:00.000,677.7099999999999,1520646626.315115,10654888849.0,bitcoin,2016,7,1,4,26,3,653.8955282651156,1735182110.0507529,10273125979.148516,646.7436088964026,1521433646.5492241,10133968079.522982,671.6159999999998,637.437,646.8429999999997,653.8955282651156,646.7436088964026
2016-07-02 00:00:00.000,693.0470000000001,1369565986.2165418,10897332418.600002,bitcoin,2016,7,2,5,26,3,657.7512857142856,1621496023.9560618,10336058170.057142,651.8841088964026,1545232449.565014,10216778726.156317,677.7099999999999,671.6159999999998,637.437,657.7512857142856,651.8841088964026
2016-07-03 00:00:00.000,664.7451003433932,1980745475.193143,10456041581.34137,bitcoin,2016,7,3,6,26,3,662.8140143347703,1622543244.7597003,10418049503.598766,655.0274455745158,1579672303.4921987,10268361170.221863,693.0470000000001,677.7099999999999,671.6159999999998,662.8140143347703,655.0274455745158
2016-07-04 00:00:00.000,678.7005716794641,1647219062.906496,10678148801.861635,bitcoin,2016,7,4,0,27,3,667.1569531461224,1587367937.9534447,10488827584.936142,658.5332646304979,1600754317.1333055,10325685982.64225,664.7451003433932,693.0470000000001,677.7099999999999,667.1569531461224,658.5332646304979
2016-07-05 00:00:00.000,667.5305180233454,1363651288.9860191,10504760879.50388,bitcoin,2016,7,5,1,27,3,670.1123128637431,1559638980.0027843,10537751762.608126,661.6350927405838,1613521054.3182828,10376656311.041948,678.7005716794641,664.7451003433932,693.0470000000001,670.1123128637431,661.6350927405838
2016-07-06 00:00:00.000,675.9190000000001,1193299157.941928,10639167835.700005,bitcoin,2016,7,6,2,27,3,675.6097414351718,1518939958.8885517,10626664220.058126,664.6469594072503,1624954659.3595936,10426249121.863615,667.5305180233454,678.7005716794641,664.7451003433932,675.6097414351718,664.6469594072503
2016-07-07 00:00:00.000,638.6200000000001,2122556832.5577588,10054273625.000002,bitcoin,2016,7,7,3,27,3,670.8960271494576,1599669204.3024287,10554944855.858128,666.6706029315859,1662520024.779771,10460263503.30501,675.9190000000001,667.5305180233454,678.7005716794641,670.8960271494576,666.6706029315859
2016-07-08 00:00:00.000,665.744506272113,1407424927.2334237,10483645176.39353,bitcoin,2016,7,8,4,27,3,669.1866709026166,1583494675.8621871,10530481474.057203,669.424119807323,1688569945.4310188,10505794556.85396,638.6200000000001,675.9190000000001,667.5305180233454,669.1866709026166,669.424119807323
2016-07-09 00:00:00.000,653.8705124993986,1734638027.0220506,10298813661.942278,bitcoin,2016,7,9,5,27,3,663.590029831102,1635647824.5486887,10444978794.534672,671.9662368906362,1727365051.5909884,10547968820.32787,665.744506272113,638.6200000000001,675.9190000000001,663.590029831102,671.9662368906362
2016-07-10 00:00:00.000,650.3210000000003,1043956725.0369836,10244077501.140003,bitcoin,2016,7,10,6,27,3,661.5294440677602,1501820860.2406657,10414698211.648762,674.3360152946316,1743013347.8169172,10587406571.034662,653.8705124993986,665.744506272113,638.6200000000001,661.5294440677602,674.3360152946316
2016-07-11 00:00:00.000,649.07,969355597.1380028,10225531860.96,bitcoin,2016,7,11,0,28,3,657.2965052564083,1404983222.2737381,10350038648.662813,676.0467965615143,1756403931.5129726,10616492453.094109,650.3210000000003,653.8705124993986,665.744506272113,657.2965052564083,676.0467965615143
2016-07-12 00:00:00.000,670.9480000000001,1085661832.4024758,10571303711.856,bitcoin,2016,7,12,1,28,3,657.7847169673588,1365270442.7618032,10359544767.570261,676.0213206116791,1721431220.364607,10618443664.921223,649.07,650.3210000000003,653.8705124993986,657.7847169673588,676.0213206116791
2016-07-13 00:00:00.000,658.1500000000001,930971250.7396076,10370703851.400002,bitcoin,2016,7,13,2,28,3,655.2462883959304,1327795027.447186,10321192769.813116,674.4832588726423,1688151288.2450519,10596614349.902527,670.9480000000001,649.07,650.3210000000003,655.2462883959304,674.4832588726423
2016-07-14 00:00:00.000,659.5760000000002,907126119.1357732,10394281928.736004,bitcoin,2016,7,14,3,28,3,658.2400026816447,1154162068.3869023,10369765384.632544,673.604721153817,1675201575.4203672,10585076140.665035,658.1500000000001,670.9480000000001,649.07,658.2400026816447,673.604721153817
2016-07-15 00:00:00.000,665.6869915031888,915530669.947748,10491679653.244476,bitcoin,2016,7,15,4,28,3,658.231786286084,1083891460.2032344,10370913167.039824,672.68672087059,1668664398.5602057,10572891552.77485,659.5760000000002,658.1500000000001,670.9480000000001,658.231786286084,672.68672087059
2016-07-16 00:00:00.000,663.5010000000002,583921219.9714433,10458476976.564005,bitcoin,2016,7,16,5,28,3,659.6075702147415,919503344.9102906,10393722211.985783,669.2879875372566,1611619125.130831,10521790965.909485,665.6869915031888,659.5760000000002,658.1500000000001,659.6075702147415,669.2879875372566
2016-07-17 00:00:00.000,678.3905582459545,878701509.437196,10694420116.412523,bitcoin,2016,7,17,6,28,3,663.6175071070205,895895456.9674637,10458056871.31043,666.9203728121216,1571271869.1433296,10486841349.5349,663.5010000000002,665.6869915031888,659.5760000000002,663.6175071070205,666.9203728121216
2016-07-18 00:00:00.000,674.7874378266207,951136967.9705702,10638777020.11729,bitcoin,2016,7,18,0,29,3,667.2914267965378,893292795.6578305,10517091894.047184,664.1866340310736,1548310516.626269,10446083605.191547,678.3905582459545,663.5010000000002,665.6869915031888,667.2914267965378,664.1866340310736
2016-07-19 00:00:00.000,674.5573889807015,721148317.6858412,10636194258.165005,bitcoin,2016,7,19,1,29,3,667.8070537937808,841219436.4125971,10526361972.09133,661.2036803304304,1524343891.9010441,10401339977.95205,674.7874378266207,678.3905582459545,663.5010000000002,667.8070537937808,661.2036803304304
2016-07-20 00:00:00.000,670.8934740599931,718486386.0759034,10579131342.279297,bitcoin,2016,7,20,2,29,3,669.6275500880656,810864455.7463535,10556137327.931229,659.0947382723112,1505818202.412705,10370212996.013437,674.5573889807015,674.7874378266207,678.3905582459545,669.6275500880656,659.0947382723112
2016-07-21 00:00:00.000,665.3643845142738,651736587.5105526,10493517598.78291,bitcoin,2016,7,21,3,29,3,670.4544621615332,774380236.9427507,10570313852.223644,659.1070001109391,1440327748.5064502,10372302926.435604,670.8934740599931,674.5573889807015,674.7874378266207,670.4544621615332,659.1070001109391
2016-07-22 00:00:00.000,651.0899999999999,744993482.3653657,10269410781.96,bitcoin,2016,7,22,4,29,3,668.3691776610776,750017781.573839,10538561156.325861,661.0801667776058,1394613203.3080366,10405079209.967602,665.3643845142738,670.8934740599931,674.5573889807015,668.3691776610776,661.0801667776058
2016-07-23 00:00:00.000,655.4230000000001,749951409.4708184,10338768243.216002,bitcoin,2016,7,23,5,29,3,667.2151776610777,773736380.0737497,10521459908.704718,662.1540582321187,1321253959.9984796,10423720166.849789,651.0899999999999,665.3643845142738,670.8934740599931,667.2151776610777,662.1540582321187
2016-07-24 00:00:00.000,660.848923533057,628152931.6204653,10425364936.563225,bitcoin,2016,7,24,6,29,3,664.7092298449495,737943726.099931,10483023454.440533,662.1351355112438,1248206884.4973793,10425190187.192635,655.4230000000001,651.0899999999999,665.3643845142738,664.7092298449495,662.1351355112438
2016-07-25 00:00:00.000,654.5186383481073,571897923.6678181,10326505495.914951,bitcoin,2016,7,25,0,30,3,661.8136870623047,683766719.7709664,10438413236.69734,661.7505335276536,1195091195.6569939,10420846800.981813,660.848923533057,655.4230000000001,651.0899999999999,661.8136870623047,661.7505335276536
2016-07-26 00:00:00.000,651.3099999999998,704328935.7242514,10276898043.719995,bitcoin,2016,7,26,1,30,3,658.492631493633,681363950.9193107,10387085206.062342,662.4840001943204,1152788329.1955464,10434006660.88748,654.5186383481073,660.848923533057,655.4230000000001,658.492631493633,662.4840001943204
2016-07-27 00:00:00.000,655.618263277738,701731382.8989863,10345876482.259169,bitcoin,2016,7,27,2,30,3,656.3104585247394,678970379.036894,10353763083.202322,662.7279423035783,1113064501.6071699,10439445802.546118,651.3099999999998,654.5186383481073,660.848923533057,656.3104585247394,662.7279423035783
2016-07-28 00:00:00.000,655.8904301748952,590272472.7794734,10351218168.470943,bitcoin,2016,7,28,3,30,3,654.9570364762568,670189791.2181684,10333434593.157755,663.0295233094082,1080815117.545131,10445743353.635149,655.618263277738,651.3099999999998,654.5186383481073,654.9570364762568,663.0295233094082
2016-07-29 00:00:00.000,657.3423791946653,498459288.32484585,10375300169.233871,bitcoin,2016,7,29,4,30,3,655.8502335040661,634970620.6409513,10348561648.482594,663.6930359492304,1048157350.2979072,10457694004.824612,655.8904301748952,655.618263277738,651.3099999999998,655.8502335040661,663.6930359492304
2016-07-30 00:00:00.000,654.5489803055398,381261251.17962205,10332176091.135324,bitcoin,2016,7,30,5,30,3,655.7253735477146,582300598.0279232,10347619912.471067,663.1241352927484,1008950988.1818739,10450222902.049124,657.3423791946653,655.8904301748952,655.618263277738,655.7253735477146,663.1241352927484
2016-07-31 00:00:00.000,623.7457712533022,1034681070.1406332,9847086965.691307,bitcoin,2016,7,31,6,30,3,650.4249232220354,640376046.3879472,10265008773.775082,661.3253276678585,992752136.3093913,10423296172.605501,654.5489803055398,657.3423791946653,655.8904301748952,650.4249232220354,661.3253276678585
2016-08-01 00:00:00.000,605.7469999999995,1099193368.899972,9564059424.39599,bitcoin,2016,8,1,0,31,3,643.4575463151629,715703967.1353978,10156087906.415228,658.4153276678585,983739715.7321723,10378853739.465366,623.7457712533022,654.5489803055398,657.3423791946653,643.4575463151629,658.4153276678585
2016-08-02 00:00:00.000,517.1349294487607,1868906086.666429,8165924598.986262,bitcoin,2016,8,2,1,31,3,624.2896790935572,882072131.5557088,9854520271.453266,653.4949886380374,980011736.1146151,10302516506.720194,605.7469999999995,623.7457712533022,654.5489803055398,624.2896790935572,653.4949886380374
2016-08-03 00:00:00.000,567.3810616156014,2497221230.7124486,8960483430.825201,bitcoin,2016,8,3,2,31,3,611.6843645703948,1138570681.2433465,9656606978.391272,649.7843383025752,1008345141.7081469,10245260994.352316,517.1349294487607,605.7469999999995,623.7457712533022,611.6843645703948,649.7843383025752
2016-08-04 00:00:00.000,576.6037067248545,1656264326.96429,9107192616.42881,bitcoin,2016,8,4,3,31,3,600.3576897918176,1290855231.8411772,9478889042.385252,646.7534445926254,1018098909.640756,10198675385.583147,567.3810616156014,517.1349294487607,605.7469999999995,600.3576897918176,646.7534445926254
2016-08-05 00:00:00.000,576.0338000000002,730357921.4557643,9099338658.9168,bitcoin,2016,8,5,4,31,3,588.742178478294,1323983608.002737,9296608826.62567,643.423937925959,1002667535.0912172,10147347746.357038,576.6037067248545,567.3810616156014,517.1349294487607,588.742178478294,643.423937925959
2016-08-06 00:00:00.000,587.6349999999999,781499291.615411,9283768001.28,bitcoin,2016,8,6,5,31,3,579.1830384346455,1381160470.9221356,9146836242.360624,641.7244379259588,957965617.0598055,10121664225.566374,576.0338000000002,576.6037067248545,567.3810616156014,579.1830384346455,641.7244379259588
2016-08-07 00:00:00.000,592.6675,1119146426.823175,9364319558.91,bitcoin,2016,8,7,6,31,3,574.7432853984594,1393226950.4482129,9077869469.963293,639.2885377168884,948356333.7127973,10084353371.650255,587.6349999999999,576.0338000000002,576.6037067248545,574.7432853984594,639.2885377168884
2016-08-08 00:00:00.000,590.7125,732938493.4891537,9334500359.099998,bitcoin,2016,8,8,0,32,3,572.5954996841739,1340904825.3895247,9045075317.778152,637.1832706335751,914966349.2617007,10052209594.888845,592.6675,587.6349999999999,576.0338000000002,572.5954996841739,637.1832706335751
2016-08-09 00:00:00.000,585.3024999999998,764158462.4766014,9249860835.689997,bitcoin,2016,8,9,1,32,3,582.3337240486366,1183083736.2195492,9199923351.592974,635.0159873002418,905639740.509688,10019069039.373844,590.7125,592.6675,587.6349999999999,582.3337240486366,635.0159873002418
2016-08-10 00:00:00.000,592.266843297098,787203551.0783362,9361030948.519566,bitcoin,2016,8,10,2,32,3,585.8888357174218,938795496.2718189,9257144425.54931,633.1225487434784,899568005.6410325,9990252342.2925,585.3024999999998,590.7125,592.6675,585.8888357174218,633.1225487434784
2016-08-11 00:00:00.000,587.6138000000002,332761748.8841695,9288488901.621605,bitcoin,2016,8,11,3,32,3,587.4617061852997,749723699.4032303,9283043894.862566,630.3447420768117,874471336.1904222,9947491848.618017,592.266843297098,585.3024999999998,590.7125,587.4617061852997,630.3447420768117
2016-08-12 00:00:00.000,586.5299999999999,332148000.2223092,9272434001.04,bitcoin,2016,8,12,4,32,3,588.9611633281568,692836567.7984508,9307771800.880167,627.9574087434784,854510561.173179,9910882853.606018,587.6138000000002,592.266843297098,585.3024999999998,588.9611633281568,627.9574087434784
2016-08-13 00:00:00.000,584.4688683346069,528917329.60978127,9241013898.483736,bitcoin,2016,8,13,5,32,3,588.5088588045293,656753430.3690752,9301664071.909271,625.4538376879652,841903601.5223125,9872440585.93094,586.5299999999999,587.6138000000002,592.266843297098,588.5088588045293,625.4538376879652
2016-08-14 00:00:00.000,570.7366999999999,800709328.0207629,9024984099.855598,bitcoin,2016,8,14,6,32,3,585.3758873759579,611262416.2544448,9253187577.758642,622.2888279711923,838076223.4580797,9823550734.151312,584.4688683346069,586.5299999999999,587.6138000000002,585.3758873759579,622.2888279711923
2016-08-15 00:00:00.000,567.7342836594349,689576137.4962289,8978508769.857576,bitcoin,2016,8,15,0,33,3,582.0932850415913,605067793.9697413,9202331636.438297,619.0966040931736,841598054.0422391,9774218460.59443,570.7366999999999,584.4688683346069,586.5299999999999,582.0932850415913,619.0966040931736
2016-08-16 00:00:00.000,578.2231511023564,665471810.6820532,9145336947.424574,bitcoin,2016,8,16,1,33,3,581.0819494847852,590969700.8562344,9187399652.40038,615.7576905217203,834490397.4170679,9722582354.9615,567.7342836594349,570.7366999999999,584.4688683346069,581.0819494847852,615.7576905217203
2016-08-17 00:00:00.000,571.461914957742,509828615.05795246,9039235990.703674,bitcoin,2016,8,17,2,33,3,578.1098168648772,551344709.9961797,9141428944.140966,612.313506426091,819780118.9866472,9669264320.647713,578.2231511023564,567.7342836594349,570.7366999999999,578.1098168648772,612.313506426091
2016-08-18 00:00:00.000,572.2684198487193,448162729.6782696,9053050627.41776,bitcoin,2016,8,18,3,33,3,575.9176197004084,567830564.3953369,9107794904.968988,608.9038741216915,810680599.3863947,9616492866.28947,571.461914957742,578.2231511023564,567.7342836594349,575.9176197004084,608.9038741216915
2016-08-19 00:00:00.000,573.4919906794345,404401760.5949999,9073411771.816164,bitcoin,2016,8,19,4,33,3,574.0550469403278,578152530.1628641,9079363157.937012,605.6571580090061,800211111.8703647,9566302213.9407,572.2684198487193,571.461914957742,578.2231511023564,574.0550469403278,605.6571580090061
2016-08-20 00:00:00.000,581.9462730812136,449090940.5932441,9208301151.705597,bitcoin,2016,8,20,5,33,3,573.6946761898429,566748760.3033588,9074689908.397278,602.876554294571,793456256.9731212,9523461665.70479,573.4919906794345,572.2684198487193,571.461914957742,573.6946761898429,602.876554294571
2016-08-21 00:00:00.000,580.5870271371734,397848571.0551584,9187908144.199305,bitcoin,2016,8,21,6,33,3,575.1018657808678,509197223.59398663,9097964771.87495,600.5264551991434,781884759.9294474,9487411577.779436,581.9462730812136,573.4919906794345,572.2684198487193,575.1018657808678,600.5264551991434
2016-08-22 00:00:00.000,585.2175000000001,391991120.2892311,9262302916.86,bitcoin,2016,8,22,0,34,3,577.5994681152341,466685078.27870125,9138506792.875296,598.1862718658101,769952750.2900612,9451529400.234232,580.5870271371734,581.9462730812136,573.4919906794345,577.5994681152341,598.1862718658101
2016-08-23 00:00:00.000,582.0038,602216568.6591012,9212472965.7744,bitcoin,2016,8,23,1,34,3,578.1395608148975,457648615.1325652,9148097652.639557,595.5581010813747,769088204.8580158,9411099667.874605,585.2175000000001,580.5870271371734,581.9462730812136,578.1395608148975,595.5581010813747
2016-08-24 00:00:00.000,577.8880531621712,366732500.4450583,9148400141.820934,bitcoin,2016,8,24,2,34,3,579.0575805583874,437206313.04500896,9163692531.370594,593.0037482418436,762249357.4172571,9371829489.404806,582.0038,585.2175000000001,580.5870271371734,579.0575805583874,593.0037482418436
2016-08-25 00:00:00.000,576.1163000000001,401309290.9927601,9121223051.838,bitcoin,2016,8,25,3,34,3,579.6072777228561,430512964.6613647,9173431449.144915,590.4972915751769,752148702.592874,9333306989.675407,577.8880531621712,582.0038,585.2175000000001,579.6072777228561,590.4972915751769
2016-08-26 00:00:00.000,578.1037999999998,338221514.6073892,9153633133.989595,bitcoin,2016,8,26,4,34,3,580.266107625794,421058643.80599177,9184891643.74112,587.9134761325856,740031706.9831542,9293565544.733088,576.1163000000001,577.8880531621712,582.0038,580.266107625794,587.9134761325856
2016-08-27 00:00:00.000,568.5750000000002,445311513.3907298,9003730818.600002,bitcoin,2016,8,27,5,34,3,578.3559257570492,420518725.63420403,9155667310.440321,585.0029617934225,735199675.0035293,9248649299.737389,578.1037999999998,576.1163000000001,577.8880531621712,578.3559257570492,585.0029617934225
2016-08-28 00:00:00.000,573.5288,339737295.89427423,9083223370.0416,bitcoin,2016,8,28,6,34,3,577.3476075945958,412217114.8969349,9140712342.703505,582.209175820267,729908941.9225103,9205580073.097647,568.5750000000002,578.1037999999998,576.1163000000001,577.3476075945958,582.209175820267
2016-08-29 00:00:00.000,572.5102283617088,381390186.594049,9068122329.394085,bitcoin,2016,8,29,0,35,3,575.53228307484,410702695.7976231,9112972258.779802,579.4745507554726,729913239.7696579,9163444947.70627,573.5288,568.5750000000002,578.1037999999998,575.53228307484,579.4745507554726
2016-08-30 00:00:00.000,576.08,414583282.42362505,9125715540.48,bitcoin,2016,8,30,1,35,3,574.686025931983,383897940.62112653,9100578340.880602,577.8856917136958,709243313.5124242,9139399233.53256,572.5102283617088,573.5288,568.5750000000002,574.686025931983,577.8856917136958
2016-08-31 00:00:00.000,571.7582826763035,335483654.44544333,9058256694.850405,bitcoin,2016,8,31,2,35,3,573.8103444340018,379433819.7640387,9087700705.599096,576.7527344695725,683786323.0306066,9122539142.547709,576.08,572.5102283617088,573.5288,573.8103444340018,576.7527344695725
2016-09-01 00:00:00.000,571.59,356532608.2572752,9056523459.6,bitcoin,2016,9,1,3,35,3,573.1637301482875,373037150.80182654,9078457906.707956,578.5679034879472,633373873.7503016,9152225771.234833,571.7582826763035,576.08,572.5102283617088,573.1637301482875,578.5679034879472
2016-09-02 00:00:00.000,573.9624999999999,378500484.5206362,9095188851.299995,bitcoin,2016,9,2,4,35,3,572.5721158625731,378791289.3608618,9070108723.466583,578.7872847674273,562749848.8772411,9156715951.917326,571.59,571.7582826763035,576.08,572.5721158625731,578.7872847674273
2016-09-03 00:00:00.000,596.1950000000002,561496914.7850986,9448393429.680002,bitcoin,2016,9,3,5,35,3,576.5178301482874,395389203.8457717,9133631953.620869,579.4403278765988,526257601.80460143,9168089312.359034,573.9624999999999,571.59,571.7582826763035,576.5178301482874,579.4403278765988
2016-09-04 00:00:00.000,608.6887999999999,884434073.8694361,9647700436.713598,bitcoin,2016,9,4,6,35,3,581.5406872911445,473203029.2707948,9214271534.57401,580.5288278765987,531393473.5517238,9186368038.285591,596.1950000000002,573.9624999999999,571.59,581.5406872911445,580.5288278765987
2016-09-05 00:00:00.000,606.6438,618185193.0094764,9616262727.204,bitcoin,2016,9,5,0,36,3,586.4169118109005,507030887.3301416,9292577305.689714,581.1624545432655,525949670.26485926,9197451195.816393,608.6887999999999,596.1950000000002,573.9624999999999,586.4169118109005,581.1624545432655
2016-09-06 00:00:00.000,610.6837999999999,560341026.7130767,9681336387.3936,bitcoin,2016,9,6,1,36,3,591.3603118109005,527853422.22863466,9371951712.391657,581.7629978765987,507322823.5945227,9208018423.432512,606.6438,608.6887999999999,596.1950000000002,591.3603118109005,581.7629978765987
2016-09-07 00:00:00.000,614.3264885962195,597124132.7229276,9740198080.118105,bitcoin,2016,9,7,2,36,3,597.4414840851742,565230633.4111325,9469371910.287045,582.5501308298061,502795678.23564845,9221541680.799782,610.6837999999999,606.6438,608.6887999999999,597.4414840851742,582.5501308298061
2016-09-08 00:00:00.000,625.4675000000001,1600702238.5928948,9917920559.610004,bitcoin,2016,9,8,3,36,3,605.1382697994599,742969152.0305067,9592428638.8599,583.8889641631393,530680470.7728583,9243810338.263783,614.3264885962195,610.6837999999999,606.6438,605.1382697994599,583.8889641631393
2016-09-09 00:00:00.000,621.9124999999999,850137524.7711473,9862631720.7,bitcoin,2016,9,9,4,36,3,611.98826979946,810345872.0662938,9702063334.488474,584.8771527199028,532778269.895952,9260530364.003132,625.4675000000001,614.3264885962195,610.6837999999999,611.98826979946,584.8771527199028
2016-09-10 00:00:00.000,623.0588000000001,586796232.5467077,9881939361.403202,bitcoin,2016,9,10,5,36,3,615.8259555137456,813960060.3179524,9763998467.591787,586.0586527199029,541246086.0180366,9280312045.995852,621.9124999999999,625.4675000000001,614.3264885962195,615.8259555137456,586.0586527199029
2016-09-11 00:00:00.000,605.3154151790802,1228662231.0267904,9601743135.428335,bitcoin,2016,9,11,6,36,3,615.3440433964714,863135511.3404315,9757433138.83675,586.6848332258721,571129893.7115194,9291289017.142128,623.0588000000001,621.9124999999999,625.4675000000001,615.3440433964714,586.6848332258721
2016-09-12 00:00:00.000,605.8312052420321,973866198.6910902,9611117069.21902,bitcoin,2016,9,12,0,37,3,615.2279584310473,913947083.580662,9756698044.838896,587.3969111227863,585961522.6808963,9303625789.499971,605.3154151790802,623.0588000000001,621.9124999999999,615.2279584310473,587.3969111227863
2016-09-13 00:00:00.000,606.6450000000001,699782155.2934498,9625199430.6,bitcoin,2016,9,13,1,37,3,614.650987002476,933867244.8064297,9748678479.582668,588.5938544561196,582597283.5899857,9323632967.19145,605.8312052420321,605.3154151790802,623.0588000000001,614.650987002476,588.5938544561196
2016-09-14 00:00:00.000,608.4250000000002,619105285.9754454,9654573079.500004,bitcoin,2016,9,14,2,37,3,613.807917203016,937007409.5567894,9736446336.637224,589.9502116674719,580248255.2059597,9346168444.179531,606.6450000000001,605.8312052420321,605.3154151790802,613.807917203016,589.9502116674719
2016-09-15 00:00:00.000,605.5838000000001,549080254.7260385,9610607638.994402,bitcoin,2016,9,15,3,37,3,610.9673886315876,786775697.5758098,9692544490.834995,590.8622332973933,576368536.6740927,9361677467.231861,608.4250000000002,606.6450000000001,605.8312052420321,610.9673886315876,590.8622332973933
2016-09-16 00:00:00.000,606.5533658936915,546585886.1273316,9627042762.308758,bitcoin,2016,9,16,4,37,3,608.7732266164006,743411177.7695506,9658888925.35053,592.0319483285916,577593779.0430719,9381271026.285362,605.5838000000001,608.4250000000002,606.6450000000001,608.7732266164006,592.0319483285916
2016-09-17 00:00:00.000,605.3438,531090439.7852413,9609021664.308,bitcoin,2016,9,17,5,37,3,606.2425123306864,735453207.3750553,9619900682.90836,593.134461000301,580358036.0466377,9399803394.181704,606.5533658936915,605.5838000000001,608.4250000000002,606.2425123306864,593.134461000301
2016-09-18 00:00:00.000,608.7950000000002,1306045902.1413145,9664864143.000004,bitcoin,2016,9,18,6,37,3,606.739595876532,746508017.534273,9628917969.704313,594.3112279776532,610412840.7648481,9419518473.221165,605.3438,606.5533658936915,605.5838000000001,606.739595876532,594.3112279776532
2016-09-19 00:00:00.000,608.6176342973245,1272958790.4060757,9663034352.091309,bitcoin,2016,9,19,0,38,3,607.1376571701452,789235530.6364138,9636334724.400354,595.2002733515235,637875102.4252758,9434676246.567356,608.7950000000002,605.3438,606.5533658936915,607.1376571701452,595.2002733515235
2016-09-20 00:00:00.000,607.7688125632665,953214316.4475458,9650615110.177094,bitcoin,2016,9,20,1,38,3,607.2982018220404,825440125.086999,9639965535.768509,596.1063328657267,656387293.9383553,9450099812.099949,608.6176342973245,608.7950000000002,605.3438,607.2982018220404,596.1063328657267
2016-09-21 00:00:00.000,595.8402492264345,1589139471.1342793,9462412679.832169,bitcoin,2016,9,21,2,38,3,605.5003802829597,964016437.2525467,9612514050.101675,596.4604245066078,696292238.9665236,9456770137.532352,607.7688125632665,608.6176342973245,608.7950000000002,605.5003802829597,596.4604245066078
2016-09-22 00:00:00.000,594.9587999999999,994983745.4822936,9449414102.3184,bitcoin,2016,9,22,3,38,3,603.9825231401024,1027716935.9320116,9589486402.005106,596.8922578399411,709384478.1939635,9464668175.417154,595.8402492264345,607.7688125632665,608.6176342973245,603.9825231401024,596.8922578399411
2016-09-23 00:00:00.000,601.8925,1471656057.198137,9560527881.96,bitcoin,2016,9,23,4,38,3,603.3166851552894,1159869817.5135553,9579984276.240995,597.6924060678687,746215263.419066,9478405766.755123,594.9587999999999,595.8402492264345,607.7688125632665,603.3166851552894,597.6924060678687
2016-09-24 00:00:00.000,601.2725000000003,1136053862.184831,9551877467.340004,bitcoin,2016,9,24,5,38,3,602.7350708695751,1246293163.5706394,9571820819.531282,598.5309460678687,770706749.1254684,9492760913.938524,601.8925,594.9587999999999,595.8402492264345,602.7350708695751,598.5309460678687
2016-09-25 00:00:00.000,599.3112999999997,1074112052.8808076,9522044919.525597,bitcoin,2016,9,25,6,38,3,601.3802565838607,1213159756.5334241,9551418073.320654,599.2378627345354,795236433.7345824,9505041306.789722,601.2725000000003,601.8925,594.9587999999999,601.3802565838607,599.2378627345354
2016-09-26 00:00:00.000,606.0970645363005,1917754354.0926063,9630957511.517817,bitcoin,2016,9,26,0,39,3,601.0201751894286,1305273408.488643,9546835667.524439,600.4885982190788,844317861.7579782,9525948863.220316,599.3112999999997,601.2725000000003,601.8925,601.0201751894286,600.4885982190788
2016-09-27 00:00:00.000,604.2074999999999,1448434854.0194745,9602128427.579998,bitcoin,2016,9,27,1,39,3,600.5114162518192,1376019199.570347,9539908998.581999,601.5112215524119,881274447.0288182,9543245698.471596,606.0970645363005,599.3112999999997,601.2725000000003,600.5114162518192,601.5112215524119
2016-09-28 00:00:00.000,603.5549999999997,1023325384.7386414,9592874199.359997,bitcoin,2016,9,28,2,39,3,601.6135235051858,1295188615.7995415,9558546358.514545,602.5460472736884,902672286.9669712,9560737427.47046,604.2074999999999,606.0970645363005,599.3112999999997,601.6135235051858,602.5460472736884
2016-09-29 00:00:00.000,604.6375,1291135796.181455,9611116960.350002,bitcoin,2016,9,29,3,39,3,602.9961949337572,1337496051.6137073,9581646766.804773,603.4979639403551,931890704.0922322,9576917474.79946,603.5549999999997,604.2074999999999,606.0970645363005,602.9961949337572,603.4979639403551
2016-09-30 00:00:00.000,608.2575,1177411408.0724049,9669703048.38,bitcoin,2016,9,30,4,39,3,603.9054806480428,1295461101.7386029,9597243219.150488,604.7146045178117,959954962.5464643,9597299019.917112,604.6375,603.5549999999997,604.2074999999999,603.9054806480428,604.7146045178117
2016-10-01 00:00:00.000,614.0598845176643,1673872374.027799,9763087934.558168,bitcoin,2016,10,1,5,39,4,605.732249864852,1372292317.7161698,9627416143.038797,606.1302673350672,1003866288.0721486,9620851169.082386,608.2575,604.6375,603.5549999999997,605.732249864852,606.1302673350672
2016-10-02 00:00:00.000,610.3588000000001,1018352266.657592,9705298188.7536,bitcoin,2016,10,2,6,39,4,607.3104641505664,1364326633.969996,9653595181.49994,607.3434773350672,1025194680.8100469,9641188146.997505,614.0598845176643,608.2575,604.6375,607.3104641505664,607.3434773350672
2016-10-03 00:00:00.000,611.9609026561799,767820466.9691538,9731860020.793758,bitcoin,2016,10,3,0,40,4,608.1481553105492,1200050364.3809314,9668009825.682217,607.8690074236064,1032072132.5495154,9650637033.367964,610.3588000000001,614.0598845176643,608.2575,608.1481553105492,607.8690074236064
2016-10-04 00:00:00.000,609.2425,817050996.2892424,9689785072.17,bitcoin,2016,10,4,1,40,4,608.8674410248349,1109852670.4194698,9680532203.48079,607.887464090273,1029826029.963509,9652039854.549845,611.9609026561799,610.3588000000001,614.0598845176643,608.8674410248349,607.887464090273
2016-10-05 00:00:00.000,611.6363,915039145.8889356,9729061309.2156,bitcoin,2016,10,5,2,40,4,610.0219124534063,1094383207.7266545,9699987504.888733,608.0538807569397,1039721161.7261577,9655799807.283566,609.2425,611.9609026561799,610.3588000000001,610.0219124534063,608.0538807569397
2016-10-06 00:00:00.000,610.9800000000001,714618920.4242615,9719787549.600002,bitcoin,2016,10,6,3,40,4,610.9279838819778,1012023654.0470555,9715511874.78159,608.0637540902732,1044863758.1831971,9657081512.690443,611.6363,609.2425,611.9609026561799,610.9279838819778,608.0637540902732
2016-10-07 00:00:00.000,616.2188000000002,1104537956.2128787,9804216114.139202,bitcoin,2016,10,7,4,40,4,612.0653124534064,1001613160.9242661,9734728027.032904,608.1268311370658,1061777552.2995288,9659215447.157814,610.9800000000001,611.6363,609.2425,612.0653124534064,608.1268311370658
2016-10-08 00:00:00.000,616.5338,793016113.7517544,9810492980.9568,bitcoin,2016,10,8,5,40,4,612.4187289508828,875776552.3134028,9741500176.518423,607.8290411370658,1034854681.4714909,9655634527.869375,616.2188000000002,610.9800000000001,611.6363,612.4187289508828,607.8290411370658
2016-10-09 00:00:00.000,614.6238000000001,901840112.441068,9781273121.407202,bitcoin,2016,10,9,6,40,4,613.0280146651686,859131958.8538991,9752353738.32608,607.5860844703991,1036578101.0604881,9652922574.559614,616.5338,616.2188000000002,610.9800000000001,613.0280146651686,607.5860844703991
2016-10-10 00:00:00.000,614.3138,1274169412.982478,9777010536.4368,bitcoin,2016,10,10,0,41,4,613.364142857143,931467522.5700884,9758803811.989372,607.2945844703992,1059490540.4083472,9649424947.060734,614.6238000000001,616.5338,616.2188000000002,613.364142857143,607.2945844703992
2016-10-11 00:00:00.000,640.7,2996984110.275397,10198278180.0,bitcoin,2016,10,11,1,41,4,617.8580714285715,1242886538.8538246,9831445684.536514,608.4740706310964,1118434603.0499675,9669309448.546455,614.3138,614.6238000000001,616.5338,617.8580714285715,608.4740706310964
2016-10-12 00:00:00.000,635.6163,2475619341.367628,10118464865.982,bitcoin,2016,10,12,2,41,4,621.2837857142858,1465826566.7793522,9887074764.074572,609.4669071230288,1168493041.1391854,9686221041.77189,640.7,614.3138,614.6238000000001,621.2837857142858,609.4669071230288
2016-10-13 00:00:00.000,634.6223388041233,2099764690.768364,10103624253.93074,bitcoin,2016,10,13,3,41,4,624.6612626863033,1663704533.971367,9941908578.978964,610.3994850831662,1215159125.6550157,9702168535.882914,635.6163,640.7,614.3138,624.6612626863033,610.3994850831662
2016-10-14 00:00:00.000,638.1799999999996,1671558094.2516508,10161283203.119995,bitcoin,2016,10,14,4,41,4,627.7985769720175,1744707410.8340487,9992918163.119076,611.3913184164994,1250240885.9308891,9719058873.336914,634.6223388041233,635.6163,640.7,627.7985769720175,611.3913184164994
2016-10-15 00:00:00.000,637.2088,1644480561.890038,10146912931.2,bitcoin,2016,10,15,5,41,4,630.752148400589,1866345189.1395175,10040978156.010962,612.4454850831661,1286754229.5030224,9736935716.410435,638.1799999999996,634.6223388041233,635.6163,630.752148400589,612.4454850831661
2016-10-16 00:00:00.000,640.1862999999997,1454057375.202525,10195309967.356796,bitcoin,2016,10,16,6,41,4,634.4039341148747,1945233369.5340116,10100126276.860905,613.5665828867097,1317003279.1388626,9755877956.578701,637.2088,638.1799999999996,634.6223388041233,634.4039341148747,613.5665828867097
2016-10-17 00:00:00.000,637.4825000000001,1187159912.919513,10153229676.240002,bitcoin,2016,10,17,0,42,4,637.713748400589,1932803440.953588,10153871868.261362,614.6378728867097,1338872261.5766714,9774018223.643103,640.1862999999997,637.2088,638.1799999999996,637.713748400589,614.6378728867097
2016-10-18 00:00:00.000,635.465,2024277148.457759,10122263522.22,bitcoin,2016,10,18,1,42,4,636.9658912577318,1793845303.551068,10143012631.435648,615.5268728867097,1362813303.120553,9789264869.617102,637.4825000000001,640.1862999999997,637.2088,636.9658912577318,615.5268728867097
2016-10-19 00:00:00.000,628.4375,1955775379.9281864,10011295942.5,bitcoin,2016,10,19,2,42,4,635.940348400589,1719581880.4882908,10127702785.223934,616.1875350767989,1385573856.1046233,9800873589.297392,635.465,637.4825000000001,640.1862999999997,635.940348400589,616.1875350767989
2016-10-20 00:00:00.000,628.5425,1803186001.035134,10013934081.66,bitcoin,2016,10,20,3,42,4,635.0717999999999,1677213496.2406867,10114889903.470972,616.87999132469,1413906245.5908763,9812984221.680153,628.4375,635.465,637.4825000000001,635.0717999999999,616.87999132469
2016-10-21 00:00:00.000,629.7187999999995,1283400177.493909,10033936840.324793,bitcoin,2016,10,21,4,42,4,633.8630571428572,1621762365.2752948,10096697565.928799,618.0092763504756,1403714935.802864,9832035027.02991,628.5425,628.4375,635.465,633.8630571428572,618.0092763504756
2016-10-22 00:00:00.000,652.0875,3522949282.8122096,10391486423.849998,bitcoin,2016,10,22,5,42,4,635.9885857142856,1890115039.6927478,10131636636.307371,619.9135663504755,1487980453.713861,9863437437.747627,629.7187999999995,628.5425,628.4375,635.9885857142856,619.9135663504755
2016-10-23 00:00:00.000,649.6263000000002,3643525162.781228,10353442542.796804,bitcoin,2016,10,23,6,42,4,637.3371571428571,2202896152.2039914,10154227004.227371,621.5046930171422,1560376090.566631,9889867926.44219,652.0875,629.7187999999995,628.5425,637.3371571428571,621.5046930171422
2016-10-24 00:00:00.000,648.7663,3212766801.21308,10340849544.8076,bitcoin,2016,10,24,0,43,4,638.9491285714286,2492268564.8173575,10181029842.594172,623.0878196838089,1629599855.2009056,9916166995.691109,649.6263000000002,652.0875,629.7187999999995,638.9491285714286,623.0878196838089
2016-10-25 00:00:00.000,652.6338,2499429907.052547,10403520542.2512,bitcoin,2016,10,25,1,43,4,641.4018142857142,2560147530.3308992,10221209416.884342,624.8652363504756,1677110450.3399637,9945549516.44863,648.7663,649.6263000000002,652.0875,641.4018142857142,624.8652363504756
2016-10-26 00:00:00.000,673.4175000000001,4850797702.725285,10735427840.760002,bitcoin,2016,10,26,2,43,4,647.8275285714286,2973722147.8733416,10324656830.921484,627.1092508659323,1774878561.961053,9982365194.090034,652.6338,648.7663,649.6263000000002,647.8275285714286,627.1092508659323
2016-10-27 00:00:00.000,683.3724999999998,5041475157.287174,10896021892.289995,bitcoin,2016,10,27,3,43,4,655.6603857142857,3436334884.4807763,10450669375.2972,629.7480841992656,1894646572.0699763,10025494976.247036,673.4175000000001,652.6338,648.7663,655.6603857142857,629.7480841992656
2016-10-28 00:00:00.000,687.5587999999999,5069538565.893592,10963463344.929598,bitcoin,2016,10,28,4,43,4,663.9232428571429,3977211797.109302,10583458875.955029,632.5482108659323,2029520344.7751415,10071181281.099356,683.3724999999998,673.4175000000001,652.6338,663.9232428571429,632.5482108659323
2016-10-29 00:00:00.000,715.4103243232163,6838400543.297884,11409389607.07833,bitcoin,2016,10,29,5,43,4,672.9693606176023,4450847691.464398,10728873616.416218,636.2406383433729,2214429169.6790223,10131123702.656965,687.5587999999999,683.3724999999998,673.4175000000001,672.9693606176023,636.2406383433729
2016-10-30 00:00:00.000,697.2773624560577,5824289996.154985,11121149986.537748,bitcoin,2016,10,30,6,43,4,679.776655254182,4762385524.803507,10838546108.379211,639.2079670919081,2369325122.615108,10179505267.262226,715.4103243232163,687.5587999999999,683.3724999999998,679.776655254182,639.2079670919081
2016-10-31 00:00:00.000,698.5762999999998,6861251336.346381,11143032475.877998,bitcoin,2016,10,31,0,44,4,686.8923695398962,5283597601.2511215,10953143669.960695,642.0251809413191,2542237754.6923947,10225503418.639553,697.2773624560577,715.4103243232163,687.5587999999999,686.8923695398962,642.0251809413191
2016-11-01 00:00:00.000,729.2049999999999,5882440878.971315,11633474056.2,bitcoin,2016,11,1,1,44,4,697.8311123970391,5766884882.953802,11128851314.810526,645.9867209413192,2704374041.7695184,10289775947.554434,698.5762999999998,697.2773624560577,715.4103243232163,697.8311123970391,645.9867209413192
2016-11-02 00:00:00.000,734.1638,4549460043.379515,11713747881.6912,bitcoin,2016,11,2,2,44,4,706.5091552541819,5723836645.904407,11268611320.657839,650.0601508527799,2830428694.3165307,10355838876.251015,729.2049999999999,698.5762999999998,697.2773624560577,706.5091552541819,650.0601508527799
2016-11-03 00:00:00.000,686.0612999999995,10469111039.375326,10947521327.777992,bitcoin,2016,11,3,3,44,4,706.8932695398962,6499213200.488427,11275968382.870409,652.6207775194466,3152164029.0860667,10397763418.104612,734.1638,729.2049999999999,698.5762999999998,706.8932695398962,652.6207775194466
2016-11-04 00:00:00.000,702.11,5929334120.52332,11204614009.68,bitcoin,2016,11,4,4,44,4,708.9720123970391,6622041136.864104,11310418477.834751,655.6365675194465,3319307194.9072127,10446948508.120092,686.0612999999995,734.1638,729.2049999999999,708.9720123970391,655.6365675194465
2016-11-05 00:00:00.000,704.0224999999997,2146200087.784668,11236368065.399996,bitcoin,2016,11,5,5,44,4,707.3451803508652,5951726786.076501,11285701114.73785,658.7379841861132,3367026567.1525593,10497501191.980095,702.11,686.0612999999995,734.1638,707.3451803508652,658.7379841861132
2016-11-06 00:00:00.000,712.1263000000001,2676516223.714126,11367022667.714403,bitcoin,2016,11,6,6,44,4,709.4664571428569,5502044818.58495,11320825783.477371,661.93490085278,3419425842.7359343,10549594743.765934,704.0224999999997,702.11,686.0612999999995,709.4664571428569,661.93490085278
2016-11-07 00:00:00.000,706.0925,3299753094.289381,11271922275.87,bitcoin,2016,11,7,0,45,4,710.5402,4993259355.43395,11339238612.047655,664.9201908527798,3502983742.0871887,10598309053.596375,712.1263000000001,704.0224999999997,702.11,710.5402,664.9201908527798
2016-11-08 00:00:00.000,708.9399999999999,3071821253.356335,11318680821.599998,bitcoin,2016,11,8,1,45,4,707.6451999999999,4591742266.060382,11294268149.96194,668.0640641861132,3575316446.784364,10649555976.936132,706.0925,712.1263000000001,704.0224999999997,707.6451999999999,668.0640641861132
2016-11-09 00:00:00.000,721.1774999999999,4364284007.6703005,11515479618.419998,bitcoin,2016,11,9,2,45,4,705.7900142857142,4565288546.67335,11265944112.35177,671.6261875194465,3678320266.607292,10707504946.335573,708.9399999999999,706.0925,712.1263000000001,705.7900142857142,671.6261875194465
2016-11-10 00:00:00.000,713.2141433353438,3237455965.9222164,11389753141.977827,bitcoin,2016,11,10,3,45,4,709.668991905049,3532194964.7514777,11329120085.808887,674.0433256306246,3686335995.1288524,10747220778.4015,721.1774999999999,708.9399999999999,706.0925,709.668991905049,674.0433256306246
2016-11-11 00:00:00.000,715.6425000000002,3576474207.6949515,11429941440.150002,bitcoin,2016,11,11,4,45,4,711.6022061907634,3196072120.0617113,11361309718.733173,676.7108656306247,3723031157.339763,10790936664.2071,713.2141433353438,721.1774999999999,708.9399999999999,711.6022061907634,676.7108656306247
2016-11-12 00:00:00.000,703.76,6291883753.808641,11241603256.32,bitcoin,2016,11,12,5,45,4,711.5647061907633,3788312643.7794223,11362057603.150318,679.0154543371538,3862768459.4411063,10828869297.620077,715.6425000000002,713.2141433353438,721.1774999999999,711.5647061907633,679.0154543371538
2016-11-13 00:00:00.000,702.3463169808624,3720281492.578269,11220193117.664371,bitcoin,2016,11,13,6,45,4,710.1675657594581,3937421967.9028707,11341081953.143171,681.1543315698493,3931059239.385327,10864166294.771555,703.76,715.6425000000002,713.2141433353438,710.1675657594581,681.1543315698493
2016-11-14 00:00:00.000,705.55,5335752435.403928,11279469101.249998,bitcoin,2016,11,14,0,46,4,710.0900657594581,4228279016.6335196,11342160071.0546,683.4323715698494,4054101635.1691227,10901918167.106556,702.3463169808624,703.76,715.6425000000002,710.0900657594581,683.4323715698494
2016-11-15 00:00:00.000,712.158899800779,7530105088.629448,11386521351.124006,bitcoin,2016,11,15,1,46,4,710.5499085881407,4865176707.386823,11351851575.272314,685.8314582298752,4256636558.9500203,10941625213.232128,705.55,702.3463169808624,703.76,710.5499085881407,685.8314582298752
2016-11-16 00:00:00.000,740.8993548679168,9936150861.137636,11847684538.725117,bitcoin,2016,11,16,2,46,4,713.3673164264146,5661157686.453585,11399309421.030188,689.2786867254725,4548269590.557291,10998107041.981632,712.158899800779,705.55,702.3463169808624,713.3673164264146,689.2786867254725
2016-11-17 00:00:00.000,738.4799999999999,5475859342.756743,11810455253.999998,bitcoin,2016,11,17,3,46,4,716.9767245213654,5980929597.429945,11459409722.74764,692.7125200588058,4663322330.367258,11054380099.707634,740.8993548679168,712.158899800779,705.55,716.9767245213654,692.7125200588058
2016-11-18 00:00:00.000,748.4263,3987706064.67461,11970910272.5825,bitcoin,2016,11,18,4,46,4,721.6601245213653,6039677005.569898,11536690984.523714,696.7121467254725,4731053353.192138,11119700577.377048,738.4799999999999,740.8993548679168,712.158899800779,721.6601245213653,696.7121467254725
2016-11-19 00:00:00.000,750.4100480749124,3235133019.051604,12003962099.202116,bitcoin,2016,11,19,5,46,4,728.3244171034959,5602998329.176034,11645599390.64973,700.7743983279696,4778784920.459353,11186034844.628454,748.4263,738.4799999999999,740.8993548679168,728.3244171034959,700.7743983279696
2016-11-20 00:00:00.000,728.3713,5039283039.972013,11652611522.3775,bitcoin,2016,11,20,6,46,4,732.0422718205155,5791427121.660853,11707373448.46589,704.0628149946363,4903981015.87529,11239990667.363544,750.4100480749124,748.4263,738.4799999999999,732.0422718205155,704.0628149946363
2016-11-21 00:00:00.000,736.5049999999998,3192815797.461711,11783996774.934998,bitcoin,2016,11,21,0,47,4,736.4644146776582,5485293316.240539,11779448830.420889,706.876731661303,4892976566.363607,11286407679.066378,728.3713,750.4100480749124,748.4263,736.4644146776582,706.876731661303
2016-11-22 00:00:00.000,748.1225,3267220913.651425,11971109864.2825,bitcoin,2016,11,22,1,47,4,741.6020718489756,4876309862.67225,11862961475.157818,710.1599383279696,4880433091.392613,11340329923.1159,736.5049999999998,728.3713,750.4100480749124,741.6020718489756,710.1599383279696
2016-11-23 00:00:00.000,741.1662465178737,3775381682.6307497,11861151745.206772,bitcoin,2016,11,23,2,47,4,741.6401992275407,3996199980.028408,11864885361.798054,713.2399365452319,4899186920.773203,11391006663.129206,748.1225,736.5049999999998,728.3713,741.6401992275407,713.2399365452319
2016-11-24 00:00:00.000,736.7486937230678,3798900330.481789,11791975961.232533,bitcoin,2016,11,24,3,47,4,741.3928697594076,3756634406.8462715,11862245462.831274,716.0437663360009,4942502601.554178,11437288510.428585,741.1662465178737,748.1225,736.5049999999998,741.3928697594076,716.0437663360009
2016-11-25 00:00:00.000,738.2039432073005,2481664641.7581058,11816670435.200802,bitcoin,2016,11,25,4,47,4,739.9325330747363,3541485632.1439137,11840211200.348173,718.2033144429109,4863531499.521938,11473329930.243279,736.7486937230678,741.1662465178737,748.1225,739.9325330747363,718.2033144429109
2016-11-26 00:00:00.000,732.7338000000001,2391921659.307202,11730463632.615002,bitcoin,2016,11,26,5,47,4,737.4073547783202,3421026866.466142,11801139990.835728,719.8486911095777,4775213049.5892725,11501144654.920776,738.2039432073005,736.7486937230678,741.1662465178737,737.4073547783202,719.8486911095777
2016-11-27 00:00:00.000,727.7574999999999,2688074106.338304,11652161720.374998,bitcoin,2016,11,27,6,47,4,737.3196690640345,3085139875.947041,11801075733.4068,721.1886477762442,4695830900.937429,11524101267.435625,732.7338000000001,738.2039432073005,736.7486937230678,737.3196690640345,721.1886477762442
2016-11-28 00:00:00.000,731.8424613583487,2451726073.738056,11719038707.963842,bitcoin,2016,11,28,0,48,4,736.6535921152273,2979269915.41509,11791796009.553776,721.7363856774153,4549608418.618769,11534422904.131805,727.7574999999999,732.7338000000001,738.2039432073005,736.6535921152273,721.7363856774153
2016-11-29 00:00:00.000,731.81,1904325475.8200665,11719891045.97,bitcoin,2016,11,29,1,48,4,734.3232349723701,2784570567.1534677,11755907606.937708,722.8874735955468,4418942934.607605,11554380939.446217,731.8424613583487,727.7574999999999,732.7338000000001,734.3232349723701,722.8874735955468
2016-11-30 00:00:00.000,742.3587999999997,4489070914.743196,11890119632.989996,bitcoin,2016,11,30,2,48,4,734.493599755531,2886526171.74096,11760045876.621027,724.3468902622135,4339870253.887499,11579283844.683283,731.81,731.8424613583487,727.7574999999999,734.493599755531,724.3468902622135
2016-12-01 00:00:00.000,753.0550000000001,5522487160.404118,12062849170.250002,bitcoin,2016,12,1,3,48,4,736.823072080807,3132752861.7298636,11798742049.337805,725.1418902622135,4327871796.601925,11593596348.48495,742.3587999999997,731.81,731.8424613583487,736.823072080807,725.1418902622135
2016-12-02 00:00:00.000,771.1713,4613958357.972869,12354385552.1631,bitcoin,2016,12,2,4,48,4,741.5326944797641,3437366249.7605443,11875558494.618135,726.3754735955467,4330021740.421703,11614950937.500677,753.0550000000001,742.3587999999997,731.81,741.5326944797641,726.3754735955467
2016-12-03 00:00:00.000,764.8338233239153,2869024714.2296567,12254501749.676563,bitcoin,2016,12,3,5,48,4,746.1184120974664,3505523829.0351806,11950421082.769787,729.0012243730106,4076685529.5835147,11658516951.563965,771.1713,753.0550000000001,742.3587999999997,746.1184120974664,729.0012243730106
2016-12-04 00:00:00.000,766.3687999999997,3517012111.83186,12280532758.265596,bitcoin,2016,12,4,6,48,4,751.6343120974661,3623943544.105689,12040188373.897015,731.1431843730105,3996274795.960466,11694380909.850153,764.8338233239153,771.1713,753.0550000000001,751.6343120974661,731.1431843730105
2016-12-05 00:00:00.000,752.2399999999997,3552862904.938212,12055567493.999994,bitcoin,2016,12,5,0,49,4,754.5482461891306,3781248805.705711,12088263914.759323,732.7504343730106,4043163556.532251,11721687557.47015,766.3687999999997,764.8338233239153,771.1713,754.5482461891306,732.7504343730106
2016-12-06 00:00:00.000,758.6924999999999,3256985152.1415324,12160418226.562498,bitcoin,2016,12,6,1,49,4,758.3886033319878,3974485902.3230634,12151196369.129679,734.3026410396773,4062512520.813164,11748134076.09842,752.2399999999997,766.3687999999997,764.8338233239153,758.3886033319878,734.3026410396773
2016-12-07 00:00:00.000,763.9149999999998,2603948961.3748693,12245767526.624998,bitcoin,2016,12,7,2,49,4,761.468060474845,3705182766.1275887,12202003211.077534,736.2300577063439,4039319049.716014,11780595584.456919,758.6924999999999,752.2399999999997,766.3687999999997,761.468060474845,736.2300577063439
2016-12-08 00:00:00.000,768.6749999999998,2683311953.2487645,12323570551.874998,bitcoin,2016,12,8,3,49,4,763.6994890462735,3299586307.9625373,12239249122.738249,738.2212243730106,4026368739.712428,11814091908.79942,763.9149999999998,758.6924999999999,752.2399999999997,763.6994890462735,738.2212243730106
2016-12-09 00:00:00.000,769.8412999999998,3111825855.1299825,12343519928.004995,bitcoin,2016,12,9,4,49,4,763.5094890462734,3084995950.413554,12237696890.715664,739.8433510396773,3984620134.627751,11841693252.452253,768.6749999999998,763.9149999999998,758.6924999999999,763.5094890462734,739.8433510396773
2016-12-10 00:00:00.000,773.1262933845235,6551233315.762556,12397466677.567526,bitcoin,2016,12,10,5,49,4,764.6941276263603,3611025750.63254,12258120451.842943,741.8404227079833,4095079379.622429,11875283703.638578,769.8412999999998,768.6749999999998,763.9149999999998,764.6941276263603,741.8404227079833
2016-12-11 00:00:00.000,768.2324999999998,5508375144.4026575,12320826024.727495,bitcoin,2016,12,11,6,49,4,764.9603704835032,3895506183.856939,12263876632.766071,743.5934227079832,4159476077.5126863,11904979856.457827,773.1262933845235,769.8412999999998,768.6749999999998,764.9603704835032,743.5934227079832
2016-12-12 00:00:00.000,778.4323012225746,6313690793.836448,12485927227.144997,bitcoin,2016,12,12,0,50,4,768.702127801014,4289910167.985259,12325356594.64393,746.0824994154025,4160202978.846946,11946457322.15199,768.2324999999998,773.1262933845235,769.8412999999998,768.702127801014,746.0824994154025
2016-12-13 00:00:00.000,778.2150000000004,2821130580.1213617,12484153823.955006,bitcoin,2016,12,13,1,50,4,771.4910563724425,4227645229.125234,12371604537.128572,748.6114555160403,4130231281.7650495,11988589345.695013,778.4323012225746,768.2324999999998,773.1262933845235,771.4910563724425,748.6114555160403
2016-12-14 00:00:00.000,775.8913000000002,1558761070.8253195,12444714533.525003,bitcoin,2016,12,14,2,50,4,773.2019563724425,4078332673.332441,12400025538.114288,750.9561655160403,4004331569.6124287,12027430860.104181,778.2150000000004,778.4323012225746,768.2324999999998,773.2019563724425,750.9561655160403
2016-12-15 00:00:00.000,775.5724999999998,1345904094.1102345,12444351602.187496,bitcoin,2016,12,15,3,50,4,774.1873135152998,3887274407.741223,12417279973.873217,753.0699521893478,3798191536.4617887,12062691868.472965,775.8913000000002,778.2150000000004,778.4323012225746,774.1873135152998,753.0699521893478
2016-12-16 00:00:00.000,781.3375000000001,1764681181.2608929,12538210372.3,bitcoin,2016,12,16,4,50,4,775.829627801014,3694825168.617067,12445092894.486788,754.4178903604171,3525809213.79923,12085709396.258793,775.5724999999998,775.8913000000002,778.2150000000004,775.829627801014,754.4178903604171
2016-12-17 00:00:00.000,788.8774999999998,1759607152.1914372,12660596387.812498,bitcoin,2016,12,17,5,50,4,778.0798001746534,3010307145.2497644,12482682853.093214,756.0978070270838,3401934140.780387,12114047434.052544,781.3375000000001,775.5724999999998,775.8913000000002,778.0798001746534,756.0978070270838
2016-12-18 00:00:00.000,788.4413000000003,1469513205.1864016,12654965391.075603,bitcoin,2016,12,18,6,50,4,780.9667716032249,2433326868.2188706,12530417048.2858,757.4316403604172,3317994378.7974463,12136849271.33565,788.8774999999998,781.3375000000001,775.5724999999998,780.9667716032249,757.4316403604172
2016-12-19 00:00:00.000,790.1162999999996,1102832366.9469736,12683371140.053097,bitcoin,2016,12,19,0,51,4,782.6359142857143,1688918521.5203743,12558623321.558384,758.7551820912535,3246917690.3939586,12159496239.364014,788.4413000000003,788.8774999999998,781.3375000000001,782.6359142857143,758.7551820912535
2016-12-20 00:00:00.000,799.7212999999999,1894271979.553395,12838925680.525,bitcoin,2016,12,20,1,51,4,785.7082428571429,1556510150.0106652,12609305015.3541,761.1335154245867,3142083988.3800044,12199040044.635595,790.1162999999996,788.4413000000003,788.8774999999998,785.7082428571429,761.1335154245867
2016-12-21 00:00:00.000,826.6207679031857,6050784065.735313,13272429704.645523,bitcoin,2016,12,21,2,51,4,792.9553097004551,2198227720.7120924,12727550039.79989,764.137374354693,3237349597.3224583,12248654475.625948,799.7212999999999,790.1162999999996,788.4413000000003,792.9553097004551,764.137374354693
2016-12-22 00:00:00.000,859.3662999999999,7952522425.204329,13799864746.8981,bitcoin,2016,12,22,3,51,4,804.9258525575979,3142030339.4398203,12921194774.758547,767.8455010213596,3393526314.374222,12309612971.713135,826.6207679031857,799.7212999999999,790.1162999999996,804.9258525575979,767.8455010213596
2016-12-23 00:00:00.000,917.0988,5647399305.622811,14728698437.88,bitcoin,2016,12,23,4,51,4,824.3203239861693,3696704357.205808,13234121641.269974,773.7099194707639,3455926901.80729,12405197861.468908,859.3662999999999,826.6207679031857,799.7212999999999,824.3203239861693,773.7099194707639
2016-12-24 00:00:00.000,891.6813,4642138992.135109,14322006704.34,bitcoin,2016,12,24,5,51,4,839.0065811290266,4108494620.0549045,13471465972.202475,778.8743396799948,3484034857.1957345,12489532219.572489,917.0988,859.3662999999999,826.6207679031857,839.0065811290266,778.8743396799948
2016-12-25 00:00:00.000,894.3371331688621,4022250326.352514,14366519915.082954,bitcoin,2016,12,25,6,51,4,854.1345572960068,4473171351.6500635,13715973761.34638,784.0787793453803,3535387713.3488812,12574527202.23523,891.6813,917.0988,859.3662999999999,854.1345572960068,784.0787793453803
2016-12-26 00:00:00.000,902.6063,4809313197.626971,14501002033.91,bitcoin,2016,12,26,0,52,4,870.2045572960069,5002668613.175778,13975635317.611654,789.7411960120469,3615967431.2928743,12666878482.278395,894.3371331688621,891.6813,917.0988,870.2045572960069,789.7411960120469
2016-12-27 00:00:00.000,929.115,4597863955.069579,14928671401.875002,bitcoin,2016,12,27,1,52,4,888.6893715817212,5388896038.249518,14274170420.661654,796.4531126787135,3679627092.9172497,12776095471.66173,902.6063,894.3371331688621,891.6813,888.6893715817212,796.4531126787135
2016-12-28 00:00:00.000,977.14,4906008701.836555,15702309526.679998,bitcoin,2016,12,28,2,52,4,910.192119024123,5225356700.549696,14621296109.523722,804.6296973001021,3761436513.853866,12908871165.618935,929.115,902.6063,894.3371331688621,910.192119024123,804.6296973001021
2016-12-29 00:00:00.000,971.7212999999998,3796961161.0862846,15617018872.949997,bitcoin,2016,12,29,3,52,4,926.2428333098375,4631705091.389975,14880889556.102564,812.6267406334352,3824524370.0294065,13038775426.518269,977.14,929.115,902.6063,926.2428333098375,812.6267406334352
2016-12-30 00:00:00.000,960.925,4380999912.176424,15445427987.500002,bitcoin,2016,12,30,4,52,4,932.5037190241231,4450790892.326205,14983279491.762564,819.9122806334352,3820922003.277181,13157285705.001934,971.7212999999998,977.14,929.115,932.5037190241231,819.9122806334352
2016-12-31 00:00:00.000,966.5689708732556,3381572989.475814,15537921940.53077,bitcoin,2016,12,31,5,52,4,943.2019577203025,4270710034.8034487,15156981668.361248,827.0294129958771,3749558197.5795712,13273121464.011293,960.925,971.7212999999998,977.14,943.2019577203025,827.0294129958771
2017-01-01 00:00:00.000,998.05,3470830329.607551,16045986192.85,bitcoin,2017,1,1,6,52,1,958.0180815533222,4191935749.554168,15396905422.327969,834.5920363292105,3711453929.9673934,13396174818.700857,966.5689708732556,960.925,971.7212999999998,958.0180815533222,834.5920363292105
2017-01-02 00:00:00.000,1019.1988,4444828109.160988,16387926824.930002,bitcoin,2017,1,2,0,1,1,974.6741529818937,4139866451.2018847,15666466106.759396,843.0708688850801,3763980709.798438,13533955654.542639,998.05,966.5689708732556,960.925,974.6741529818937,843.0708688850801
2017-01-03 00:00:00.000,1035.5313,4399421326.952804,16652715382.972502,bitcoin,2017,1,3,1,1,1,989.8764815533222,4111517504.32806,15912758104.059038,852.0429522184133,3793394350.3024697,13679695075.366201,1019.1988,998.05,966.5689708732556,989.8764815533222,852.0429522184133
2017-01-04 00:00:00.000,1130.8495163207272,8705359110.270647,18187664239.845806,bitcoin,2017,1,4,2,1,1,1011.8349838848546,4654281848.390073,16267808777.36844,864.6632694291042,3965144223.813551,13884098300.22773,1035.5313,1019.1988,998.05,1011.8349838848546,864.6632694291042
2017-01-05 00:00:00.000,990.6674999999996,12102750396.564293,15934886737.499996,bitcoin,2017,1,5,3,1,1,1014.5415838848546,5840823167.744074,16313218472.304155,872.3957694291042,4260003065.294309,14009913917.25898,1130.8495163207272,1035.5313,1019.1988,1014.5415838848546,872.3957694291042
2017-01-06 00:00:00.000,894.0325,10713248031.59434,14382278476.6875,bitcoin,2017,1,6,4,1,1,1004.9855124562831,6745430041.946633,16161339970.759512,876.7330194291043,4530313034.301625,14081130948.92773,990.6674999999996,1130.8495163207272,1035.5313,1004.9855124562831,876.7330194291043
2017-01-07 00:00:00.000,900.0787999999999,7496626398.452948,14481153594.445597,bitcoin,2017,1,7,5,1,1,995.4869166172467,7333294814.657653,16010373064.175915,881.113146095771,4690756849.141765,14153050383.680082,894.0325,990.6674999999996,1130.8495163207272,995.4869166172467,881.113146095771
2017-01-08 00:00:00.000,908.0850000000004,4735054808.286752,14611836820.125006,bitcoin,2017,1,8,6,1,1,982.6347737601038,7513898311.611824,15805494582.358059,885.7212694291043,4744864480.913656,14228660946.75075,900.0787999999999,894.0325,990.6674999999996,982.6347737601038,885.7212694291043
2017-01-09 00:00:00.000,901.8788880390636,4072687734.819042,14513519375.287489,bitcoin,2017,1,9,0,2,1,965.8747863371129,7460735400.991547,15537722089.551985,890.0130225842555,4662246294.882206,14299196036.674747,908.0850000000004,900.0787999999999,894.0325,965.8747863371129,890.0130225842555
2017-01-10 00:00:00.000,905.759462698434,3216810928.8509765,14577733897.52693,bitcoin,2017,1,10,1,2,1,947.3359524368892,7291791058.405571,15241296163.05976,894.5972546742034,4585860821.030484,14374426299.101397,901.8788880390636,908.0850000000004,900.0787999999999,947.3359524368892,894.5972546742034
2017-01-11 00:00:00.000,784.2775000000003,5258603516.371743,12624083564.875004,bitcoin,2017,1,11,2,2,1,897.8256643910711,6799397402.134299,14446498923.778215,894.7920946334509,4550691245.114994,14379031510.359064,905.759462698434,901.8788880390636,908.0850000000004,897.8256643910711,894.7920946334509
2017-01-12 00:00:00.000,799.4275,3344901197.95181,12869633173.255,bitcoin,2017,1,12,3,2,1,870.5056643910712,5548276088.046802,14008605557.457502,895.4991779667843,4568150265.709342,14391880822.002398,784.2775000000003,905.759462698434,901.8788880390636,870.5056643910712,895.4991779667843
2017-01-13 00:00:00.000,824.4988000000003,1860269657.1335683,13274790985.975603,bitcoin,2017,1,13,4,2,1,860.5722786767855,4283564891.695263,13850393058.784374,897.1194279667842,4578200551.919617,14419550037.084082,799.4275,784.2775000000003,905.759462698434,860.5722786767855,897.1194279667842
2017-01-14 00:00:00.000,817.8250000000003,1204479772.0607476,13169067953.750004,bitcoin,2017,1,14,5,2,1,848.8217358196426,3384686802.210663,13662952252.97072,898.5278446334509,4573486407.8513,14443707248.802832,824.4988000000003,799.4275,784.2775000000003,848.8217358196426,898.5278446334509
2017-01-15 00:00:00.000,821.9124999999998,923896735.4232056,13236623006.074997,bitcoin,2017,1,15,6,2,1,836.5113786767854,2840235648.9444423,13466493136.67786,899.880344633451,4545460259.656711,14466987669.928667,817.8250000000003,824.4988000000003,799.4275,836.5113786767854,899.880344633451
2017-01-16 00:00:00.000,828.3099999999998,831361487.5460993,13341392032.219995,bitcoin,2017,1,16,0,3,1,826.0015375283477,2377189042.1911645,13299046373.382505,901.1947613001175,4514518737.501866,14489680858.075583,821.9124999999998,817.8250000000003,824.4988000000003,826.0015375283477,901.1947613001175
2017-01-17 00:00:00.000,904.1525000000004,1316827456.7886617,14564800038.017504,bitcoin,2017,1,17,1,3,1,825.7719714285715,2105762831.896548,13297198679.166872,905.0518013001176,4509429212.555275,14553342012.973644,828.3099999999998,821.9124999999998,817.8250000000003,825.7719714285715,905.0518013001176
2017-01-18 00:00:00.000,873.9349999999996,1147970282.1944575,14079682756.124992,bitcoin,2017,1,18,2,3,1,838.5801857142858,1518529512.7283642,13505141420.774014,907.8457579667843,4510933809.730191,14599885733.509375,904.1525000000004,828.3099999999998,821.9124999999998,838.5801857142858,907.8457579667843
2017-01-19 00:00:00.000,896.89,875858520.4030075,14451431614.25,bitcoin,2017,1,19,3,3,1,852.5034000000002,1165809130.2213924,13731112626.630444,911.084714633451,4476986694.425179,14653635931.300209,873.9349999999996,904.1525000000004,828.3099999999998,852.5034000000002,911.084714633451
2017-01-20 00:00:00.000,891.4588,613796288.0985693,14366002978.3256,bitcoin,2017,1,20,4,3,1,862.0691142857142,987741506.0735356,13887000054.109013,913.2459823700115,4295753768.503954,14690088373.756212,896.89,873.9349999999996,904.1525000000004,862.0691142857142,913.2459823700115
2017-01-21 00:00:00.000,919.6775000000004,683491208.3440663,14822821174.630005,bitcoin,2017,1,21,5,3,1,876.6194714285714,913314568.3997239,14123250514.234728,915.2563557033446,4053452727.9419446,14724186921.347277,891.4588,896.89,873.9349999999996,876.6194714285714,915.2563557033446
2017-01-22 00:00:00.000,918.7788120146554,830201798.1765068,14810403902.437784,bitcoin,2017,1,22,6,3,1,890.4575160020937,899929577.3644812,14348076356.572268,915.3123561038333,3892879477.6937346,14726910436.832533,919.6775000000004,891.4588,896.89,890.4575160020937,915.3123561038333
2017-01-23 00:00:00.000,918.9075,467022882.8612433,14814052397.812502,bitcoin,2017,1,23,0,4,1,903.4000160020936,847881205.2666446,14558456408.79977,916.2198961038333,3753708940.717939,14743311959.948284,918.7788120146554,919.6775000000004,891.4588,903.4000160020936,916.2198961038333
2017-01-24 00:00:00.000,885.7887999999999,378666162.5916256,14281760609.6256,bitcoin,2017,1,24,1,4,1,900.7766302878078,713858163.2384965,14518022204.743784,915.9349516648712,3632256135.2592425,14740486649.76637,918.9075,918.7788120146554,919.6775000000004,900.7766302878078,915.9349516648712
2017-01-25 00:00:00.000,893.4737999999999,381951425.9179588,14407365094.065598,bitcoin,2017,1,25,2,4,1,903.5678874306651,604426898.0561397,14564833967.306726,915.6305349982046,3484677409.5356083,14737365418.438227,885.7887999999999,918.9075,918.7788120146554,903.5678874306651,915.6305349982046
2017-01-26 00:00:00.000,915.36,58349366.78102703,14762033603.999998,bitcoin,2017,1,26,3,4,1,906.2064588592365,487639876.1101424,14609205680.128155,915.1720349982046,3333360256.5926576,14731810825.175726,893.4737999999999,885.7887999999999,918.9075,906.2064588592365,915.1720349982046
2017-01-27 00:00:00.000,918.2875,49029317.21219829,14811184892.8875,bitcoin,2017,1,27,4,4,1,910.039130287808,406958880.2692323,14672803096.49414,913.2102849982044,3171460943.771845,14702106670.715977,915.36,893.4737999999999,885.7887999999999,910.039130287808,913.2102849982044
2017-01-28 00:00:00.000,920.245,21882209.48833088,14844529150.19,bitcoin,2017,1,28,5,4,1,910.1202017163794,312443309.0041272,14675904235.859854,911.4944083315379,3045624978.7185802,14676357013.290644,918.2875,915.36,893.4737999999999,910.1202017163794,911.4944083315379
2017-01-29 00:00:00.000,914.1424999999998,20288320.82125005,14747986190.022495,bitcoin,2017,1,29,6,4,1,909.4578714285715,196741383.66766196,14666987419.800528,909.9349916648713,2900267925.6734076,14653108953.374725,920.245,918.2875,915.36,909.4578714285715,909.9349916648713
2017-01-30 00:00:00.000,920.991145882262,30166025.39613328,14860100039.695711,bitcoin,2017,1,30,0,5,1,909.7555351260373,134333261.17264628,14673565654.355272,908.415730831838,2788554360.204085,14630514890.013557,914.1424999999998,920.245,918.2875,909.7555351260373,908.415730831838
2017-01-31 00:00:00.000,968.2663,101775253.2428098,15624634422.4056,bitcoin,2017,1,31,1,5,1,921.5380351260375,94777416.9799583,14865404770.466702,907.4229408318381,2676252524.3252606,14616469830.998745,920.991145882262,914.1424999999998,920.245,921.5380351260375,907.4229408318381
2017-02-01 00:00:00.000,986.5728903454352,92784081.5523147,15922459702.093218,bitcoin,2017,2,1,2,5,1,934.8379051753852,53467796.35629486,15081846857.32779,906.3354105100192,2531184390.0716376,14600954260.237516,968.2663,920.991145882262,914.1424999999998,934.8379051753852,906.3354105100192
2017-02-02 00:00:00.000,1008.4033182231416,93269627.17186482,16276789219.937464,bitcoin,2017,2,2,3,5,1,948.1298077786913,58456404.9835574,15298240516.747427,905.4311444507907,2387646000.07894,14588423388.13635,986.5728903454352,968.2663,920.991145882262,948.1298077786913,905.4311444507907
2017-02-03 00:00:00.000,1015.4425,138411478.18957058,16392262891.437502,bitcoin,2017,2,3,4,5,1,962.0090934929768,71225285.12318201,15524108802.254568,901.5842439067663,2102081079.0095706,14528576676.52274,1008.4033182231416,986.5728903454352,968.2663,962.0090934929768,901.5842439067663
2017-02-04 00:00:00.000,1033.63,99014097.1355952,16687723783.25,bitcoin,2017,2,4,5,5,1,978.206950635834,82244126.21564834,15787422321.263142,903.0163272400998,1701956535.6952808,14553671244.714407,1015.4425,1008.4033182231416,986.5728903454352,978.206950635834,903.0163272400998
2017-02-05 00:00:00.000,1016.9261585954308,75284571.16114573,16420090077.568644,bitcoin,2017,2,5,6,5,1,992.8903304351813,90100733.40706202,16026294305.198305,907.1127825266141,1347357753.6808407,14621598298.07711,1033.63,1015.4425,1008.4033182231416,992.8903304351813,907.1127825266141
2017-02-06 00:00:00.000,1024.5110886063285,73413586.50003262,16544150319.051847,bitcoin,2017,2,6,0,6,1,1007.6788936814766,96278956.42190477,16266872916.534895,911.2605254801584,1099917326.6157439,14690364855.563988,1016.9261585954308,1033.63,1015.4425,1007.6788936814766,911.2605254801584
2017-02-07 00:00:00.000,1051.5000000000005,89525304.92230712,16981015237.500008,bitcoin,2017,2,7,1,6,1,1019.5694222529053,94528963.80469011,16460641604.405527,916.0410254801585,945066343.1702625,14769337469.476488,1024.5110886063285,1016.9261585954308,1033.63,1019.5694222529053,916.0410254801585
2017-02-08 00:00:00.000,1055.3013,164316931.3624948,17045265643.7481,bitcoin,2017,2,8,2,6,1,1029.3877664892718,104747942.34900156,16621042453.213366,921.1551058788563,814787316.3883774,14853729011.758507,1051.5000000000005,1024.5110886063285,1016.9261585954308,1029.3877664892718,921.1551058788563
2017-02-09 00:00:00.000,981.705,333977588.2356619,15858560740.5,bitcoin,2017,2,9,3,6,1,1025.5737210288228,139134793.929544,16561295527.579441,923.6866237889085,718692871.7012002,14896423239.857609,1055.3013,1051.5000000000005,1024.5110886063285,1025.5737210288228,923.6866237889085
2017-02-10 00:00:00.000,992.1113,155061226.92505568,16028562068.1356,bitcoin,2017,2,10,4,6,1,1022.2406924573944,141513329.4631847,16509338267.107742,930.6144171222419,548574795.3863107,15009905856.632963,981.705,1055.3013,1051.5000000000005,1022.2406924573944,930.6144171222419
2017-02-11 00:00:00.000,1010.9462999999998,61189139.07653336,16334579162.865597,bitcoin,2017,2,11,5,6,1,1019.0001638859657,136109764.0261759,16458889035.624256,937.6650437889085,439117726.75713474,15125404056.28665,992.1113,981.705,1055.3013,1019.0001638859657,937.6650437889085
2017-02-12 00:00:00.000,1000.5237691031116,36448049.44931276,16167938833.727505,bitcoin,2017,2,12,6,6,1,1016.656965387063,130561689.49591403,16422867429.361237,943.5325427590122,378323673.1676596,15221842317.87838,1010.9462999999998,992.1113,981.705,1016.656965387063,943.5325427590122
2017-02-13 00:00:00.000,996.1039358698114,75754126.52273774,16098583564.75675,bitcoin,2017,2,13,0,7,1,1012.5988007104175,130896052.35630049,16359215035.890507,949.4751739546725,340699484.9830592,15319492838.245272,1000.5237691031116,1010.9462999999998,992.1113,1012.5988007104175,949.4751739546725
2017-02-14 00:00:00.000,1010.1021618594352,79285701.69931836,16326912555.985212,bitcoin,2017,2,14,1,7,1,1006.6848238331941,129433251.89587353,16265771795.674109,955.7481626833203,312545783.85892963,15422502489.908943,996.1039358698114,1000.5237691031116,1010.9462999999998,1006.6848238331941,955.7481626833203
2017-02-15 00:00:00.000,1008.8813,38397960.04087936,16308969767.02,bitcoin,2017,2,15,2,7,1,1000.0533952617654,111444827.42135704,16160586670.42724,961.7672060166537,286113666.27542233,15521421747.735613,1010.1021618594352,996.1039358698114,1000.5237691031116,1000.0533952617654,961.7672060166537
2017-02-16 00:00:00.000,1034.9038000000005,66797083.39238934,16731535006.800604,bitcoin,2017,2,16,3,7,1,1007.653223833194,73276183.87231809,16285297279.898752,966.1255826833204,244445987.16221327,15593646246.695047,1008.8813,1010.1021618594352,996.1039358698114,1007.653223833194,966.1255826833204
2017-02-17 00:00:00.000,1056.5580910529798,93994063.10950576,17083619843.997011,bitcoin,2017,2,17,4,7,1,1016.8599082693339,64552303.32723953,16436019819.307526,972.213019051753,209313446.5260482,15693777482.957449,1034.9038000000005,1008.8813,1010.1021618594352,1016.8599082693339,972.213019051753
2017-02-18 00:00:00.000,1058.5809306486606,55001149.2103404,17118312229.51949,bitcoin,2017,2,18,5,7,1,1023.664855504857,63668304.774926245,16547981685.972366,977.6027167400418,181951534.15295932,15782673503.46643,1056.5580910529798,1034.9038000000005,1008.8813,1023.664855504857,977.6027167400418
2017-02-19 00:00:00.000,1053.5024999999998,37478366.695671685,17037979881.749996,bitcoin,2017,2,19,6,7,1,1031.2332456329839,63815492.95297752,16672273264.261293,983.0041734067084,162740936.77286276,15871739400.247244,1058.5809306486606,1056.5580910529798,1034.9038000000005,1031.2332456329839,983.0041734067084
2017-02-20 00:00:00.000,1082.0168234958396,55971656.67700667,17500458951.95995,bitcoin,2017,2,20,0,8,1,1043.5065152938453,60989425.8321588,16872541176.718893,988.4154841899032,141823618.38396075,15960993992.82491,1053.5024999999998,1058.5809306486606,1056.5580910529798,1043.5065152938453,988.4154841899032
2017-02-21 00:00:00.000,1125.4088148356532,157173668.2490902,18202277765.49074,bitcoin,2017,2,21,1,8,1,1059.9788942904477,72116278.19641192,17140450492.362543,995.303150950603,119389347.3863802,16074056454.926674,1082.0168234958396,1053.5024999999998,1058.5809306486606,1059.9788942904477,995.303150950603
2017-02-22 00:00:00.000,1123.3049999999998,99272532.79966933,18168250822.125,bitcoin,2017,2,22,2,8,1,1076.3251371475903,80812645.73338191,17406062071.663258,1002.1164009506031,107131002.38432772,16185863069.070425,1125.4088148356532,1082.0168234958396,1053.5024999999998,1076.3251371475903,1002.1164009506031
2017-02-23 00:00:00.000,1185.654784688768,132273779.09306018,19176691563.44728,bitcoin,2017,2,23,3,8,1,1097.8609921031286,90166459.4049063,17755370151.18421,1012.1119337735619,98917922.93437555,16349027434.197815,1123.3049999999998,1125.4088148356532,1082.0168234958396,1097.8609921031286,1012.1119337735619
2017-02-24 00:00:00.000,1180.871,303444815.37207663,19108706913.125,bitcoin,2017,2,24,4,8,1,1115.6199790955602,120087995.44241643,18044668303.916782,1021.6918404402287,96301035.91617948,16505738828.166462,1185.654784688768,1123.3049999999998,1125.4088148356532,1115.6199790955602,1021.6918404402287
2017-02-25 00:00:00.000,1149.4036781698385,118187068.14571138,18601876715.06894,bitcoin,2017,2,25,5,8,1,1128.5946573128713,129114555.29032658,18256606087.566704,1029.4932963792232,98295625.96166895,16633733598.535425,1180.871,1185.654784688768,1123.3049999999998,1128.5946573128713,1029.4932963792232
2017-02-26 00:00:00.000,1180.6730000000002,89353606.5435028,19110682514.326004,bitcoin,2017,2,26,6,8,1,1146.7618715985857,136525303.84001675,18552706463.64899,1038.2394797125567,99639768.93937911,16777050185.916708,1149.4036781698385,1180.871,1185.654784688768,1146.7618715985857,1038.2394797125567
2017-02-27 00:00:00.000,1193.129515036958,87503104.90059088,19314424735.21033,bitcoin,2017,2,27,0,9,1,1162.635113247317,141029796.4433859,18811844432.684757,1047.3356302137886,101827132.11978777,16926046705.417387,1180.6730000000002,1149.4036781698385,1180.871,1162.635113247317,1047.3356302137886
2017-02-28 00:00:00.000,1190.3309999999997,139855221.83568653,19271383899.147,bitcoin,2017,2,28,1,9,1,1171.9097111279377,138555732.6700425,18964573880.349937,1056.5419135471218,105812695.48693566,17076826629.05487,1193.129515036958,1180.6730000000002,1149.4036781698385,1171.9097111279377,1056.5419135471218
2017-03-01 00:00:00.000,1227.4771489660905,105587214.84284867,19875003126.771694,bitcoin,2017,3,1,2,9,1,1186.7914466945222,139457830.10478243,19208395638.15661,1066.7581136499161,108326735.13515949,17243990065.290733,1190.3309999999997,1193.129515036958,1180.6730000000002,1186.7914466945222,1066.7581136499161
2017-03-02 00:00:00.000,1262.081,174318244.9248126,20437807786.697,bitcoin,2017,3,2,3,9,1,1197.7094774532695,145464182.36646137,19388555098.620853,1076.5519369832496,110744834.85789293,17404429177.433784,1227.4771489660905,1190.3309999999997,1193.129515036958,1197.7094774532695,1076.5519369832496
2017-03-03 00:00:00.000,1289.5406116191473,152484577.44121936,20884867165.511112,bitcoin,2017,3,3,4,9,1,1213.2337076845763,123898434.0906246,19642292277.533154,1086.6508610257065,112734851.38752308,17569842759.547714,1262.081,1227.4771489660905,1190.3309999999997,1213.2337076845763,1086.6508610257065
2017-03-04 00:00:00.000,1268.8145320151446,121628867.96214923,20551257963.730083,bitcoin,2017,3,4,5,9,1,1230.2924010910485,124390119.77868715,19920775313.056175,1095.331234818773,113680159.41386588,17712325051.007465,1289.5406116191473,1262.081,1227.4771489660905,1230.2924010910485,1095.331234818773
2017-03-05 00:00:00.000,1276.2330000000002,62090177.87740499,20673857896.125004,bitcoin,2017,3,5,6,9,1,1243.9438296624771,120495344.2549589,20144086081.884605,1104.02425148544,111136116.07012704,17855044884.49705,1268.8145320151446,1289.5406116191473,1262.081,1243.9438296624771,1104.02425148544
2017-03-06 00:00:00.000,1280.9859999999996,65232264.87056507,20753062038.099995,bitcoin,2017,3,6,0,10,1,1256.4947560857688,117313795.67924093,20349605696.583126,1112.26945148544,110010054.99462603,17990556159.658714,1276.2330000000002,1268.8145320151446,1289.5406116191473,1256.4947560857688,1112.26945148544
2017-03-07 00:00:00.000,1233.0565084079958,213974224.53913003,19978921138.285755,bitcoin,2017,3,7,1,10,1,1262.598400144054,127902224.6368757,20450682445.03152,1119.4737964791923,114633043.44055885,18109183861.68262,1280.9859999999996,1276.2330000000002,1268.8145320151446,1262.598400144054,1119.4737964791923
2017-03-08 00:00:00.000,1149.6310000000003,248575333.3901731,18629281761.825005,bitcoin,2017,3,8,2,10,1,1251.4775217203266,148329098.7150649,20272722250.039135,1123.6444601923145,120471768.33689687,18178688243.10839,1233.0565084079958,1280.9859999999996,1276.2330000000002,1251.4775217203266,1123.6444601923145
2017-03-09 00:00:00.000,1191.2367224851023,149501332.4258168,19305673114.12323,bitcoin,2017,3,9,3,10,1,1241.3569106467698,144783825.50092265,20110988725.385742,1128.3023509418178,122470969.25368053,18256176838.995834,1149.6310000000003,1233.0565084079958,1280.9859999999996,1241.3569106467698,1128.3023509418178
2017-03-10 00:00:00.000,1100.0105899712148,417086882.86842495,17829356645.959938,bitcoin,2017,3,10,4,10,1,1214.281193268494,182584154.84766632,19674487222.592716,1129.792660607525,130896634.3038782,18282313205.736225,1191.2367224851023,1149.6310000000003,1233.0565084079958,1214.281193268494,1129.792660607525
2017-03-11 00:00:00.000,1181.2041227520244,169071412.54824838,19147525540.5318,bitcoin,2017,3,11,5,10,1,1201.7654205166198,189361661.21710905,19473954019.278675,1136.4426313659258,125399761.7809644,18391945365.73729,1100.0105899712148,1191.2367224851023,1149.6310000000003,1201.7654205166198,1136.4426313659258
2017-03-12 00:00:00.000,1230.56,104613431.4350169,19950023304.0,bitcoin,2017,3,12,6,10,1,1195.2407062309053,195436411.72533932,19370549077.54653,1144.3909213659258,123718168.59796311,18522660740.2661,1181.2041227520244,1100.0105899712148,1191.2367224851023,1195.2407062309053,1144.3909213659258
2017-03-13 00:00:00.000,1243.2649223901926,131403644.08735795,20158188044.32141,bitcoin,2017,3,13,0,11,1,1189.8519808580756,204889465.89916688,19285567078.435307,1152.134875445599,126058652.09832393,18650114369.64796,1230.56,1181.2041227520244,1100.0105899712148,1189.8519808580756,1152.134875445599
2017-03-14 00:00:00.000,1246.5567394807624,86807305.13232267,20214039431.746094,bitcoin,2017,3,14,1,11,1,1191.7805852970425,186722763.12676582,19319155406.0725,1160.3359744581874,127737293.95442428,18784984389.581913,1243.2649223901926,1230.56,1181.2041227520244,1191.7805852970425,1160.3359744581874
2017-03-15 00:00:00.000,1258.457,72763975.2935764,20409261728.959,bitcoin,2017,3,15,2,11,1,1207.3271567256138,161606854.827252,19573438258.52021,1169.0810765958602,127637622.24678555,18928673661.72199,1246.5567394807624,1243.2649223901926,1230.56,1207.3271567256138,1169.0810765958602
2017-03-16 00:00:00.000,1217.3145410078776,137592935.4142275,19743578282.65421,bitcoin,2017,3,16,3,11,1,1211.0525593717246,159905655.25416782,19635996139.738922,1175.9881559008084,129581196.7039492,19042562519.277622,1258.457,1246.5567394807624,1243.2649223901926,1211.0525593717246,1175.9881559008084
2017-03-17 00:00:00.000,1074.0938695062457,283988947.7236811,17423426593.321995,bitcoin,2017,3,17,4,11,1,1207.3501707338717,140891664.5192044,19578006132.219215,1178.1619082176833,137767562.9600426,19079711080.154358,1217.3145410078776,1258.457,1246.5567394807624,1207.3501707338717,1178.1619082176833
2017-03-18 00:00:00.000,961.962,342885274.9538922,15606390507.000002,bitcoin,2017,3,18,5,11,1,1176.0298674835826,165722216.29143924,19072129698.85753,1175.73051488435,146970502.67875937,19042206263.494335,1074.0938695062457,1217.3145410078776,1258.457,1176.0298674835826,1175.73051488435
2017-03-19 00:00:00.000,1023.4901008756748,177388243.2413791,16606689806.263306,bitcoin,2017,3,19,6,11,1,1146.4484533229647,176118617.97806242,18594510627.752285,1174.628248545106,149750308.68315512,19026308595.569878,961.962,1074.0938695062457,1217.3145410078776,1146.4484533229647,1174.628248545106
2017-03-20 00:00:00.000,1036.3320123738729,101975751.4316815,16816818647.793924,bitcoin,2017,3,20,0,12,1,1116.886609034919,171914633.31296578,18117172142.534077,1173.8866179359468,151316128.75719982,19016258809.512363,1023.4901008756748,961.962,1074.0938695062457,1116.886609034919,1173.8866179359468
2017-03-21 00:00:00.000,1112.701532272989,150015664.59348586,18058074337.21503,bitcoin,2017,3,21,1,12,1,1097.7644365766657,180944398.9502748,17809177129.029636,1175.8599190117131,155067372.02046028,19050261958.02786,1036.3320123738729,1023.4901008756748,961.962,1097.7644365766657,1175.8599190117131
2017-03-22 00:00:00.000,1039.8401726478428,188848065.441006,16877645842.247135,bitcoin,2017,3,22,2,12,1,1066.5334612406434,197527840.3999076,17304660573.785088,1174.4540306501133,159496585.64592692,19029501521.037434,1112.701532272989,1036.3320123738729,1023.4901008756748,1066.5334612406434,1174.4540306501133
2017-03-23 00:00:00.000,1029.1394137431018,82048831.9755843,16705852353.567331,bitcoin,2017,3,23,3,12,1,1039.6513002028182,189592968.48010144,16870699726.772675,1171.2450506136947,156992424.43681008,18979620673.97332,1039.8401726478428,1112.701532272989,1036.3320123738729,1039.6513002028182,1171.2450506136947
2017-03-24 00:00:00.000,940.0206265591036,161801850.34465718,15261293153.465893,bitcoin,2017,3,24,4,12,1,1020.4979797817979,172137668.85452658,16561823521.078947,1165.1355714989982,159076735.021643,18882722085.018017,1029.1394137431018,1039.8401726478428,1112.701532272989,1020.4979797817979,1165.1355714989982
2017-03-25 00:00:00.000,965.2650626610692,190451071.3339399,15672767506.162111,bitcoin,2017,3,25,5,12,1,1020.9698458762363,150361354.05167624,16571305949.530676,1157.789247431408,161015978.09633902,18765924616.441845,940.0206265591036,1029.1394137431018,1039.8401726478428,1020.9698458762363,1157.789247431408
2017-03-26 00:00:00.000,954.4766599717784,130490540.3796116,15499531724.033216,bitcoin,2017,3,26,6,12,1,1011.1107828899654,143661682.2142809,16413140509.212093,1150.2427694304674,155250835.59659016,18645618776.805454,965.2650626610692,940.0206265591036,1029.1394137431018,1011.1107828899654,1150.2427694304674
2017-03-27 00:00:00.000,1042.6050726198062,138288339.0282277,16932388062.889202,bitcoin,2017,3,27,0,13,1,1012.0069343536701,148849194.7280732,16429650425.654276,1146.682815912133,155920877.9593407,18589969155.066124,954.4766599717784,965.2650626610692,940.0206265591036,1012.0069343536701,1146.682815912133
2017-03-28 00:00:00.000,1044.7219999999998,127643560.28946394,16968792612.799994,bitcoin,2017,3,28,1,13,1,1002.2955726003859,145653179.82749867,16274038750.73784,1142.151115912133,157197209.75087276,18518572825.01526,1042.6050726198062,954.4766599717784,965.2650626610692,1002.2955726003859,1142.151115912133
2017-03-29 00:00:00.000,1038.617197616254,121169066.49229117,16871375654.368252,bitcoin,2017,3,29,2,13,1,1002.1208618815878,135984751.40625367,16273143009.612288,1137.000705331443,158319408.4705961,18437137855.65386,1044.7219999999998,1042.6050726198062,954.4766599717784,1002.1208618815878,1137.000705331443
2017-03-30 00:00:00.000,1031.4929056461594,102438849.919161,16757840043.708635,bitcoin,2017,3,30,3,13,1,1002.4570750105958,138897611.11247894,16280569822.489614,1131.706102186315,157072196.0733786,18353353060.47258,1038.617197616254,1044.7219999999998,1042.6050726198062,1002.4570750105958,1131.706102186315
2017-03-31 00:00:00.000,1078.274711090609,133287124.42714268,17519577833.28675,bitcoin,2017,3,31,4,13,1,1022.2076585150966,134824078.83854827,16603181919.606882,1126.7326875904655,157995526.39285505,18274838884.023083,1031.4929056461594,1038.617197616254,1044.7219999999998,1022.2076585150966,1126.7326875904655
2017-04-01 00:00:00.000,1085.2529999999997,87750426.90171514,17634831646.535995,bitcoin,2017,4,1,5,13,2,1039.3487924206581,120152558.20537332,16883476796.803148,1120.838420923799,155109932.45875177,18181406346.017715,1078.274711090609,1031.4929056461594,1038.617197616254,1039.3487924206581,1120.838420923799
2017-04-02 00:00:00.000,1098.0679999999998,80231506.35067685,17634831646.535995,bitcoin,2017,4,2,6,13,2,1059.8618409961182,112972696.2012398,17188519642.874973,1114.456000536494,152701496.75573367,18073071828.718544,1085.2529999999997,1078.274711090609,1031.4929056461594,1059.8618409961182,1114.456000536494
2017-04-03 00:00:00.000,1139.3082754455547,131765236.03753588,18517903140.18806,bitcoin,2017,4,3,0,14,2,1073.6765842569396,112040824.34542666,17415021796.77481,1110.1391253175075,153039375.69157994,18005293334.600475,1098.0679999999998,1085.2529999999997,1078.274711090609,1073.6765842569396,1110.1391253175075
2017-04-04 00:00:00.000,1140.4975903801685,108222974.26702544,18539058629.55856,bitcoin,2017,4,4,1,14,2,1087.3588114541064,109266454.91364972,17639345513.45461,1105.6146116635134,154577135.57123393,17934133359.04826,1139.3082754455547,1098.0679999999998,1085.2529999999997,1087.3588114541064,1105.6146116635134
2017-04-05 00:00:00.000,1132.339904992776,87439620.02168314,18408732920.44381,bitcoin,2017,4,5,2,14,2,1100.7477696507524,104447962.56070574,17858967980.03683,1100.6597418299393,155317380.74293786,17855989055.12639,1140.4975903801685,1139.3082754455547,1098.0679999999998,1100.7477696507524,1100.6597418299393
2017-04-06 00:00:00.000,1194.2109999999996,128309277.22353126,19416796070.09999,bitcoin,2017,4,6,3,14,2,1123.993211701301,108143737.88990147,18238818840.949883,1099.3648915496728,152461882.4990846,17837251552.85353,1132.339904992776,1140.4975903801685,1139.3082754455547,1123.993211701301,1099.3648915496728
2017-04-07 00:00:00.000,1189.775123703212,90840184.05054908,19347052264.0503,bitcoin,2017,4,7,4,14,2,1139.9218420745299,102079889.26467383,18499886616.773247,1100.7030290064463,147204044.18776375,17861177236.26104,1194.2109999999996,1132.339904992776,1140.4975903801685,1139.9218420745299,1100.7030290064463
2017-04-08 00:00:00.000,1182.271,43899666.20643768,19227110119.602,bitcoin,2017,4,8,5,14,2,1153.7815563602442,95815494.87963419,18727354970.068386,1100.4041715902763,143683988.6471178,17858558469.776997,1189.775123703212,1194.2109999999996,1132.339904992776,1153.7815563602442,1100.4041715902763
2017-04-09 00:00:00.000,1187.6989999999998,41151425.52338414,19316186631.362995,bitcoin,2017,4,9,6,14,2,1166.585984931673,90232626.19002093,18967548539.329388,1103.3271185912358,131152806.73561645,17908119469.290432,1182.271,1189.775123703212,1194.2109999999996,1166.585984931673,1103.3271185912358
2017-04-10 00:00:00.000,1210.515,76050218.05983433,19691023824.75,bitcoin,2017,4,10,0,15,2,1176.7583741537364,82273337.90749216,19135137208.552525,1104.3041478328348,128052100.25266932,17926236078.764374,1187.6989999999998,1182.271,1189.775123703212,1176.7583741537364,1104.3041478328348
2017-04-11 00:00:00.000,1226.618,78899688.76011947,19955556306.916,bitcoin,2017,4,11,1,15,2,1189.0612898137126,78084297.1207913,19337494019.603584,1104.172747832835,127194975.49683939,17926420512.19491,1210.515,1187.6989999999998,1182.271,1189.0612898137126,1104.172747832835
2017-04-12 00:00:00.000,1218.299,83573376.82029216,19822303422.025,bitcoin,2017,4,12,2,15,2,1201.34116052903,77531976.66344973,19539432662.68661,1103.3405504198286,125600633.25460388,17915224358.118362,1226.618,1210.515,1187.6989999999998,1201.34116052903,1103.3405504198286
2017-04-13 00:00:00.000,1174.209,131395672.09469403,19106860359.408,bitcoin,2017,4,13,3,15,2,1198.4837319576018,77972890.21647298,19495156132.587757,1100.9289591038032,127086912.1533496,17878318389.040424,1218.299,1226.618,1210.515,1198.4837319576018,1100.9289591038032
2017-04-14 00:00:00.000,1183.687,92892227.90249668,19263144684.95,bitcoin,2017,4,14,4,15,2,1197.614,78266039.33817978,19483169335.57343,1098.4366257704698,127757853.90698028,17840114487.573456,1174.209,1218.299,1226.618,1197.614,1098.4366257704698
2017-04-15 00:00:00.000,1180.323,53325277.00029746,19210567706.901,bitcoin,2017,4,15,5,15,2,1197.3357142857142,79612555.16587403,19480806133.759,1097.2035744035406,124948931.95984927,17822347468.381683,1183.687,1174.209,1218.299,1197.3357142857142,1097.2035744035406
2017-04-16 00:00:00.000,1186.31,36294382.3761766,19310204918.47,bitcoin,2017,4,16,6,15,2,1197.1372857142856,78918691.85913011,19479951603.345715,1100.9441120866657,116692446.44826578,17885240079.21995,1180.323,1183.687,1174.209,1197.1372857142856,1100.9441120866657
2017-04-17 00:00:00.000,1205.143,83379623.41478413,19618884439.9,bitcoin,2017,4,17,0,16,2,1196.3698571428572,79965749.76698007,19469645976.938572,1109.050145419999,108042258.06362885,18018989876.983284,1186.31,1180.323,1183.687,1196.3698571428572,1109.050145419999
2017-04-18 00:00:00.000,1217.58,85025813.90001634,19823480859.0,bitcoin,2017,4,18,1,16,2,1195.078714285714,80840910.50125106,19450778055.807716,1115.5198087241433,104963510.41891676,18126216245.40784,1205.143,1186.31,1180.323,1195.078714285714,1115.5198087241433
2017-04-19 00:00:00.000,1225.721,71343829.93791687,19958292470.9,bitcoin,2017,4,19,2,16,2,1196.139,79093832.37519744,19470205062.789856,1121.8327749783473,103942446.3691246,18230932039.511375,1217.58,1205.143,1186.31,1196.139,1121.8327749783473
2017-04-20 00:00:00.000,1253.904,112476255.64770472,20419371472.848,bitcoin,2017,4,20,3,16,2,1207.524,76391058.59705612,19657706650.42414,1126.5395239025813,102691132.73759857,18309641944.032475,1225.721,1217.58,1205.143,1207.524,1126.5395239025813
2017-04-21 00:00:00.000,1254.9875,91517340.71934254,20439557226.725,bitcoin,2017,4,21,4,16,2,1217.7097857142858,76194646.14231981,19825765584.96343,1133.7111014809864,99446775.24687645,18428372323.515068,1253.904,1225.721,1217.58,1217.7097857142858,1133.7111014809864
2017-04-22 00:00:00.000,1249.67,84061246.82405868,20355249795.0,bitcoin,2017,4,22,5,16,2,1227.6165,80585498.9742857,19989291597.549,1141.062121022883,99513855.7418256,18550018904.89616,1254.9875,1253.904,1225.721,1227.6165,1141.062121022883
2017-04-23 00:00:00.000,1247.8388,84420564.20787704,20327793187.52,bitcoin,2017,4,23,6,16,2,1236.4063285714287,87460667.80738577,20134661350.270428,1151.3227268042463,96934479.53726625,18718902239.364628,1249.67,1254.9875,1253.904,1236.4063285714287,1151.3227268042463
2017-04-24 00:00:00.000,1249.9563,70514448.2984891,20364256790.6925,bitcoin,2017,4,24,0,17,2,1242.8082285714286,85622785.64791504,20241143114.669353,1160.8124347155438,92936592.10275123,18875285215.51564,1247.8388,1249.67,1254.9875,1242.8082285714286,1160.8124347155438
2017-04-25 00:00:00.000,1263.045,93017240.8955012,20579834197.125,bitcoin,2017,4,25,1,17,2,1249.3032285714287,86764418.07584144,20349193591.544353,1171.098046049818,91687482.11994754,19044628631.285366,1249.9563,1247.8388,1249.67,1249.3032285714287,1171.098046049818
2017-04-26 00:00:00.000,1287.32,121914930.77675968,20977699422.84,bitcoin,2017,4,26,2,17,2,1258.1030857142857,93988861.052819,20494823156.107216,1179.2552102958246,91141701.84489863,19179472343.283733,1263.045,1249.9563,1247.8388,1258.1030857142857,1179.2552102958246
2017-04-27 00:00:00.000,1331.3125,134993633.3799261,21697132034.375,bitcoin,2017,4,27,3,17,2,1269.161442857143,97205629.30027919,20677360379.1825,1188.808226962491,91386704.28124736,19337083657.33623,1287.32,1263.045,1249.9563,1269.161442857143,1188.808226962491
2017-04-28 00:00:00.000,1321.205,161417797.38181546,21534600390.46,bitcoin,2017,4,28,4,17,2,1278.6210857142858,107191408.82348959,20833795116.858925,1198.2278203752828,92728328.6442315,19492524481.87262,1331.3125,1287.32,1263.045,1278.6210857142858,1198.2278203752828
2017-04-29 00:00:00.000,1327.6863,86320647.340096,21643161383.0556,bitcoin,2017,4,29,5,17,2,1289.7662714285714,107514180.32578065,21017782486.581154,1208.1009335204105,92191055.22492933,19655368526.517517,1321.205,1331.3125,1287.32,1289.7662714285714,1208.1009335204105
2017-04-30 00:00:00.000,1349.8863,86247238.96408871,22007601314.79,bitcoin,2017,4,30,6,17,2,1304.3444857142856,107775133.86238231,21257755076.19116,1217.1546531507238,90623059.04282755,19804969309.234295,1327.6863,1321.205,1331.3125,1304.3444857142856,1217.1546531507238
2017-05-01 00:00:00.000,1408.445,217759983.7243955,22964730936.125,bitcoin,2017,5,1,0,18,2,1326.9857285714284,128810210.3517975,21629251382.681515,1227.9277198173904,94956710.93691687,19982632618.88726,1349.8863,1327.6863,1321.205,1326.9857285714284,1227.9277198173904
2017-05-02 00:00:00.000,1442.245,189160669.6971972,23518941607.875,bitcoin,2017,5,2,1,18,2,1352.5857285714285,142544985.89489695,22049123869.931515,1239.400286484057,98587683.04846755,20178769617.59856,1408.445,1349.8863,1327.6863,1352.5857285714285,1239.400286484057
2017-05-03 00:00:00.000,1485.8175,206154588.9234965,24231937589.4375,bitcoin,2017,5,3,2,18,2,1380.9425142857144,154579222.7730022,22514015036.5883,1250.9505939692053,101067328.14466624,20369237432.573544,1442.245,1408.445,1349.8863,1380.9425142857144,1250.9505939692053
2017-05-04 00:00:00.000,1499.36,335017412.62340426,24455911024.0,bitcoin,2017,5,4,3,18,2,1404.9493,183154048.3792134,22908126320.820442,1262.9126742898663,108627142.75654554,20566465845.721592,1485.8175,1442.245,1408.445,1404.9493,1262.9126742898663
2017-05-05 00:00:00.000,1506.0438,324314592.9971558,24567395211.1206,bitcoin,2017,5,5,4,18,2,1431.3548428571428,206425019.18140486,23341382723.77196,1275.3694707901072,116522975.1890613,20771754588.74415,1499.36,1485.8175,1442.245,1431.3548428571428,1275.3694707901072
2017-05-06 00:00:00.000,1547.815,135507234.10379437,25252078563.53,bitcoin,2017,5,6,5,18,2,1462.8017999999997,213451674.43336177,23856942320.982586,1287.1562707901069,116762907.08507006,20966264005.19182,1506.0438,1499.36,1485.8175,1462.8017999999997,1287.1562707901069
2017-05-07 00:00:00.000,1557.8838,149859388.43444195,25419561546.555,bitcoin,2017,5,7,6,18,2,1492.5157285714286,222539124.35769796,24344365211.23473,1299.42656,118730213.89786649,21168680981.275307,1547.815,1506.0438,1499.36,1492.5157285714286,1299.42656
2017-05-08 00:00:00.000,1633.38,276144904.8530368,26655087385.5,bitcoin,2017,5,8,0,19,2,1524.6492999999998,230879827.37607527,24871558989.71687,1314.4635266666667,126471721.85275313,21416280223.47191,1557.8838,1547.815,1506.0438,1524.6492999999998,1314.4635266666667
2017-05-09 00:00:00.000,1700.1775,383922543.2526552,27748404857.4425,bitcoin,2017,5,9,1,19,2,1561.4968000000001,258702952.16971213,25475768025.369373,1331.5461433333335,137897425.77706215,21697354164.341225,1633.38,1557.8838,1547.815,1561.4968000000001,1331.5461433333335
2017-05-10 00:00:00.000,1747.3175,288565639.4229343,28521047690.935,bitcoin,2017,5,10,2,19,2,1598.8539428571432,270475959.3839175,26088498039.869015,1349.43956,144981273.15583217,21991688293.214058,1700.1775,1633.38,1557.8838,1598.8539428571432,1349.43956
2017-05-11 00:00:00.000,1808.7788,313353159.7330766,29527250348.0656,bitcoin,2017,5,11,3,19,2,1643.0566285714287,267381066.11387068,26812975086.1641,1368.84492,152796388.85493073,22310744761.252377,1747.3175,1700.1775,1633.38,1643.0566285714287,1368.84492
2017-05-12 00:00:00.000,1700.7725,248020430.1818661,27767470033.9575,bitcoin,2017,5,12,4,19,2,1670.8750142857145,256481899.99740076,27270128632.283657,1384.92737,158277957.3003165,22575583648.31679,1808.7788,1747.3175,1700.1775,1670.8750142857145,1384.92737
2017-05-13 00:00:00.000,1751.73,246696636.62711567,28602793979.76,bitcoin,2017,5,13,5,19,2,1700.0057285714286,272366100.3578752,27748802263.173656,1404.1780700000002,162121322.78473055,22892114768.995193,1700.7725,1808.7788,1747.3175,1700.0057285714286,1404.1780700000002
2017-05-14 00:00:00.000,1767.7088,124978733.01274386,28867391787.52,bitcoin,2017,5,14,6,19,2,1729.9807285714287,268811721.01191837,28241349440.454372,1423.6454633333335,163190872.95507213,23212256339.08086,1751.73,1700.7725,1808.7788,1729.9807285714287,1423.6454633333335
2017-05-15 00:00:00.000,1696.13,231039670.3102772,27702000821.75,bitcoin,2017,5,15,0,20,2,1738.9450142857145,262368116.07723838,28390908502.7758,1440.83903,169114686.0654048,23495304109.575825,1767.7088,1751.73,1700.7725,1738.9450142857145,1440.83903
2017-05-16 00:00:00.000,1716.315,218205145.6587208,28034610160.905,bitcoin,2017,5,16,1,20,2,1741.2503714285715,238694202.13524777,28431794974.699013,1458.5058633333333,175178378.17482293,23786117617.656994,1696.13,1767.7088,1751.73,1741.2503714285715,1458.5058633333333
2017-05-17 00:00:00.000,1804.4513,271656160.3631455,29477763646.6281,bitcoin,2017,5,17,2,20,2,1749.4123428571427,236278562.26956367,28568468682.655174,1478.4828066666669,181454262.73976836,24114746924.547928,1716.315,1696.13,1767.7088,1749.4123428571427,1478.4828066666669
2017-05-18 00:00:00.000,1889.4088,230137778.816666,30868475119.0056,bitcoin,2017,5,18,3,20,2,1760.9309142857142,224390650.71007648,28760072221.36088,1500.8771000000002,186291328.23698997,24482913399.88145,1804.4513,1716.315,1696.13,1760.9309142857142,1500.8771000000002
2017-05-19 00:00:00.000,1972.9013,279848678.0797178,32237082949.2181,bitcoin,2017,5,19,4,20,2,1799.8064571428572,228937543.2669124,29398588352.1124,1525.78311,193241489.84171668,24892206415.82539,1889.4088,1804.4513,1716.315,1799.8064571428572,1525.78311
2017-05-20 00:00:00.000,2043.42,274198303.3238714,33393518554.5,bitcoin,2017,5,20,5,20,2,1841.4764571428573,232866352.79502034,30082977577.075256,1552.10031,198632224.76425555,25324677985.213787,1972.9013,1889.4088,1804.4513,1841.4764571428573,1552.10031
2017-05-21 00:00:00.000,2053.8788,264478153.79685724,33568054937.0756,bitcoin,2017,5,21,6,20,2,1882.3578857142857,252794841.47846514,30754500884.15463,1578.73002,204397585.20017275,25762294575.55881,2043.42,1972.9013,1889.4088,1882.3578857142857,1578.73002
2017-05-22 00:00:00.000,2109.3963,580030832.7898638,34479453631.095,bitcoin,2017,5,22,0,21,2,1941.3959285714284,302650721.8326918,31722708428.34677,1607.3875633333334,220929904.73236623,26233101370.09531,2053.8788,2043.42,1972.9013,1941.3959285714284,1607.3875633333334
2017-05-23 00:00:00.000,2292.7025,389402023.7389176,37479380943.125,bitcoin,2017,5,23,1,21,2,2023.7369999999999,327107418.7012914,33071961397.235344,1642.2163533333335,231095953.38340092,26804820961.948807,2109.3963,2053.8788,2043.42,2023.7369999999999,1642.2163533333335
2017-05-24 00:00:00.000,2448.1313,555024432.8249408,40025140034.1006,bitcoin,2017,5,24,2,21,2,2115.6912857142856,367588600.48154783,34578729452.588554,1682.1555199999998,247246286.2009493,27460183736.729076,2292.7025,2109.3963,2053.8788,2115.6912857142856,1682.1555199999998
2017-05-25 00:00:00.000,2366.9725,889791512.2689184,38704024228.25,bitcoin,2017,5,25,3,21,2,2183.9146714285716,461824848.1175838,35698093611.05205,1718.9531033333333,273805428.5800632,28064323404.433243,2448.1313,2292.7025,2109.3963,2183.9146714285716,1718.9531033333333
2017-05-26 00:00:00.000,2262.36,716011543.9589934,36997900173.0,bitcoin,2017,5,26,4,21,2,2225.265914285714,524133828.95748043,36378210357.3066,1751.4544366666667,293608649.019471,28598330096.10524,2366.9725,2448.1313,2292.7025,2225.265914285714,1751.4544366666667
2017-05-27 00:00:00.000,2082.845,683119789.1268574,34066387966.5,bitcoin,2017,5,27,5,21,2,2230.898057142857,582551184.0721927,36474334559.02089,1776.50552,311879520.877702,29010638627.176075,2262.36,2366.9725,2448.1313,2230.898057142857,1776.50552
2017-05-28 00:00:00.000,2219.4875,401864331.3271442,36305932627.5,bitcoin,2017,5,28,6,21,2,2254.5564428571424,602177780.8622338,36865459943.36723,1806.4482699999999,319894405.34254634,29503016368.410744,2082.845,2262.36,2366.9725,2254.5564428571424,1806.4482699999999
2017-05-29 00:00:00.000,2286.2663,312368211.9159352,37402630788.11,bitcoin,2017,5,29,0,22,2,2279.823585714286,563940263.5945295,37283056680.08366,1838.4009366666667,327429324.161741,30028332015.24589,2219.4875,2082.845,2262.36,2279.823585714286,1838.4009366666667
2017-05-30 00:00:00.000,2167.6438,335746190.66623986,35466825282.315,bitcoin,2017,5,30,1,22,2,2261.9580571428573,556275144.5841471,36995548728.539375,1865.65952,335745955.8851461,30476972814.16339,2286.2663,2219.4875,2082.845,2261.9580571428573,1865.65952
2017-05-31 00:00:00.000,2329.0775,416350458.7178713,38113024210.0,bitcoin,2017,5,31,2,22,2,2244.9503714285715,536464576.8545657,36722389325.09643,1896.3472699999998,342365638.3849286,30981915923.292557,2167.6438,2286.2663,2219.4875,2244.9503714285715,1896.3472699999998
2017-06-01 00:00:00.000,2436.0363,438586633.5187092,39868442921.8656,bitcoin,2017,6,1,3,22,2,2254.8166285714283,472006737.0331072,36888734852.7558,1929.4736466666666,350679837.178979,31526899300.42558,2329.0775,2167.6438,2286.2663,2254.8166285714283,1929.4736466666666
2017-06-02 00:00:00.000,2514.2275,292795886.85332465,41152717323.6675,bitcoin,2017,6,2,4,22,2,2290.7977,411547357.44658315,37482280159.99401,1963.75398,353567880.44330657,32090925291.566578,2436.0363,2329.0775,2167.6438,2290.7977,1963.75398
2017-06-03 00:00:00.000,2562.54,304803966.17644024,41949676689.0,bitcoin,2017,6,3,5,22,2,2359.325557142857,357502239.8822378,38608464263.2083,1999.1933133333332,352560765.56174105,32674050813.733242,2514.2275,2436.0363,2329.0775,2359.325557142857,1999.1933133333332
2017-06-04 00:00:00.000,2556.405,254469613.91820475,41854068527.985,bitcoin,2017,6,4,6,22,2,2407.4566285714286,336445851.6809607,39401055106.13473,2034.2053533333333,350232599.5924427,33250273257.628723,2562.54,2514.2275,2436.0363,2407.4566285714286,2034.2053533333333
2017-06-05 00:00:00.000,2721.5525,334411829.5166427,44563721217.1875,bitcoin,2017,6,5,0,23,2,2469.640371428571,339594939.9096332,40424068024.57438,2073.329936666667,356862752.772871,33893994679.417305,2556.405,2562.54,2514.2275,2469.640371428571,2073.329936666667
2017-06-06 23:29:55.701,2903.4438,1211604496.354524,47547556371.0756,bitcoin,2017,6,6,1,23,2,2574.754657142857,464717555.0079595,42149886751.54017,2118.1819366666664,392254256.370207,34631594506.90133,2721.5525,2556.405,2562.54,2574.754657142857,2118.1819366666664
2017-06-07 00:00:00.000,2716.0588,717931660.7865304,44484425844.04,bitcoin,2017,6,7,2,23,2,2630.0377,507800583.87491083,43060086984.974464,2154.27123,406980481.5679902,35225905788.85266,2903.4438,2721.5525,2556.405,2630.0377,2154.27123
2017-06-08 23:39:21.692,2824.2038,580940070.4176636,46261410000.6806,bitcoin,2017,6,8,3,23,2,2685.4902,528136789.14619005,43973367996.23375,2191.738773333333,413547732.4734905,35843005960.29393,2716.0588,2903.4438,2721.5525,2685.4902,2191.738773333333
2017-06-09 00:00:00.000,2817.0638,393210044.6730309,46149913864.145,bitcoin,2017,6,9,4,23,2,2728.7525285714287,542481668.8347194,44687253216.301956,2227.396983333333,417035879.3151604,36430634832.73426,2824.2038,2716.0588,2903.4438,2728.7525285714287,2227.396983333333
2017-06-10 00:00:00.000,2937.4538,354694237.3905724,48127389931.89,bitcoin,2017,6,10,5,23,2,2782.3116428571425,549608850.4367384,45569783679.57196,2265.019483333333,418413915.2370769,37050639485.52841,2817.0638,2824.2038,2716.0588,2782.3116428571425,2265.019483333333
2017-06-11 00:00:00.000,3013.7138,350197483.3404642,49382412955.42,bitcoin,2017,6,11,6,23,2,2847.641471428571,563284260.3542039,46645261454.919815,2308.7841933333334,421819817.00903016,37771137582.91049,2937.4538,2817.0638,2824.2038,2847.641471428571,2308.7841933333334
2017-06-12 00:00:00.000,2701.255,792436484.821471,44267424094.875,bitcoin,2017,6,12,0,24,2,2844.741828571429,628716353.9691794,46602933294.58946,2340.4350266666665,440011145.2821753,38293291920.080986,3013.7138,2937.4538,2817.0638,2844.741828571429,2340.4350266666665
2017-06-13 00:00:00.000,2736.1888,410084483.665015,44844697932.88,bitcoin,2017,6,13,1,24,2,2820.848257142857,514213495.0135354,46216810660.561516,2372.7176933333335,449514670.3039177,38825868791.592995,2701.255,3013.7138,2937.4538,2820.848257142857,2372.7176933333335
2017-06-14 00:00:00.000,2503.40127294964,565476421.7798644,41033780985.98741,bitcoin,2017,6,14,2,24,2,2790.468610421377,492434175.1554402,45723861395.125435,2399.6267357649876,460662562.0195706,39270261463.73424,2736.1888,2701.255,3013.7138,2790.468610421377,2399.6267357649876
2017-06-15 00:00:00.000,2444.49371230854,845674827.7127961,40072859209.16968,bitcoin,2017,6,15,3,24,2,2736.2243121797396,530253426.197602,44839782710.62386,2423.899359508606,481578218.08803976,39671536432.00973,2503.40127294964,2736.1888,2701.255,2736.2243121797396,2423.899359508606
2017-06-16 00:00:00.000,2513.81034764638,404682134.6180688,41213920649.6624,bitcoin,2017,6,16,4,24,2,2692.902390414937,531892296.18975025,44134640822.84064,2447.544661096819,486012417.22987056,40062741665.444214,2444.49371230854,2503.40127294964,2736.1888,2692.902390414937,2447.544661096819
2017-06-17 00:00:00.000,2683.5713440378,386716359.4470909,44001982613.919,bitcoin,2017,6,17,5,24,2,2656.633468134623,536466885.0549672,43545296920.27336,2474.016745898079,491231703.2508848,40500525248.607994,2513.81034764638,2444.49371230854,2503.40127294964,2656.633468134623,2474.016745898079
2017-06-18 00:00:00.000,2577.21936114026,320439362.70244586,42262755911.74297,bitcoin,2017,6,18,6,24,2,2594.2771197260886,532215724.96382177,42528203056.89092,2494.1606812694204,492584726.0716423,40834714347.35881,2683.5713440378,2513.81034764638,2444.49371230854,2594.2771197260886,2494.1606812694204
2017-06-19 00:00:00.000,2620.13645139993,307738404.7993459,42971547871.18456,bitcoin,2017,6,19,0,25,2,2582.688755640364,462973142.1035181,42343077882.078,2513.3845629827515,493702729.4541581,41153981991.2483,2577.21936114026,2683.5713440378,2513.81034764638,2582.688755640364,2513.3845629827515
2017-06-20 00:00:00.000,2777.79265567999,461719561.5390207,45561980141.81072,bitcoin,2017,6,20,1,25,2,2588.6321635946483,470349581.7998047,42445546769.06811,2537.5150248387513,500277443.0455636,41553779498.07281,2620.13645139993,2577.21936114026,2683.5713440378,2588.6321635946483,2537.5150248387513
2017-06-21 00:00:00.000,2717.00310788798,447106675.7720245,44569583131.63903,bitcoin,2017,6,21,2,25,2,2619.146711442983,453439618.08439904,42950661361.304054,2557.768585101684,495846637.8116356,41890117148.090935,2777.79265567999,2620.13645139993,2577.21936114026,2619.146711442983,2557.768585101684
2017-06-22 00:00:00.000,2724.91221331707,273815444.4663382,44703988751.35175,bitcoin,2017,6,22,3,25,2,2659.2064973013444,371745420.47776216,43612251295.90149,2572.1755755455865,491993751.83588296,42130937408.36516,2717.00310788798,2777.79265567999,2620.13645139993,2659.2064973013444,2572.1755755455865
2017-06-23 00:00:00.000,2737.74623109829,187781433.42478496,44920255723.30297,bitcoin,2017,6,23,4,25,2,2691.197337794474,340759606.0215787,44141727734.993,2581.829406582196,479752318.52254444,42294107931.33858,2724.91221331707,2717.00310788798,2777.79265567999,2691.197337794474,2581.829406582196
2017-06-24 00:00:00.000,2618.41673570888,314564252.5547436,42966679003.94212,bitcoin,2017,6,24,5,25,2,2681.8895366046286,330452162.1798148,43993827219.28202,2590.2108811058256,460578076.53207195,42436196423.86165,2737.74623109829,2724.91221331707,2717.00310788798,2681.8895366046286,2590.2108811058256
2017-06-25 00:00:00.000,2606.8632352265,320081172.027822,42781394178.82268,bitcoin,2017,6,25,6,25,2,2686.124375759806,330400992.08343995,44067918400.2934,2601.694322280042,447380397.46769965,42628979557.38907,2618.41673570888,2737.74623109829,2724.91221331707,2686.124375759806,2601.694322280042
2017-06-26 00:00:00.000,2488.19416337737,540038332.4734977,40837922140.40968,bitcoin,2017,6,26,0,26,2,2667.2754774708687,363586696.0368902,43763114724.46842,2615.2059610592873,442611015.57925427,42854697363.18606,2606.8632352265,2618.41673570888,2737.74623109829,2667.2754774708687,2615.2059610592873
2017-06-27 00:00:00.000,2531.34899878484,518735269.2034187,41550828140.55376,bitcoin,2017,6,27,1,26,2,2632.0692407715615,371731797.1318043,43190093010.003136,2625.6013443521156,446506713.50846344,43029527213.621185,2488.19416337737,2606.8632352265,2618.41673570888,2632.0692407715615,2625.6013443521156
2017-06-28 00:00:00.000,2575.43777025493,351206317.75963986,42279511902.81053,bitcoin,2017,6,28,2,26,2,2611.845621109697,358031745.98717785,42862939977.313354,2635.2403933606133,447801317.0365869,43192089917.44454,2531.34899878484,2488.19416337737,2606.8632352265,2611.845621109697,2635.2403933606133
2017-06-29 00:00:00.000,2561.68143454198,239853090.84820977,42057301540.09505,bitcoin,2017,6,29,3,26,2,2588.5269384275416,353179981.1845881,42484841804.27669,2648.3749811786793,444604880.37598586,43411772459.37054,2575.43777025493,2531.34899878484,2488.19416337737,2588.5269384275416,2648.3749811786793
2017-06-30 00:00:00.000,2490.75348798041,210111037.78145665,40897674121.940735,bitcoin,2017,6,30,4,26,2,2553.242260839273,356369924.66411257,41910187289.79637,2653.764180778026,437730233.01143867,43504594123.1019,2561.68143454198,2575.43777025493,2531.34899878484,2553.242260839273,2653.764180778026
2017-07-01 00:00:00.000,2439.82055973389,207555417.49021047,40066457532.22669,bitcoin,2017,7,1,5,26,3,2527.7285214142744,341082948.2263222,41495869936.69416,2653.890322769156,430029192.47715545,43511194610.11393,2490.75348798041,2561.68143454198,2575.43777025493,2527.7285214142744,2653.890322769156
2017-07-02 00:00:00.000,2518.54569431263,226784228.5962842,41365191378.72018,bitcoin,2017,7,2,6,26,3,2515.11172985515,327754813.45038825,41293555250.96523,2654.034262579577,427828803.8685874,43518277078.61569,2439.82055973389,2490.75348798041,2561.68143454198,2515.11172985515,2654.034262579577
2017-07-03 00:00:00.000,2576.7146569746,304599469.9256256,42326047726.1706,bitcoin,2017,7,3,0,27,3,2527.7575146547542,294120690.2292636,41506144620.35964,2654.5067511453967,427821987.3268936,43530822779.854706,2518.54569431263,2439.82055973389,2490.75348798041,2527.7575146547542,2654.5067511453967
2017-07-04 00:00:00.000,2610.99757474179,274900590.5734776,42894251457.13055,bitcoin,2017,7,4,1,27,3,2539.135882648604,259287164.71070057,41698062237.01348,2656.3265036367898,428503019.88206935,43565495544.15955,2576.7146569746,2518.54569431263,2439.82055973389,2539.135882648604,2656.3265036367898
2017-07-05 00:00:00.000,2607.21930206989,238310795.50144583,42836970322.05267,bitcoin,2017,7,5,2,27,3,2543.676101479313,243159232.95953006,41777699154.04807,2652.5153970391198,425299652.0815628,43507937180.988396,2610.99757474179,2576.7146569746,2518.54569431263,2543.676101479313,2652.5153970391198
2017-07-06 00:00:00.000,2612.67042830497,175365965.04167378,42931269844.38585,bitcoin,2017,7,6,3,27,3,2550.960243445454,233946786.41573915,41902551768.946754,2642.8229513159517,390758367.7044678,43354060963.432076,2607.21930206989,2610.99757474179,2576.7146569746,2550.960243445454,2642.8229513159517
2017-07-07 00:00:00.000,2509.21820981689,260711000.65693903,41236052946.94405,bitcoin,2017,7,7,4,27,3,2553.5980608506657,241175352.54080805,41950891601.09009,2635.928264976515,375517679.0334814,43245781866.862206,2612.67042830497,2607.21930206989,2610.99757474179,2553.5980608506657,2635.928264976515
2017-07-08 00:00:00.000,2563.19551359687,178182801.69270346,42128232902.26328,bitcoin,2017,7,8,5,27,3,2571.2230542596626,236979264.56973568,42245430939.66674,2627.227988763077,362092436.7426494,43108009296.91496,2509.21820981689,2612.67042830497,2607.21930206989,2571.2230542596626,2627.227988763077
2017-07-09 00:00:00.000,2519.21739188349,117876420.56676134,41409824820.38926,bitcoin,2017,7,9,6,27,3,2571.3190110555,221421006.2798038,42251807145.61947,2617.2997751591934,352914649.2724404,42950006328.78977,2563.19551359687,2509.21820981689,2612.67042830497,2571.3190110555,2617.2997751591934
2017-07-10 00:00:00.000,2363.51568155487,387541497.1273901,38856285254.84228,bitcoin,2017,7,10,0,28,3,2540.862014566967,233269867.3086273,41756126792.57256,2598.1685045443564,354009557.9303343,42640969506.22152,2519.21739188349,2563.19551359687,2509.21820981689,2540.862014566967,2598.1685045443564
2017-07-11 00:00:00.000,2353.91066125207,420715282.36799073,38703498121.36672,bitcoin,2017,7,11,1,28,3,2504.1353126398644,254100537.56498632,41157447744.60631,2576.175066586092,356360151.2312519,42285005678.41975,2363.51568155487,2519.21739188349,2563.19551359687,2504.1353126398644,2576.175066586092
2017-07-12 00:00:00.000,2387.32891171674,314834432.76192206,39258160520.55891,bitcoin,2017,7,12,2,28,3,2472.7223997322717,265032485.74505433,40646189201.53577,2565.7108636433163,340440082.8292669,42118030225.942535,2353.91066125207,2363.51568155487,2519.21739188349,2472.7223997322717,2565.7108636433163
2017-07-13 00:00:00.000,2364.32126576467,233041527.6837674,38884514157.240425,bitcoin,2017,7,13,3,28,3,2437.2439479408,273271851.83678204,40068081246.22927,2553.3152791688053,334538650.96322536,41919357433.42122,2387.32891171674,2353.91066125207,2363.51568155487,2437.2439479408,2553.3152791688053
2017-07-14 00:00:00.000,2228.72879099011,320113442.0299653,36658380771.82992,bitcoin,2017,7,14,4,28,3,2397.174030965546,281757914.8900715,39414128078.35583,2544.1595297701547,326359884.971562,41773510759.61597,2364.32126576467,2387.32891171674,2353.91066125207,2397.174030965546,2544.1595297701547
2017-07-15 00:00:00.000,2033.29108803266,463942211.44058734,33447052810.303905,bitcoin,2017,7,15,5,28,3,2321.4733987420873,322580687.7111978,38173959493.7902,2530.4527756276248,313635464.4291551,41552650546.32044,2228.72879099011,2364.32126576467,2387.32891171674,2321.4733987420873,2530.4527756276248
2017-07-16 00:00:00.000,1927.09906562122,480771847.6159585,31704152052.833904,bitcoin,2017,7,16,6,28,3,2236.885066418906,374422891.57536876,36787434812.71087,2510.895732893453,316171788.1957514,41235658259.75949,2033.29108803266,2228.72879099011,2364.32126576467,2236.885066418906,2510.895732893453
2017-07-17 00:00:00.000,2181.28608069932,495170862.901441,35890008657.39433,bitcoin,2017,7,17,0,29,3,2210.8522662966843,389798515.2573761,36363681013.07545,2494.1528907821703,319786938.31089634,40965259127.875336,1927.09906562122,2033.29108803266,2228.72879099011,2210.8522662966843,2494.1528907821703
2017-07-18 00:00:00.000,2303.88935545646,729320057.5415988,37911881677.64932,bitcoin,2017,7,18,1,29,3,2203.70636546874,433884911.7107486,36250592949.68724,2485.0418905927104,333416294.8055349,40820229986.738884,2181.28608069932,1927.09906562122,2033.29108803266,2203.70636546874,2485.0418905927104
2017-07-19 00:00:00.000,2274.62136530529,577643323.797571,37434637985.04594,bitcoin,2017,7,19,2,29,3,2187.6052874099614,471429039.00155556,35990089730.32825,2473.5247210562225,342413125.43880904,40635666323.86759,2303.88935545646,2181.28608069932,1927.09906562122,2187.6052874099614,2473.5247210562225
2017-07-20 00:00:00.000,2766.82511908244,1277986817.595834,45540558047.53742,bitcoin,2017,7,20,3,29,3,2245.105837883929,620706937.5604223,36940953143.22782,2473.1591365029703,369622033.97403616,40634952254.05848,2274.62136530529,2303.88935545646,2181.28608069932,2245.105837883929,2473.1591365029703
2017-07-21 00:00:00.000,2658.07491237597,856653849.5198456,43755767266.33141,bitcoin,2017,7,21,4,29,3,2306.4409980819087,697355567.2018337,37954865499.585175,2471.194863319237,383273606.4322968,40607825058.54823,2766.82511908244,2274.62136530529,2303.88935545646,2306.4409980819087,2471.194863319237
2017-07-22 00:00:00.000,2802.34788667742,631346052.4370111,46136314314.91937,bitcoin,2017,7,22,5,29,3,2416.30625503116,721270401.6298943,39767617143.10168,2473.7760524312484,395191293.3646526,40655569244.00048,2658.07491237597,2766.82511908244,2274.62136530529,2416.30625503116,2473.7760524312484
2017-07-23 00:00:00.000,2731.60400741206,532874222.8388592,44977531723.6921,bitcoin,2017,7,23,6,29,3,2531.2355324298514,728713598.0903085,41663814238.93855,2473.571311641708,406694386.34512174,40657478444.01345,2802.34788667742,2658.07491237597,2766.82511908244,2531.2355324298514,2473.571311641708
2017-07-24 00:00:00.000,2751.3470702262,356970178.1391705,45308735082.91261,bitcoin,2017,7,24,0,30,3,2612.672816647977,708970643.1242701,43009346585.44117,2478.0023227922848,408107917.19793594,40735546979.97913,2731.60400741206,2802.34788667742,2658.07491237597,2612.672816647977,2478.0023227922848
2017-07-25 00:00:00.000,2563.74789523364,793382308.0821117,42223997194.01208,bitcoin,2017,7,25,1,30,3,2649.7954651875743,718122393.2014862,43625363087.7787,2476.5651447925234,423884621.7330789,40716967080.48545,2751.3470702262,2731.60400741206,2802.34788667742,2649.7954651875743,2476.5651447925234
2017-07-26 00:00:00.000,2507.38968460757,583046427.0953552,41300436593.94769,bitcoin,2017,7,26,2,30,3,2683.0480822307572,718894265.1011696,44177620031.90753,2477.204995500196,425318224.88714087,40732384228.93672,2563.74789523364,2751.3470702262,2731.60400741206,2683.0480822307572,2477.204995500196
2017-07-27 00:00:00.000,2649.44120113807,438390969.56700265,43645402712.15232,bitcoin,2017,7,27,3,30,3,2666.278951095847,598952001.0970509,43906883555.42394,2481.1414022453037,422640081.56592697,40802203381.32333,2507.38968460757,2563.74789523364,2751.3470702262,2666.278951095847,2481.1414022453037
2017-07-28 00:00:00.000,2798.82931330334,1248796319.028303,46111586171.418274,bitcoin,2017,7,28,4,30,3,2686.3867226568996,654972353.8839732,44243429113.293495,2488.587787013584,452559748.2748824,40929939190.27693,2649.44120113807,2507.38968460757,2563.74789523364,2686.3867226568996,2488.587787013584
2017-07-29 00:00:00.000,2720.10226250836,862355190.6244134,44819837646.14303,bitcoin,2017,7,29,5,30,3,2674.637347775606,687973659.3393165,44055361017.75402,2493.8684812791303,473309818.26742256,41022023727.145195,2798.82931330334,2649.44120113807,2507.38968460757,2674.637347775606,2493.8684812791303
2017-07-30 00:00:00.000,2740.32359181287,373175816.2499848,45158066501.84347,bitcoin,2017,7,30,6,30,3,2675.883002690007,665159601.2551916,44081151700.34706,2502.1874847402128,478745310.8830402,41164036806.47529,2720.10226250836,2798.82931330334,2649.44120113807,2675.883002690007,2502.1874847402128
2017-07-31 00:00:00.000,2871.3680152452,438125892.5058857,47322548226.26965,bitcoin,2017,7,31,0,31,3,2693.028851978436,676753274.7361509,44368839292.25521,2516.5723999239226,486430993.3835627,41405906496.27672,2740.32359181287,2720.10226250836,2798.82931330334,2693.028851978436,2516.5723999239226
2017-08-01 00:00:00.000,2737.76379241919,745400937.0961412,45126045890.85253,bitcoin,2017,8,1,1,31,3,2717.888265862086,669898793.1667265,44783417677.518135,2523.8796698608076,503718217.00022453,41531268313.34779,2871.3680152452,2740.32359181287,2720.10226250836,2717.888265862086,2523.8796698608076
2017-08-02 00:00:00.000,2697.8509023017,412594211.0343428,44473195322.90028,bitcoin,2017,8,2,2,31,3,2745.0970112469618,645548476.586582,45236668924.51137,2527.9175447050447,507318041.7038485,41602839899.90545,2737.76379241919,2871.3680152452,2740.32359181287,2745.0970112469618,2527.9175447050447
2017-08-03 00:00:00.000,2777.36799394604,339104668.1906748,45788833023.80792,bitcoin,2017,8,3,3,31,3,2763.3722673623856,631364719.2471066,45542873254.74788,2533.4632253451864,509458177.6244218,41699325952.12804,2697.8509023017,2737.76379241919,2871.3680152452,2763.3722673623856,2533.4632253451864
2017-08-04 00:00:00.000,2845.89716230278,368080367.5107562,46925073392.63279,bitcoin,2017,8,4,4,31,3,2770.0962457908768,505548154.7445999,45659085714.92138,2541.419154019616,513783830.02473205,41835596054.480705,2777.36799394604,2697.8509023017,2737.76379241919,2770.0962457908768,2541.419154019616
2017-08-05 00:00:00.000,3237.07069450803,1066264901.957386,53382167034.14344,bitcoin,2017,8,5,5,31,3,2843.948878933687,534678113.5064531,46882275627.49287,2562.232496226385,543480461.2552558,42183959294.13929,2845.89716230278,2777.36799394604,2697.8509023017,2843.948878933687,2562.232496226385
2017-08-06 00:00:00.000,3189.7324534615,489419318.3026005,52607099482.05991,bitcoin,2017,8,6,6,31,3,2908.150144883491,551284328.0853982,47946423196.095215,2584.9163043478716,551104071.8434445,42562994178.64315,3237.07069450803,2845.89716230278,2777.36799394604,2908.150144883491,2584.9163043478716
2017-08-07 00:00:00.000,3356.70973808691,695546889.0949574,55367416610.36144,bitcoin,2017,8,7,0,32,3,2977.484676718021,588058756.1695513,49095690108.10833,2611.36677849754,568349541.4235196,43004300302.24642,3189.7324534615,3237.07069450803,2845.89716230278,2977.484676718021,2611.36677849754
2017-08-08 00:00:00.000,3410.45008044914,803019985.1887337,56260701200.03423,bitcoin,2017,8,8,1,32,3,3073.5827178651566,596290048.7542074,50686355152.27715,2641.0745347830616,591187660.244252,43499329514.90125,3356.70973808691,3189.7324534615,3237.07069450803,3073.5827178651566,2641.0745347830616
2017-08-09 00:00:00.000,3330.89782529283,638922625.0771153,54954274834.24823,bitcoin,2017,8,9,2,32,3,3164.0179925781754,628622679.3317462,52183652225.32685,2673.3206062409936,599567031.1759095,44035929167.54812,3410.45008044914,3356.70973808691,3189.7324534615,3164.0179925781754,2673.3206062409936
2017-08-10 00:00:00.000,3367.90538708821,424604065.3291264,55570438886.95547,bitcoin,2017,8,10,3,32,3,3248.3804773127713,640836878.9229536,53581024491.49078,2707.1204304355315,599696657.2746141,44598160526.401085,3330.89782529283,3410.45008044914,3356.70973808691,3248.3804773127713,2707.1204304355315
2017-08-11 00:00:00.000,3562.58766284089,641330314.4333423,58788973716.33661,bitcoin,2017,8,11,4,32,3,3350.764834532502,679872585.6261803,55275867394.87705,2746.29572213967,610579853.3303281,45249187632.927,3367.90538708821,3330.89782529283,3410.45008044914,3350.764834532502,2746.29572213967
2017-08-12 00:00:00.000,3800.14062506336,988460078.2087516,62715286393.35816,bitcoin,2017,8,12,5,32,3,3431.2033960404056,668757610.8049468,56609170160.47915,2794.156367449626,635760471.6811608,46043546707.46426,3562.58766284089,3367.90538708821,3330.89782529283,3431.2033960404056,2794.156367449626
2017-08-13 00:00:00.000,4023.25452207874,1549520790.332874,66405071142.320496,bitcoin,2017,8,13,6,32,3,3550.27797727144,820200678.2378429,58580308969.08781,2853.973891819247,676740716.6245912,47035103053.147285,3800.14062506336,3562.58766284089,3367.90538708821,3550.27797727144,2853.973891819247
2017-08-14 00:00:00.000,4175.69529134641,1089626076.898878,68927834713.06955,bitcoin,2017,8,14,0,33,3,3667.275913451369,876497705.0669745,60517511555.188965,2925.3873652630386,697596845.473201,48217795783.23947,4023.25452207874,3800.14062506336,3562.58766284089,3667.275913451369,2925.3873652630386
2017-08-15 00:00:00.000,4149.30875941234,1908427436.1044517,68500212180.10542,bitcoin,2017,8,15,1,33,3,3772.8271533032544,1034413055.1977915,62266013123.77056,2999.4610217227428,745185365.089484,49444331120.815186,4175.69529134641,4023.25452207874,3800.14062506336,3772.8271533032544,2999.4610217227428
2017-08-16 00:00:00.000,4262.5587912331,1755705435.2806149,70376601817.48047,bitcoin,2017,8,16,2,33,3,3905.9215770090073,1193953456.6554341,64469202692.803734,3068.8367787405355,787203184.1687896,50593884226.15139,4149.30875941234,4175.69529134641,4023.25452207874,3905.9215770090073,3068.8367787405355
2017-08-17 00:00:00.000,4286.91743450516,1774245121.0315044,70778773053.66321,bitcoin,2017,8,17,3,33,3,4037.2090123542853,1386759321.7557738,66641821859.47627,3134.9377147088253,822034019.6184534,51689447272.01852,4262.5587912331,4149.30875941234,4175.69529134641,4037.2090123542853,3134.9377147088253
2017-08-18 00:00:00.000,4097.68580247375,1515069151.8626456,67671539511.38793,bitcoin,2017,8,18,4,33,3,4113.651603730408,1511579155.6742458,67910759830.19789,3195.7065292811076,853281547.2206225,52697343989.56325,4286.91743450516,4262.5587912331,4149.30875941234,4113.651603730408,3195.7065292811076
2017-08-19 00:00:00.000,4115.21198836208,1710080500.024876,67968693045.18288,bitcoin,2017,8,19,5,33,3,4158.661798487368,1614667787.3622634,68661246494.74428,3240.6527582570952,867684669.9682573,53444948489.484764,4097.68580247375,4286.91743450516,4262.5587912331,4158.661798487368,3240.6527582570952
2017-08-20 00:00:00.000,4001.22863247285,551798951.9672189,66092742688.79337,bitcoin,2017,8,20,6,33,3,4155.515242829385,1472136096.1671698,68616628144.24041,3285.424548926991,857522840.0498363,54189514336.90016,4115.21198836208,4097.68580247375,4286.91743450516,4155.515242829385,3285.424548926991
2017-08-21 00:00:00.000,3935.22993283277,712634899.3959899,65008176478.93846,bitcoin,2017,8,21,0,34,3,4121.163048756007,1418280213.6667573,68056676967.93597,3323.1872837988362,860232468.2818023,54818576409.03414,4001.22863247285,4115.21198836208,4097.68580247375,4121.163048756007,3323.1872837988362
2017-08-22 00:00:00.000,4008.41668521521,1402352816.7446954,66221496790.766624,bitcoin,2017,8,22,1,34,3,4101.035609584988,1345983839.4725063,67731146198.03042,3365.747706392275,889215088.0786635,55526708577.93662,3935.22993283277,4001.22863247285,4115.21198836208,4101.035609584988,3365.747706392275
2017-08-23 00:00:00.000,4069.0802390251,801748251.0347502,67231683430.31014,bitcoin,2017,8,23,2,34,3,4073.395816412417,1209704241.723097,67281872142.720375,3409.672145352238,904041023.8418496,56257473522.84987,4008.41668521521,3935.22993283277,4001.22863247285,4073.395816412417,3409.672145352238
2017-08-24 00:00:00.000,4167.28917680219,686855777.303872,68859869628.5617,bitcoin,2017,8,24,3,34,3,4056.306065311993,1054362906.9048641,67007743081.991585,3463.1235214045228,900490139.4825748,57145335937.334854,4069.0802390251,4008.41668521521,3935.22993283277,4056.306065311993,3463.1235214045228
2017-08-25 00:00:00.000,4199.89203158457,689332055.0584042,69403950803.04054,bitcoin,2017,8,25,4,34,3,4070.906955184967,936400464.504258,67255230409.37054,3519.540266303756,904032993.7480098,58082119744.30461,4167.28917680219,4069.0802390251,4008.41668521521,4070.906955184967,3519.540266303756
2017-08-26 00:00:00.000,4123.51337132546,401970264.1835565,68147140643.37593,bitcoin,2017,8,26,5,34,3,4072.0928670368785,749527573.6697838,67280722923.39812,3568.6760053100024,902818970.2352282,58898844342.01208,4199.89203158457,4167.28917680219,4069.0802390251,4072.0928670368785,3568.6760053100024
2017-08-27 00:00:00.000,4116.46873916326,348607397.3713809,68038485482.57394,bitcoin,2017,8,27,6,34,3,4088.555739421223,720500208.7275212,67558686179.65247,3612.597319505333,872812672.8466642,59629740985.71726,4123.51337132546,4199.89203158457,4167.28917680219,4088.555739421223,3612.597319505333
2017-08-28 00:00:00.000,4216.24277330547,652038444.4811547,69694649043.72203,bitcoin,2017,8,28,0,35,3,4128.700430917323,711843572.3111163,68228182260.33585,3662.468669865237,865802114.641889,60458901365.63656,4116.46873916326,4123.51337132546,4199.89203158457,4128.700430917323,3662.468669865237
2017-08-29 00:00:00.000,4394.06343624723,864725915.097578,72641940495.6991,bitcoin,2017,8,29,1,35,3,4183.792823921897,635039729.218671,69145388503.89763,3717.5933313463825,882187117.9368087,61375030498.76509,4216.24277330547,4116.46873916326,4123.51337132546,4183.792823921897,3717.5933313463825
2017-08-30 00:00:00.000,4553.80652713686,674336659.4873832,75292523274.51767,bitcoin,2017,8,30,2,35,3,4253.039436509292,616838073.2833328,70296937053.07014,3773.674615076104,890060810.1695253,62307363000.373344,4394.06343624723,4216.24277330547,4116.46873916326,4253.039436509292,3773.674615076104
2017-08-31 00:00:00.000,4702.93816308458,675647444.6830037,77767841900.02457,bitcoin,2017,8,31,3,35,3,4329.5607202639185,615236882.908923,71569504520.42197,3839.1804274316173,887735693.755754,63395422867.34575,4553.80652713686,4394.06343624723,4216.24277330547,4329.5607202639185,3839.1804274316173
2017-09-01 00:00:00.000,4863.19304868405,909131411.605347,80428274476.4107,bitcoin,2017,9,1,4,35,3,4424.318008420987,646636790.9870577,73144407902.33199,3911.3584989776955,904286933.7747874,64593925505.796104,4702.93816308458,4553.80652713686,4394.06343624723,4424.318008420987,3911.3584989776955
2017-09-02 00:00:00.000,4556.5977768913,1475097323.458513,75367266379.22632,bitcoin,2017,9,2,5,35,3,4486.1872092161075,799940656.5977658,74175854436.0249,3970.6661584092044,942153355.6170486,65579873284.31004,4863.19304868405,4702.93816308458,4553.80652713686,4486.1872092161075,3970.6661584092044
2017-09-03 00:00:00.000,4632.46233076675,1007165501.0854648,76631058145.99944,bitcoin,2017,9,3,6,35,3,4559.900579445178,894020385.6997777,75403364816.51427,4030.2183306913366,963456193.4028724,66570072776.088936,4556.5977768913,4863.19304868405,4702.93816308458,4559.900579445178,4030.2183306913366
2017-09-04 00:00:00.000,4317.18518771612,1554585273.636073,71425022760.39119,bitcoin,2017,9,4,0,36,3,4574.3209243609845,1022955647.0076234,75650561061.75272,4066.222147131606,979733539.1254953,67171501300.297195,4632.46233076675,4556.5977768913,4863.19304868405,4574.3209243609845,4066.222147131606
2017-09-05 00:00:00.000,4447.87559221093,1626968192.530412,73598219046.08562,bitcoin,2017,9,5,1,36,3,4582.008375212941,1131847400.9265997,75787172283.2365,4108.160251756587,1017651834.933089,67871205285.764725,4317.18518771612,4632.46233076675,4556.5977768913,4582.008375212941,4108.160251756587
2017-09-06 00:00:00.000,4592.25027789782,1060025861.6307496,75996461011.38934,bitcoin,2017,9,6,2,36,3,4587.500339607364,1186945858.3756518,75887734817.0753,4149.344936416951,1029801134.0176154,68558840099.13231,4447.87559221093,4317.18518771612,4632.46233076675,4587.500339607364,4149.344936416951
2017-09-07 00:00:00.000,4584.82027519271,669892692.7226958,75883474995.22142,bitcoin,2017,9,7,3,36,3,4570.626355622811,1186123750.9527507,75618539544.96057,4188.490609575069,1025363557.6020808,69212932558.97188,4592.25027789782,4447.87559221093,4317.18518771612,4570.626355622811,4188.490609575069
2017-09-08 00:00:00.000,4285.20793872097,1477975497.7897267,70933796921.03749,bitcoin,2017,9,8,4,36,3,4488.057054199514,1267387191.8362336,74262185608.47868,4220.300946689341,1053331986.6925011,69745583295.1982,4584.82027519271,4592.25027789782,4447.87559221093,4488.057054199514,4220.300946689341
2017-09-09 00:00:00.000,4245.60734112386,787822375.6637348,70287354161.79593,bitcoin,2017,9,9,5,36,3,4443.62984908988,1169205056.4369795,73536483863.13148,4249.55767849053,1065439263.7036548,70236147137.69287,4285.20793872097,4584.82027519271,4592.25027789782,4443.62984908988,4249.55767849053
2017-09-10 00:00:00.000,4132.6646422833,997139675.398169,68424784707.49242,bitcoin,2017,9,10,6,36,3,4372.23017930653,1167772795.6245086,72364159086.20192,4268.560244471943,1077299575.7358158,70557340837.39807,4245.60734112386,4285.20793872097,4584.82027519271,4372.23017930653,4268.560244471943
2017-09-11 00:00:00.000,4164.97621199409,771493043.3837389,68968724069.36708,bitcoin,2017,9,11,0,37,3,4350.486039917669,1055902477.0170324,72013259273.19847,4280.721430702967,1070067341.2416486,70765788759.9317,4132.6646422833,4245.60734112386,4285.20793872097,4350.486039917669,4280.721430702967
2017-09-12 00:00:00.000,4130.95628475182,1062536773.8295212,68415142331.63863,bitcoin,2017,9,12,1,37,3,4305.2118531377955,975269417.2026194,71272819742.56319,4284.311489458737,1053834540.6915368,70832791132.90897,4164.97621199409,4132.6646422833,4245.60734112386,4305.2118531377955,4284.311489458737
2017-09-13 00:00:00.000,3883.65200134942,1545425745.1412098,64328714659.05176,bitcoin,2017,9,13,2,37,3,4203.983527916595,1044612257.7041137,69605998835.0864,4274.576713125503,1069027862.9662812,70679487131.10837,4130.95628475182,4164.97621199409,4132.6646422833,4203.983527916595,4274.576713125503
2017-09-14 00:00:00.000,3100.66815470405,1950938472.0145133,51366093442.36449,bitcoin,2017,9,14,3,37,3,3991.9617964182157,1227618797.6029449,66103515756.10682,4239.622026301894,1070444897.4966166,70108349839.85034,3883.65200134942,4130.95628475182,4164.97621199409,3991.9617964182157,4239.622026301894
2017-09-15 00:00:00.000,3587.9431219159,3308099534.339308,59446207725.41725,bitcoin,2017,9,15,4,37,3,3892.352536874634,1489065088.5385993,64462431585.30394,4217.134837324654,1122191367.4652395,69744003370.1149,3100.66815470405,3883.65200134942,4130.95628475182,3892.352536874634,4217.134837324654
2017-09-16 00:00:00.000,3606.27519721432,1399781741.4877734,59757602841.68003,bitcoin,2017,9,16,5,37,3,3801.0193734589852,1576487855.0848906,62958181396.71595,4194.446762748293,1109709254.813782,69376631029.71547,3587.9431219159,3100.66815470405,3883.65200134942,3801.0193734589852,4194.446762748293
2017-09-17 00:00:00.000,3553.43231625865,846880197.8947364,58889832717.23171,bitcoin,2017,9,17,6,37,3,3718.2718983126074,1555022215.4415429,61596045398.107285,4176.304979874456,1087436289.6815183,69083907469.91026,3606.27519721432,3587.9431219159,3100.66815470405,3718.2718983126074,4176.304979874456
2017-09-18 00:00:00.000,4012.28582499344,1282809663.1080554,66500676482.32742,bitcoin,2017,9,18,0,38,3,3696.4589858839427,1628067446.830731,61243467171.38733,4172.874107762169,1073193928.4509577,69034973584.48175,3553.43231625865,3606.27519721432,3587.9431219159,3696.4589858839427,4172.874107762169
2017-09-19 00:00:00.000,3898.93473248234,942656241.4373353,64629619385.94208,bitcoin,2017,9,19,1,38,3,3663.3130498454457,1610941656.4889903,60702678179.14496,4169.464311095818,1086222504.7666283,68986202807.72003,4012.28582499344,3553.43231625865,3606.27519721432,3663.3130498454457,4169.464311095818
2017-09-20 00:00:00.000,3858.02095060051,676074373.1781092,63957210363.29384,bitcoin,2017,9,20,2,38,3,3659.6514711670306,1486748603.3514044,60649606136.89382,4166.890678354743,1085003820.5593655,68951170603.8652,3898.93473248234,4012.28582499344,3553.43231625865,3659.6514711670306,4166.890678354743
2017-09-21 00:00:00.000,3628.05858753461,913652257.307351,60152757874.00039,bitcoin,2017,9,21,3,38,3,3734.992961571396,1338564858.3932383,61904843912.84182,4154.212075098722,1068713801.911454,68748879306.63968,3858.02095060051,3898.93473248234,4012.28582499344,3734.992961571396,4154.212075098722
2017-09-22 00:00:00.000,3622.1830393146,767837732.7568976,60061814860.04741,bitcoin,2017,9,22,4,38,3,3739.8843783426387,975670315.3100369,61992787789.217545,4139.31550177504,1067583451.3021922,68509883687.63091,3628.05858753461,3858.02095060051,3898.93473248234,3739.8843783426387,4139.31550177504
2017-09-23 00:00:00.000,3763.41140627887,578068211.7796992,62411285738.3069,bitcoin,2017,9,23,5,38,3,3762.332408209003,858282668.2088835,62371885345.87854,4125.852909424262,1063957199.1180532,68294930891.289085,3622.1830393146,3628.05858753461,3858.02095060051,3762.332408209003,4125.852909424262
2017-09-24 00:00:00.000,3672.30507973319,429544014.3865627,60907151775.20277,bitcoin,2017,9,24,6,38,3,3779.3142315625087,798663213.4220015,62660073782.731544,4108.266677695882,1055297597.7623252,68011704257.02783,3763.41140627887,3622.1830393146,3628.05858753461,3779.3142315625087,4108.266677695882
2017-09-25 00:00:00.000,3866.70515274174,800311260.7601415,64137374771.87553,bitcoin,2017,9,25,0,39,3,3758.5169926694084,729734870.2294424,62322459252.66699,4099.706403743093,1068575630.9815447,67878045394.644485,3672.30507973319,3763.41140627887,3622.1830393146,3758.5169926694084,4099.706403743093
2017-09-26 00:00:00.000,3852.93520487706,544391497.5833492,63915425115.12679,bitcoin,2017,9,26,1,39,3,3751.94563158294,672839906.82173,62220431499.693375,4090.921952600219,1075101767.6552768,67740610049.062904,3866.70515274174,3672.30507973319,3763.41140627887,3751.94563158294,4090.921952600219
2017-09-27 00:00:00.000,4134.21241496119,936452128.5755136,68589320812.824844,bitcoin,2017,9,27,2,39,3,3791.4015550630365,710036729.0213593,62882161563.912094,4088.187607322076,1084582223.7917554,67703765774.69968,3852.93520487706,3866.70515274174,3672.30507973319,3791.4015550630365,4088.187607322076
2017-09-28 00:00:00.000,4134.88495085993,852500405.3533716,68609525756.87619,bitcoin,2017,9,28,3,39,3,3863.8053212523687,701300750.1707908,64090271261.465775,4079.548324475833,1084174706.800282,67569351950.07224,4134.21241496119,3852.93520487706,3866.70515274174,3863.8053212523687,4079.548324475833
2017-09-29 00:00:00.000,4130.41524600294,829225349.3886597,68544241007.41879,bitcoin,2017,9,29,4,39,3,3936.4099222078453,710070409.6896139,65302046425.37597,4065.4352817713684,1089337663.1303246,67344409207.83561,4134.88495085993,4134.21241496119,3852.93520487706,3936.4099222078453,4065.4352817713684
2017-09-30 00:00:00.000,4297.79117003372,720251082.9981893,71329258156.47789,bitcoin,2017,9,30,5,39,3,4012.749888458539,730382248.4351126,66576042485.114685,4051.9303820030063,1090824451.0741642,67129789749.717384,4130.41524600294,4134.88495085993,4134.21241496119,4012.749888458539,4051.9303820030063
2017-10-01 00:00:00.000,4347.57873545332,682387248.0888995,72162524814.14323,bitcoin,2017,10,1,6,39,4,4109.217553561414,766502710.3925892,68183952919.24904,4034.743238228649,1083266312.2902825,66854264760.975136,4297.79117003372,4130.41524600294,4134.88495085993,4109.217553561414,4034.743238228649
2017-10-02 00:00:00.000,4383.32549736353,738468958.9611623,72763860755.0592,bitcoin,2017,10,2,0,40,4,4183.020459935956,757668095.849878,69416308059.70386,4028.967495577723,1058712033.4737041,66767484573.50291,4347.57873545332,4297.79117003372,4130.41524600294,4183.020459935956,4028.967495577723
2017-10-03 00:00:00.000,4319.06921246641,760685985.6944162,71707074498.61319,bitcoin,2017,10,3,1,40,4,4249.61103244872,788567308.4371731,70529400828.77333,4018.5210583010453,1050496049.6273358,66603351785.25669,4383.32549736353,4347.57873545332,4297.79117003372,4249.61103244872,4018.5210583010453
2017-10-04 00:00:00.000,4231.46418703684,573368922.9375935,70259971867.79242,bitcoin,2017,10,4,2,40,4,4263.504142745242,736698279.0603274,70768065265.19728,4015.6636916117363,1017788837.9373866,66564516755.5034,4319.06921246641,4383.32549736353,4347.57873545332,4263.504142745242,4015.6636916117363
2017-10-05 00:00:00.000,4290.38040438142,713160614.1358172,71244448102.50621,bitcoin,2017,10,5,3,40,4,4285.717778962598,716792594.6006768,71144482743.14442,4010.413852017419,987328585.3242333,66486057724.05075,4231.46418703684,4319.06921246641,4383.32549736353,4285.717778962598,4010.413852017419
2017-10-06 00:00:00.000,4347.54723950876,623863525.065278,72202651600.90865,bitcoin,2017,10,6,4,40,4,4316.736635177715,687455191.125908,71667112827.92868,4002.2570840711173,972789840.772051,66359597410.368065,4290.38040438142,4231.46418703684,4319.06921246641,4316.736635177715,4002.2570840711173
2017-10-07 00:00:00.000,4405.0162007055,468192424.3612093,73165830198.24252,bitcoin,2017,10,7,5,40,4,4332.054496702254,651446811.3206252,71929480262.46649,3996.2636149215436,966066498.4933349,66269009250.46877,4347.54723950876,4290.38040438142,4231.46418703684,4332.054496702254,3996.2636149215436
2017-10-08 00:00:00.000,4562.32193109848,771225396.3362144,75788890435.07802,bitcoin,2017,10,8,6,40,4,4362.732096080134,664137975.3559558,72447532494.0286,4005.5007480007935,942508161.7782177,66430845700.93678,4405.0162007055,4347.54723950876,4290.38040438142,4362.732096080134,4005.5007480007935
2017-10-09 00:00:00.000,4758.72164979337,1128809802.8032467,79061044585.54332,bitcoin,2017,10,9,0,41,4,4416.360117855826,719900953.0476822,73347130184.09776,4022.6045582897773,953874409.3495349,66723302048.395035,4562.32193109848,4405.0162007055,4347.54723950876,4416.360117855826,4022.6045582897773
2017-10-10 00:00:00.000,4769.47734676417,1134289150.2871664,79249573590.62794,bitcoin,2017,10,10,1,41,4,4480.70413704122,773272833.7037895,74424630054.38559,4043.83164843914,958446058.5125012,67084128344.49955,4758.72164979337,4562.32193109848,4405.0162007055,4480.70413704122,4043.83164843914
2017-10-11 00:00:00.000,4807.92589489803,836737765.8088199,79896727838.75774,bitcoin,2017,10,11,2,41,4,4563.055809592818,810896954.1139647,75801309478.8092,4065.263304535938,960620882.5933374,67448395136.81257,4769.47734676417,4758.72164979337,4562.32193109848,4563.055809592818,4065.263304535938
2017-10-12 00:00:00.000,5331.61930195449,2084912155.2398603,88609513441.24539,bitcoin,2017,10,12,3,41,4,4711.804223531828,1006861459.9859706,78282033098.62907,4105.28540510936,994700061.973682,68121540840.46614,4807.92589489803,4769.47734676417,4758.72164979337,4711.804223531828,4105.28540510936
2017-10-13 00:00:00.000,5610.49316222874,3174154333.22038,93253757323.27052,bitcoin,2017,10,13,4,41,4,4892.225069634683,1371188718.2938423,81289333916.10936,4162.84677713867,1048991014.9096544,69085708929.27342,5331.61930195449,4807.92589489803,4769.47734676417,4892.225069634683,4162.84677713867
2017-10-14 00:00:00.000,5679.21622165638,2311782991.9538355,94406037193.81062,bitcoin,2017,10,14,5,41,4,5074.253644056237,1634558799.3785033,84323649201.1905,4248.798379370415,1061019165.5742984,70520373720.9883,5610.49316222874,5331.61930195449,4807.92589489803,5074.253644056237,4248.798379370415
2017-10-15 00:00:00.000,5684.04710411913,1665374310.9042103,94500193338.09784,bitcoin,2017,10,15,6,41,4,5234.500097344901,1762294358.6025026,86996692473.05049,4318.668512110523,1006261658.1264617,71688839908.07765,5679.21622165638,5610.49316222874,5331.61930195449,5234.500097344901,4318.668512110523
2017-10-16 00:00:00.000,5728.93275055115,1060235879.6212636,95258545426.38309,bitcoin,2017,10,16,0,42,4,5373.1016831674415,1752498083.8622193,89310621164.59901,4389.423763888417,994943462.7309115,72872204660.90108,5684.04710411913,5679.21622165638,5610.49316222874,5373.1016831674415,4389.423763888417
2017-10-17 00:00:00.000,5643.85907705172,1106795866.7539878,93855824390.12392,bitcoin,2017,10,17,1,42,4,5498.013358922806,1748570471.928908,91397228421.66988,4459.104655914853,1003607318.3595531,74037737716.66415,5728.93275055115,5684.04710411913,5679.21622165638,5498.013358922806,4459.104655914853
2017-10-18 00:00:00.000,5592.78222421231,2100240729.712624,93017336298.87628,bitcoin,2017,10,18,2,42,4,5610.135691681989,1929070895.3437374,93271601058.82968,4511.7878692221475,1030855020.5797056,74921626377.21579,5643.85907705172,5728.93275055115,5684.04710411913,5610.135691681989,4511.7878692221475
2017-10-19 00:00:00.000,5696.38014134367,1229468606.297799,94752516351.64404,bitcoin,2017,10,19,3,42,4,5662.2443830233005,1806864674.0663,94149172903.17233,4571.702716184193,1040415432.7417209,75925722942.73918,5592.78222421231,5643.85907705172,5728.93275055115,5662.2443830233005,4571.702716184193
2017-10-20 00:00:00.000,5952.7713587923,1843078157.467656,99030673396.69296,bitcoin,2017,10,20,4,42,4,5711.141268246666,1616710934.6730537,94974446627.94695,4641.527729790586,1079315558.8847058,77094838377.1858,5696.38014134367,5592.78222421231,5643.85907705172,5711.141268246666,4641.527729790586
2017-10-21 00:00:00.000,6043.96673129542,1763987336.866072,100559216276.95663,bitcoin,2017,10,21,5,42,4,5763.248483909387,1538454412.5176587,95853472211.25354,4722.05800124928,1107660061.5366633,78441720323.95103,5952.7713587923,5696.38014134367,5592.78222421231,5763.248483909387,4722.05800124928
2017-10-22 00:00:00.000,6003.4640189335,1799855389.6500697,99899292227.65865,bitcoin,2017,10,22,6,42,4,5808.87947174001,1557665995.195639,96624772052.61937,4801.434033903243,1142060650.0997689,79769636236.20474,6043.96673129542,5952.7713587923,5696.38014134367,5808.87947174001,4801.434033903243
2017-10-23 00:00:00.000,5959.98304059248,2039339670.519878,99188570754.3323,bitcoin,2017,10,23,0,43,4,5841.886656031629,1697537965.3240125,97186204242.3264,4874.6530883803625,1190769698.7244415,80995545736.73892,6003.4640189335,6043.96673129542,5952.7713587923,5841.886656031629,4874.6530883803625
2017-10-24 00:00:00.000,5550.08158528565,2240037527.3631616,92378194194.24738,bitcoin,2017,10,24,1,43,4,5828.489871493618,1859429631.1253228,96975114214.34404,4937.245638565445,1251119482.490328,82044580484.04042,5959.98304059248,6003.4640189335,6043.96673129542,5828.489871493618,4937.245638565445
2017-10-25 00:00:00.000,5704.87480650775,1621897626.2100537,94967978387.47089,bitcoin,2017,10,25,2,43,4,5844.503097535824,1791094902.053527,97253777369.85754,4998.517960357645,1278505694.671992,83072267271.22691,5550.08158528565,5959.98304059248,6003.4640189335,5844.503097535824,4998.517960357645
2017-10-26 00:00:00.000,5883.05318447111,1501048614.382047,97947023064.89772,bitcoin,2017,10,26,3,43,4,5871.17067512546,1829892046.0655627,97710135471.75093,5066.188559677446,1310394265.2319484,84206653869.55263,5704.87480650775,5550.08158528565,5959.98304059248,5871.17067512546,5066.188559677446
2017-10-27 00:00:00.000,5775.51666530736,1332315431.0582082,96164443214.4004,bitcoin,2017,10,27,4,43,4,5845.848576056181,1756925942.2927842,97300674017.1377,5120.8987013556525,1323589708.6480384,85125824616.2718,5883.05318447111,5704.87480650775,5550.08158528565,5845.848576056181,5120.8987013556525
2017-10-28 00:00:00.000,5734.30745398276,892992277.0600395,95484533854.62125,bitcoin,2017,10,28,5,43,4,5801.611536440088,1632498076.6062083,96575719385.37552,5174.212784793081,1324939437.7049272,86021658219.52997,5775.51666530736,5883.05318447111,5704.87480650775,5801.611536440088,5174.212784793081
2017-10-29 00:00:00.000,6123.54977135535,1942980852.5876095,101977770673.5449,bitcoin,2017,10,29,6,43,4,5818.766643928923,1652944571.3115711,96872644877.64499,5240.650602304827,1362064621.1448922,87136109208.40083,5734.30745398276,5775.51666530736,5883.05318447111,5818.766643928923,5240.650602304827
2017-10-30 00:00:00.000,6104.38870915078,1307795534.5842988,101669814828.64809,bitcoin,2017,10,30,0,44,4,5839.396025151537,1548438266.177917,97227108316.83296,5300.870520275395,1381649436.1977627,88147461097.47318,6123.54977135535,5734.30745398276,5775.51666530736,5839.396025151537,5300.870520275395
2017-10-31 00:00:00.000,6368.65164135745,1800486324.20211,106082152741.21794,bitcoin,2017,10,31,1,44,4,5956.334604590365,1485645237.1549096,99184816680.68588,5368.239617138867,1418919405.4015362,89278115361.709,6104.38870915078,6123.54977135535,5734.30745398276,5956.334604590365,5368.239617138867
2017-11-01 00:00:00.000,6714.78898671902,2095690342.820862,111860407349.42264,bitcoin,2017,11,1,2,44,4,6100.608058906262,1553329910.9564536,101598020818.10756,5445.955066784049,1464160118.1968598,90581333581.5211,6368.65164135745,6104.38870915078,6123.54977135535,6100.608058906262,5445.955066784049
2017-11-02 00:00:00.000,7059.7938605488,4363333285.959415,117621545279.66476,bitcoin,2017,11,2,3,44,4,6268.713869774503,1962227721.181792,104408666848.78857,5537.312555053463,1584248361.539026,92111815940.8895,6714.78898671902,6368.65164135745,6104.38870915078,6268.713869774503,5537.312555053463
2017-11-03 00:00:00.000,7234.73838202036,2826731064.9064717,120546744685.76022,bitcoin,2017,11,3,4,44,4,6477.174115019217,2175715668.874401,107891852773.26855,5637.421694886247,1659360432.9379888,93788041701.48843,7059.7938605488,6714.78898671902,6368.65164135745,6477.174115019217,5637.421694886247
2017-11-04 00:00:00.000,7390.53522652395,2043449643.0088456,123154674357.55318,bitcoin,2017,11,4,5,44,4,6713.778082525101,2340066721.152802,111844729987.9731,5740.7601889576645,1703703400.5670898,95518382576.65666,7234.73838202036,7059.7938605488,6714.78898671902,6713.778082525101,5740.7601889576645
2017-11-05 00:00:00.000,7416.26795098255,1942850008.8349416,123596829565.80898,bitcoin,2017,11,5,6,44,4,6898.45210818613,2340048029.188135,114933166972.58228,5843.050879340124,1747669616.6927452,97231521842.15334,7390.53522652395,7234.73838202036,7059.7938605488,6898.45210818613,5843.050879340124
2017-11-06 00:00:00.000,7103.04608116249,2653734034.8498173,118388777524.7116,bitcoin,2017,11,6,0,45,4,7041.117447044946,2532324957.7974944,117321590214.87704,5932.985208688691,1820521003.7090323,98738953419.70232,7416.26795098255,7390.53522652395,7234.73838202036,7041.117447044946,5932.985208688691
2017-11-07 00:00:00.000,7166.74137167631,1829995407.419026,119464110442.1775,bitcoin,2017,11,7,1,45,4,7155.1302656619255,2536540541.114197,119233298457.87126,6019.799190041285,1855813337.4117925,100194794086.60562,7103.04608116249,7416.26795098255,7390.53522652395,7155.1302656619255,6019.799190041285
2017-11-08 00:00:00.000,7461.82443491069,3478638875.179309,124396351241.9002,bitcoin,2017,11,8,2,45,4,7261.849615403594,2734104617.165404,121024147585.36806,6109.902616211863,1934140973.1576612,101705970975.15086,7166.74137167631,7103.04608116249,7416.26795098255,7261.849615403594,6109.902616211863
2017-11-09 00:00:00.000,7186.29277509382,2330693500.643121,119816786360.0138,bitcoin,2017,11,9,3,45,4,7279.920888910025,2443727504.9773617,121337753453.98936,6190.463130489517,1974021118.1695263,103058211400.79706,7461.82443491069,7166.74137167631,7103.04608116249,7279.920888910025,6190.463130489517
2017-11-10 00:00:00.000,6656.83969350681,3886426125.5147686,110999386930.46329,bitcoin,2017,11,10,4,45,4,7197.363933408088,2595112513.6356897,119973845203.23265,6252.0935904431435,2075677396.8263915,104094966703.85391,7186.29277509382,7461.82443491069,7166.74137167631,7197.363933408088,6252.0935904431435
2017-11-11 00:00:00.000,6365.39785208573,3148369501.39065,106146109132.28352,bitcoin,2017,11,11,5,45,4,7050.915737059772,2752958207.6902337,117544050171.05127,6286.552875447519,2111125975.0314176,104679519893.55516,6656.83969350681,7186.29277509382,7461.82443491069,7050.915737059772,6286.552875447519
2017-11-12 00:00:00.000,5866.51312938529,6001017946.926174,97832172888.0526,bitcoin,2017,11,12,6,45,4,6829.522191117306,3332696484.5604095,113863384931.37178,6295.086874352736,2205354762.1549444,104832133745.71457,6365.39785208573,6656.83969350681,7186.29277509382,6829.522191117306,6295.086874352736
2017-11-13 00:00:00.000,6423.09140246102,4636291555.878799,107125442451.24033,bitcoin,2017,11,13,0,46,4,6732.385808445667,3615918987.56455,112254337063.73303,6319.882713712891,2282838380.952443,105256113920.96222,5866.51312938529,6365.39785208573,6656.83969350681,6732.385808445667,6319.882713712891
2017-11-14 00:00:00.000,6652.21677956026,1824550614.66447,110957725266.311,bitcoin,2017,11,14,1,46,4,6658.882295286231,3615141160.028184,111039139181.4664,6352.155036227595,2288144257.7444515,105804698318.56934,6423.09140246102,5866.51312938529,6365.39785208573,6658.882295286231,6352.155036227595
2017-11-15 00:00:00.000,7297.66883633256,2935591360.13778,121737427357.354,bitcoin,2017,11,15,2,46,4,6635.431495489356,3537562943.5936804,110659292912.2455,6404.446239086976,2350656107.095002,106687327716.26836,6652.21677956026,6423.09140246102,5866.51312938529,6635.431495489356,6404.446239086976
2017-11-16 00:00:00.000,7814.9444036566,3413089663.2046,130381304858.568,bitcoin,2017,11,16,3,46,4,6725.238870998325,3692190966.816749,112168509840.6104,6476.815749973805,2427532566.9766893,107904843731.88316,7297.66883633256,6652.21677956026,6423.09140246102,6725.238870998325,6476.815749973805
2017-11-17 00:00:00.000,7783.54246476388,3245859431.04955,129865386010.109,bitcoin,2017,11,17,4,46,4,6886.196409749334,3600681439.036003,114863652566.27406,6549.841091325524,2465719857.0212536,109133112055.59093,7814.9444036566,7297.66883633256,6652.21677956026,6886.196409749334,6549.841091325524
2017-11-18 00:00:00.000,7827.63146946899,2227536660.24511,130622715624.408,bitcoin,2017,11,18,5,46,4,7095.086926518372,3469133890.300926,118360310636.57756,6620.882802263034,2498988792.1528306,110328785364.68306,7783.54246476388,7814.9444036566,7297.66883633256,7095.086926518372,6620.882802263034
2017-11-19 00:00:00.000,8011.14742989044,1572771188.84144,133701043637.728,bitcoin,2017,11,19,6,46,4,7401.463255161964,2836527210.5745354,123484435029.38834,6689.495337966306,2489978559.8652897,111484464372.71756,7827.63146946899,7783.54246476388,7814.9444036566,7401.463255161964,6689.495337966306
2017-11-20 00:00:00.000,8220.50996617654,1706394365.70662,137213053125.934,bitcoin,2017,11,20,0,47,4,7658.237335692754,2417970469.121367,127782665125.77315,6762.04677912901,2488058794.1599746,112706258934.35013,8011.14742989044,7827.63146946899,7783.54246476388,7658.237335692754,6762.04677912901
2017-11-21 00:00:00.000,8114.13367954416,2901936853.36067,135455116259.548,bitcoin,2017,11,21,1,47,4,7867.082607119024,2571882788.9351096,131282292410.52127,6832.4024344826985,2524794842.950328,113891453068.74643,8220.50996617654,8011.14742989044,7827.63146946899,7867.082607119024,6832.4024344826985
2017-11-22 00:00:00.000,8257.12389528835,1528137247.48478,137857431278.079,bitcoin,2017,11,22,2,47,4,8004.14761554128,2370817915.6989675,133585150113.48201,6908.973796305895,2507754762.182492,115180415086.20467,8114.13367954416,8220.50996617654,8011.14742989044,8004.14761554128,6908.973796305895
2017-11-23 00:00:00.000,8117.66434762603,1550586714.56084,135545106327.703,bitcoin,2017,11,23,3,47,4,8047.3933218226275,2104746065.8927157,134322836037.64415,6994.5598883839075,2484773068.4224143,116619312157.31985,8257.12389528835,8114.13367954416,8220.50996617654,8047.3933218226275,6994.5598883839075
2017-11-24 00:00:00.000,8278.12843633886,2135298893.09068,138239984963.008,bitcoin,2017,11,24,4,47,4,8118.048460619053,1946094560.47002,135519207316.62971,7080.335009378277,2501886443.9851017,118061712376.50443,8117.66434762603,8257.12389528835,8114.13367954416,8118.048460619053,7080.335009378277
2017-11-25 00:00:00.000,8743.1593779107,2124257198.58414,146022669794.181,bitcoin,2017,11,25,5,47,4,8248.838161825011,1931340351.66131,137719200769.45444,7175.671882492929,2522660063.4585047,119664233934.1472,8278.12843633886,8117.66434762603,8257.12389528835,8248.838161825011,7175.671882492929
2017-11-26 00:00:00.000,9342.98864142167,3493015606.59397,156058041450.11,bitcoin,2017,11,26,6,47,4,8439.10119204376,2205660982.768814,140913057599.7947,7294.587615030075,2594683402.64303,121660687208.67085,8743.1593779107,8278.12843633886,8117.66434762603,8439.10119204376,7294.587615030075
2017-11-27 00:00:00.000,9831.40292992241,3629754499.83265,164237026935.379,bitcoin,2017,11,27,0,48,4,8669.22875829317,2480426716.2153897,144773625286.8583,7431.157464228062,2685908810.068784,123952436978.02946,9342.98864142167,8743.1593779107,8278.12843633886,8669.22875829317,7431.157464228062
2017-11-28 00:00:00.000,10257.0674169803,3453118781.61612,171368281967.209,bitcoin,2017,11,28,1,48,4,8975.362149355475,2559166991.6804543,149904077530.80988,7568.941385748894,2736246741.036401,126265454021.1516,9831.40292992241,9342.98864142167,8743.1593779107,8975.362149355475,7568.941385748894
2017-11-29 00:00:00.000,9875.89230818829,10258439067.6534,165021094137.072,bitcoin,2017,11,29,2,48,4,9206.614779769752,3806352965.9902573,153784600796.3803,7694.658172383478,3034601525.472038,128377163331.43239,10257.0674169803,9831.40292992241,9342.98864142167,9206.614779769752,7694.658172383478
2017-11-30 00:00:00.000,10406.18772373,7443964832.98962,173903131019.367,bitcoin,2017,11,30,3,48,4,9533.546690641748,4648264125.765798,159264318609.47513,7829.242708462563,3222717475.7649546,130637862607.37068,9875.89230818829,10257.0674169803,9831.40292992241,9533.546690641748,7829.242708462563
2017-12-01 00:00:00.000,10995.7235531179,5021611419.94158,183780731163.873,bitcoin,2017,12,1,4,48,4,9921.774564467325,5060594486.744497,165770139495.313,7971.9405273425255,3320248178.335645,133035206734.51904,10406.18772373,9875.89230818829,10257.0674169803,9921.774564467325,7971.9405273425255
2017-12-02 00:00:00.000,11162.5450307617,3178820954.9194,186591841366.624,bitcoin,2017,12,2,5,48,4,10267.401086303182,5211246451.935248,171565735434.23343,8108.698899682955,3280764433.9676447,135334216604.08432,10995.7235531179,10406.18772373,9875.89230818829,10267.401086303182,8108.698899682955
2017-12-03 00:00:00.000,11256.7018287538,5761492455.64625,188190520506.165,bitcoin,2017,12,3,6,48,4,10540.788684493486,5535314573.228432,176156089585.09842,8242.764347907403,3378589813.658971,137589009131.43115,11162.5450307617,10995.7235531179,10406.18772373,10540.788684493486,8242.764347907403
2017-12-04 00:00:00.000,11634.9849554034,3216349724.23645,194541160318.899,bitcoin,2017,12,4,0,49,4,10798.4432595622,5476256748.14326,180485251497.02985,8384.24600553672,3417686483.0332246,139968558663.47604,11256.7018287538,11162.5450307617,10995.7235531179,10798.4432595622,8384.24600553672
2017-12-05 00:00:00.000,12174.2537397926,3131952573.50185,203585321680.101,bitcoin,2017,12,5,1,49,4,11072.327019963956,5430375861.269793,185087685741.72873,8542.845531830388,3457323235.188788,142634841733.95242,11634.9849554034,11256.7018287538,11162.5450307617,11072.327019963956,8542.845531830388
2017-12-06 00:00:00.000,13876.4735794148,5086411370.06241,232080024191.322,bitcoin,2017,12,6,2,49,4,11643.838630139171,4691514761.613936,194667532892.33585,8768.626448438798,3538412479.695874,146424549956.17276,12174.2537397926,11634.9849554034,11256.7018287538,11643.838630139171,8768.626448438798
2017-12-07 00:00:00.000,18491.1815542282,16482921408.0842,309298517515.443,bitcoin,2017,12,7,3,49,4,12798.837748781772,5982794272.341734,214009730963.20386,9146.107787857192,4026843346.384713,152752363525.28165,13876.4735794148,12174.2537397926,11634.9849554034,12798.837748781772,9146.107787857192
2017-12-08 00:00:00.000,16908.0049521112,24144297784.1442,282850210542.754,bitcoin,2017,12,8,4,49,4,13643.449377209385,8714606610.084967,228162513731.61545,9460.980471763878,4715698643.350209,158034158835.3101,18491.1815542282,13876.4735794148,12174.2537397926,13643.449377209385,9460.980471763878
2017-12-09 00:00:00.000,15266.4263894651,7307194000.11675,255421618137.278,bitcoin,2017,12,9,5,49,4,14229.718142738444,9304374187.970303,237995338984.56598,9730.318258909587,4881581993.332664,162554319894.55222,16908.0049521112,18491.1815542282,13876.4735794148,14229.718142738444,9730.318258909587
2017-12-10 00:00:00.000,15808.5098961544,10474626172.7887,264523195368.976,bitcoin,2017,12,10,6,49,4,14879.976438081387,9977679004.704939,248900006822.1104,10035.373932331171,5101188661.575129,167671780175.836,15266.4263894651,16908.0049521112,18491.1815542282,14879.976438081387,10035.373932331171
2017-12-11 00:00:00.000,17106.5051488871,7710546749.544,286279279595.202,bitcoin,2017,12,11,0,50,4,15661.62218000763,10619707151.177444,262005452433.0109,10393.410842224552,5253261236.513574,173676219191.2666,15808.5098961544,15266.4263894651,16908.0049521112,15661.62218000763,10393.410842224552
2017-12-12 00:00:00.000,17249.920214656,4686094939.5687,288713846623.762,bitcoin,2017,12,12,1,50,4,16386.7173907024,10841727489.186995,274166670282.1053,10772.857745066909,5209430469.601658,180038941649.12357,17106.5051488871,15808.5098961544,15266.4263894651,16386.7173907024,10772.857745066909
2017-12-13 00:00:00.000,16525.0444892988,4407769522.20181,276619329724.168,bitcoin,2017,12,13,2,50,4,16765.08466354297,10744778653.778336,280529428215.369,11109.589514628167,5201813068.479092,185688737891.5545,17249.920214656,17106.5051488871,15808.5098961544,16765.08466354297,11109.589514628167
2017-12-14 00:00:00.000,16865.3616648753,4117594354.00804,282355027769.183,bitcoin,2017,12,14,3,50,4,16532.8246793497,8978303360.338884,276680358251.6176,11450.027677472002,5278247859.790544,191401981308.3169,16525.0444892988,17249.920214656,17106.5051488871,16532.8246793497,11450.027677472002
2017-12-15 00:00:00.000,17978.6305581344,6146229228.58011,301031043805.055,bitcoin,2017,12,15,4,50,4,16685.771194495872,6407150709.544015,279277620146.23206,11806.059734865396,5385269122.071955,197378435189.90692,16865.3616648753,16525.0444892988,17249.920214656,16685.771194495872,11806.059734865396
2017-12-16 00:00:00.000,19665.3949272416,5116192713.25694,329315720181.841,bitcoin,2017,12,16,5,50,4,17314.195271321085,6094150525.7069,289833920438.31244,12201.07475231823,5442039223.740367,204009582367.3494,17978.6305581344,16865.3616648753,16525.0444892988,17314.195271321085,12201.07475231823
2017-12-17 00:00:00.000,19423.5801532525,4251128480.35423,325311461891.215,bitcoin,2017,12,17,6,50,4,17830.633879477955,5205079426.787689,298517958512.918,12589.076008601185,5475548192.050522,210524451563.38623,19665.3949272416,17978.6305581344,16865.3616648753,17830.633879477955,12589.076008601185
2017-12-18 00:00:00.000,19188.0539569348,5411492204.5264,321409248360.935,bitcoin,2017,12,18,0,51,4,18127.997994913345,4876643063.213747,303536525479.4513,12967.75675818338,5581680043.526565,216884002654.6038,19423.5801532525,19665.3949272416,17978.6305581344,18127.997994913345,12967.75675818338
2017-12-19 00:00:00.000,18174.1867596316,6141309845.2726,304459646943.618,bitcoin,2017,12,19,1,51,4,18260.036072767,5084530906.885733,305785925525.14496,13306.524735841416,5733964665.407604,222575956098.13345,19188.0539569348,19423.5801532525,19665.3949272416,18260.036072767,13306.524735841416
2017-12-20 00:00:00.000,17059.8883502646,7509260354.08289,285821795917.542,bitcoin,2017,12,20,2,51,4,18336.442338619257,5527601025.725886,307100563552.76984,13601.170681977685,5927393531.686812,227529580857.8537,18174.1867596316,19188.0539569348,19423.5801532525,18336.442338619257,13601.170681977685
2017-12-21 00:00:00.000,16355.2382257401,5580926436.9909,274043056258.078,bitcoin,2017,12,21,3,51,4,18263.567561599943,5736648466.152009,305913139051.1835,13875.874166850883,6016693184.474487,232149178857.80472,17059.8883502646,18174.1867596316,19188.0539569348,18263.567561599943,13875.874166850883
2017-12-22 00:00:00.000,14084.8249267767,12164204097.121,236028031210.852,bitcoin,2017,12,22,4,51,4,17707.30961426313,6596359161.657851,296626994394.8687,14070.130867900494,6371228746.129028,235421532188.89716,16355.2382257401,17059.8883502646,18174.1867596316,17707.30961426313,14070.130867900494
2017-12-23 00:00:00.000,15241.9164656487,5076754666.02441,255444795621.567,bitcoin,2017,12,23,5,51,4,17075.38411974986,6590725154.910348,286074005171.9725,14307.605938501252,6488767677.8444805,239418188498.69266,14084.8249267767,16355.2382257401,17059.8883502646,17075.38411974986,14307.605938501252
2017-12-24 00:00:00.000,14451.1145466743,4129411907.77252,242218743695.445,bitcoin,2017,12,24,6,51,4,16365.031890238684,6573337073.11296,274203616858.29102,14513.3721421791,6555238111.667208,242884147123.1072,15241.9164656487,14084.8249267767,16355.2382257401,16365.031890238684,14513.3721421791
2017-12-25 00:00:00.000,14302.7537081839,2485439206.78209,239755987703.759,bitcoin,2017,12,25,0,52,4,15667.131854702844,6155329502.00663,262538865335.83725,14698.691953188207,6567277511.940474,246008591053.42645,14451.1145466743,15241.9164656487,14084.8249267767,15667.131854702844,14698.691953188207
2017-12-26 00:00:00.000,16616.6820570844,4255570625.9614,278573473665.536,bitcoin,2017,12,26,1,52,4,15444.631182910383,5885938184.9621725,258840840581.8256,14941.148400376964,6592696012.586054,250092438793.94064,14302.7537081839,14451.1145466743,15241.9164656487,15444.631182910383,14941.148400376964
2017-12-27 00:00:00.000,16373.0810795739,4950722889.35151,274522325686.838,bitcoin,2017,12,27,2,52,4,15346.515858526001,5520432832.85769,257226630548.8679,15159.204338698679,6636728292.236682,253768615418.9893,16616.6820570844,14302.7537081839,14451.1145466743,15346.515858526001,15159.204338698679
2017-12-28 00:00:00.000,15067.8994980567,5266566467.59302,252666630245.445,bitcoin,2017,12,28,3,52,4,15162.6103259998,5475524265.800851,254172855404.206,15319.565408067892,6697176548.435913,256478560361.59717,16373.0810795739,16616.6820570844,14302.7537081839,15162.6103259998,15319.565408067892
2017-12-29 00:00:00.000,15096.5594360709,3753038183.65771,253178163423.298,bitcoin,2017,12,29,4,52,4,15307.143827327543,4273929135.3060946,256622874291.69827,15493.587645663978,6480329852.302722,259417129337.80472,15067.8994980567,16373.0810795739,16616.6820570844,15307.143827327543,15493.587645663978
2017-12-30 00:00:00.000,13620.3618741461,3600481281.03768,228445816988.881,bitcoin,2017,12,30,5,52,4,15075.493171398599,4063032937.450847,252765877344.17172,15600.726784011182,6352213733.904325,261235218870.12186,15096.5594360709,15067.8994980567,16373.0810795739,15075.493171398599,15600.726784011182
2017-12-31 00:00:00.000,14839.5907854184,2921202870.14992,248925602660.692,bitcoin,2017,12,31,6,52,4,15130.989776933473,3890431646.361904,253724000053.4927,15728.855691754532,6282200115.577937,263406714586.6825,13620.3618741461,15096.5594360709,15067.8994980567,15130.989776933473,15728.855691754532
2018-01-01 00:00:00.000,14093.6068305274,2345478673.51547,236440337971.831,bitcoin,2018,1,1,0,1,1,15101.111651553972,3870437284.4666724,253250335806.07443,15826.557751746725,6254422039.531139,265068331140.1894,14839.5907854184,13620.3618741461,15096.5594360709,15101.111651553972,15826.557751746725
2018-01-02 00:00:00.000,15321.9328517642,4130217904.20997,257079617264.841,bitcoin,2018,1,2,1,1,1,14916.147479365372,3852529752.7878976,250179784891.68942,15962.065452513738,6200046221.14993,267364634365.47858,14093.6068305274,14839.5907854184,13620.3618741461,14916.147479365372,15962.065452513738
2018-01-03 00:00:00.000,15583.8855377593,3310355625.1255918,261505188675.85797,bitcoin,2018,1,3,2,1,1,14803.405259106143,3618191572.184195,248320193890.12085,16093.6954719256,6203179751.179567,269596768644.04385,15321.9328517642,14093.6068305274,14839.5907854184,14803.405259106143,16093.6954719256
2018-01-04 00:00:00.000,15976.365194174,4217387187.525639,268124738814.99704,bitcoin,2018,1,4,3,1,1,14933.186072837187,3468308817.8888545,250528495114.34256,16220.43252040498,6239360904.98036,271748082548.5404,15583.8855377593,15321.9328517642,14093.6068305274,14933.186072837187,16220.43252040498
2018-01-05 00:00:00.000,18336.9229801691,6275687595.940333,307774011688.3515,bitcoin,2018,1,5,4,1,1,15396.0951505655,3828687305.3578005,258327902009.3502,16369.11416709679,6279003445.8429575,274271215465.10803,15976.365194174,15583.8855377593,15321.9328517642,15396.0951505655,16369.11416709679
2018-01-06 00:00:00.000,18343.6624934071,4240919830.5153,307926110569.5282,bitcoin,2018,1,6,5,1,1,16070.8523818885,3920178526.711746,269682229663.72836,16364.19686506942,5870936726.590662,274225468566.91092,18336.9229801691,15976.365194174,15583.8855377593,16070.8523818885,16364.19686506942
2018-01-07 00:00:00.000,17039.8739138488,3044989246.796485,286074127681.1376,bitcoin,2018,1,7,6,1,1,16385.178543092843,3937862294.8041124,274989161809.5063,16368.59249712734,5167626442.012404,274332932471.52365,18343.6624934071,18336.9229801691,15976.365194174,16385.178543092843,16368.59249712734
2018-01-08 00:00:00.000,15900.3650216006,5752981089.536744,266976271422.5615,bitcoin,2018,1,8,0,2,1,16643.286856103303,4424648354.2357235,279351438016.75354,16389.72378486519,5115819344.993071,274718087581.03314,17039.8739138488,18343.6624934071,18336.9229801691,16643.286856103303,16389.72378486519
2018-01-09 00:00:00.000,15604.7234082405,4214092201.8070655,262044268423.30463,bitcoin,2018,1,9,1,2,1,16683.685507028487,4436630396.749594,280060673896.53406,16382.93090193473,4907134879.293683,274635456682.8441,15900.3650216006,17039.8739138488,18343.6624934071,16683.685507028487,16382.93090193473
2018-01-10 00:00:00.000,15509.2701268168,4969472882.941215,260474112841.8448,bitcoin,2018,1,10,2,2,1,16673.02616260813,4673647147.866112,279913377348.8179,16329.689734532383,4815765750.406922,273775284457.73215,15604.7234082405,15900.3650216006,17039.8739138488,16673.02616260813,16329.689734532383
2018-01-11 00:00:00.000,14050.5696063543,5833888113.053883,236008991341.7291,bitcoin,2018,1,11,3,2,1,16397.912507205314,4904575851.513003,275325413424.0653,16223.04471425566,4854025522.856429,272018455948.3311,15509.2701268168,15604.7234082405,15900.3650216006,16397.912507205314,16223.04471425566
2018-01-12 00:00:00.000,14759.294629915,4021952802.597696,247945818276.33105,bitcoin,2018,1,12,4,2,1,15886.822742883302,4582613738.178341,266778528650.9196,16164.186385609533,4841164965.536291,271062672233.4032,14050.5696063543,15509.2701268168,15604.7234082405,15886.822742883302,16164.186385609533
2018-01-13 00:00:00.000,15193.3148979847,3134247725.132476,255265724750.92688,bitcoin,2018,1,13,5,2,1,15436.773086394387,4424517723.1236515,259255616391.11935,16108.451493379845,4808386744.573773,270159695466.128,14759.294629915,14050.5696063543,15509.2701268168,15436.773086394387,16108.451493379845
2018-01-14 00:00:00.000,14476.5889713691,3336056550.553205,243252295974.26068,bitcoin,2018,1,14,6,2,1,15070.589523182998,4466098766.517469,253138211861.56552,15991.716773821005,4714714321.972877,268233737205.1015,15193.3148979847,14759.294629915,14050.5696063543,15070.589523182998,15991.716773821005
2018-01-15 00:00:00.000,14411.9977069182,3222958351.447812,242193794408.73285,bitcoin,2018,1,15,0,3,1,14857.965621085514,4104666946.7904787,249597858002.4471,15816.603533143556,4651606509.912572,265329673012.66455,14476.5889713691,15193.3148979847,14759.294629915,14857.965621085514,15816.603533143556
2018-01-16 00:00:00.000,11723.9135206658,9677283153.059654,197043955228.7924,bitcoin,2018,1,16,1,3,1,14303.564208574842,4885122796.9694195,240312098974.65967,15559.947978724,4832478332.336086,261054089457.2505,14411.9977069182,14476.5889713691,15193.3148979847,14303.564208574842,15559.947978724
2018-01-17 00:00:00.000,11415.3928442768,10225958520.621689,191882616843.4473,bitcoin,2018,1,17,2,3,1,13718.724596783415,5636049316.63806,230513313832.03146,15300.859274968734,4992960542.872596,256736535073.33426,11723.9135206658,14411.9977069182,14476.5889713691,13718.724596783415,15300.859274968734
2018-01-18 00:00:00.000,11569.4249920858,6558304864.2233305,194496634731.3023,bitcoin,2018,1,18,3,3,1,13364.27536617363,5739537423.94798,224582977173.39908,15080.700549383873,5006860376.83762,253071101332.9237,11415.3928442768,11723.9135206658,14411.9977069182,13364.27536617363,15080.700549383873
2018-01-19 00:00:00.000,11758.4693327652,4208563477.4581575,197698672432.58115,bitcoin,2018,1,19,4,3,1,12935.58603800937,5766196091.785189,217404813481.4348,14903.986582133894,4896837147.616796,250133663883.425,11569.4249920858,11415.3928442768,11723.9135206658,12935.58603800937,14903.986582133894
2018-01-20 00:00:00.000,13260.2711872786,4520485016.427376,222978421656.46295,bitcoin,2018,1,20,5,3,1,12659.436936479926,5964229990.541603,212792341610.7971,14800.821014185178,4861489100.264678,248431509396.7045,11758.4693327652,11569.4249920858,11415.3928442768,12659.436936479926,14800.821014185178
2018-01-21 00:00:00.000,11703.5048628599,4319501969.014785,196828374433.09152,bitcoin,2018,1,21,6,3,1,12263.282063835757,6104722193.178972,206160352819.20148,14721.443678721285,4599999029.327805,247124854170.77914,13260.2711872786,11758.4693327652,11569.4249920858,12263.282063835757,14721.443678721285
2018-01-22 00:00:00.000,10991.5950130802,5012581424.290013,184878210439.39847,bitcoin,2018,1,22,0,4,1,11774.653107573187,6360382632.156428,197972412252.15375,14579.766296968999,4597859921.269991,244772634664.70688,11703.5048628599,13260.2711872786,11758.4693327652,11774.653107573187,14579.766296968999
2018-01-23 00:00:00.000,10894.0009053405,4779406610.509539,183260375707.76196,bitcoin,2018,1,23,1,4,1,11656.094162526715,5660685983.220698,196003329463.4351,14461.195842257874,4619526411.361225,242807355731.7841,10991.5950130802,11703.5048628599,13260.2711872786,11656.094162526715,14461.195842257874
2018-01-24 00:00:00.000,11277.1159704489,3582338295.944433,189730563330.7129,bitcoin,2018,1,24,2,4,1,11636.340323408442,4711597379.695376,195695893247.33017,14360.34125100004,4656089714.3333025,241139841586.0159,10894.0009053405,10991.5950130802,11703.5048628599,11636.340323408442,14360.34125100004
2018-01-25 00:00:00.000,11225.2544568853,3204496193.302373,188880475665.0269,bitcoin,2018,1,25,3,4,1,11587.173104094085,4232481855.278096,194893584809.2908,14180.626997660069,4621053899.911336,238150074985.99893,11277.1159704489,10894.0009053405,10991.5950130802,11587.173104094085,14180.626997660069
2018-01-26 00:00:00.000,11044.9072365744,4616389063.310399,185867144988.1318,bitcoin,2018,1,26,4,4,1,11485.235661781115,4290742653.2569885,193203366602.94092,14003.02120289342,4609909439.043299,235194902296.04205,11225.2544568853,11277.1159704489,10894.0009053405,11485.235661781115,14003.02120289342
2018-01-27 00:00:00.000,11456.2135062799,2894314081.3753986,192805209257.31412,bitcoin,2018,1,27,5,4,1,11227.513135924159,4058432519.6781344,188892907688.77682,13882.631669834194,4530834359.502711,233199521596.43765,11044.9072365744,11225.2544568853,11277.1159704489,11227.513135924159,13882.631669834194
2018-01-28 00:00:00.000,11665.6969300847,2682886340.599035,196359635508.99493,bitcoin,2018,1,28,6,4,1,11222.112002670558,3824630287.0473127,188825944985.33444,13768.269586301321,4495162631.400755,231305570665.9609,11456.2135062799,11044.9072365744,11225.2544568853,11222.112002670558,13768.269586301321
2018-01-29 00:00:00.000,11157.6638878978,2345235501.178288,187828526722.43542,bitcoin,2018,1,29,0,5,1,11245.836127644501,3443580869.4599237,189247418740.054,13686.179653426378,4453321105.405442,229951660990.41272,11665.6969300847,11456.2135062799,11044.9072365744,11245.836127644501,13686.179653426378
2018-01-30 00:05:18.718,11095.2106891266,2321424679.531806,186776632503.01825,bitcoin,2018,1,30,1,5,1,11274.580382471086,3092440593.605962,189749741139.3763,13561.366983549984,4433328499.051505,227880028651.8236,11157.6638878978,11665.6969300847,11456.2135062799,11274.580382471086,13561.366983549984
2018-01-31 00:00:00.000,9989.68977659669,3804947187.2286944,168188285150.7701,bitcoin,2018,1,31,2,5,1,11090.662354777913,3124241863.7894278,186672272827.95596,13424.569748418959,4481977449.508613,225604960224.4549,11095.2106891266,11157.6638878978,11665.6969300847,11090.662354777913,13424.569748418959
2018-02-01 00:00:00.000,10114.495086226,3225562144.838607,170304196700.15707,bitcoin,2018,2,1,3,5,1,10931.982444683726,3127251285.4374614,184018518690.1174,13250.988489567686,4451822257.529567,222712446205.6321,9989.68977659669,11095.2106891266,11157.6638878978,10931.982444683726,13250.988489567686
2018-02-02 00:00:00.000,9070.55544937356,4769515274.345698,152744180864.1639,bitcoin,2018,2,2,4,5,1,10649.932189369321,3149126458.442504,179286666672.40768,13033.877486621495,4500460912.5035715,219087079278.57565,10114.495086226,9989.68977659669,11095.2106891266,10649.932189369321,13033.877486621495
2018-02-03 00:00:00.000,8830.16351005472,6813550017.173829,148715185541.37634,bitcoin,2018,2,3,5,5,1,10274.782189908581,3709017306.413708,172988091855.84515,12795.67076381752,4586999673.491843,215106760836.1216,9070.55544937356,10114.495086226,9989.68977659669,10274.782189908581,12795.67076381752
2018-02-04 00:00:00.000,8994.91486607664,3422042094.7330213,151507305722.97018,bitcoin,2018,2,4,6,5,1,9893.241895050287,3814610985.5757065,166580616172.12735,12484.27049334777,4491878156.784933,209897870637.27557,8830.16351005472,9070.55544937356,10114.495086226,9893.241895050287,12484.27049334777
2018-02-05 00:00:00.000,8315.51749143615,3337096341.0061126,140081544557.2351,bitcoin,2018,2,5,0,6,1,9487.220981270051,3956305391.265395,159759618719.95584,12149.998993282072,4461750707.134627,204303051770.19916,8994.91486607664,8830.16351005472,9070.55544937356,9487.220981270051,12149.998993282072
2018-02-06 00:00:00.000,6852.05270051491,5313588642.981379,115444836533.44772,bitcoin,2018,2,6,1,6,1,8881.055554325523,4383757386.043906,149569362152.87433,11810.404952837609,4537370687.007457,198615408731.9428,8315.51749143615,8994.91486607664,8830.16351005472,8881.055554325523,11810.404952837609
2018-02-07 00:00:00.000,7711.2203289411,9152685412.95559,129936854004.4166,bitcoin,2018,2,7,2,6,1,8555.559918946154,5147719989.719177,144104871989.10956,11537.433463082292,4650694164.454752,194047428151.33798,6852.05270051491,8315.51749143615,8994.91486607664,8555.559918946154,11537.433463082292
2018-02-08 00:05:28.226,7611.61027778882,4862232217.401406,128271617562.32497,bitcoin,2018,2,8,3,6,1,8198.00494631227,5381530000.085291,138100217826.5621,11270.996358733903,4672298831.641231,189588339789.30533,7711.2203289411,6852.05270051491,8315.51749143615,8198.00494631227,11270.996358733903
2018-02-09 00:00:00.000,8208.57208449673,3190753947.378832,138345016554.78464,bitcoin,2018,2,9,4,6,1,8074.864465615581,5155992667.661453,136043194353.79366,11027.639757323233,4613008200.455816,185517369913.06998,7611.61027778882,7711.2203289411,6852.05270051491,8074.864465615581,11027.639757323233
2018-02-10 00:00:00.000,8650.71675042998,2960039948.907384,145812043727.55478,bitcoin,2018,2,10,5,6,1,8049.229214240618,4605491229.337675,135628459808.962,10847.644662125756,4517213261.650934,182510804992.5975,8208.57208449673,7611.61027778882,7711.2203289411,8049.229214240618,10847.644662125756
2018-02-11 00:00:00.000,8574.67763849023,3371677737.5319858,144544944416.7482,bitcoin,2018,2,11,6,6,1,7989.195324585417,4598296321.166099,134633836765.21602,10641.490762411597,4495537426.148744,179064109197.27805,8650.71675042998,8208.57208449673,7611.61027778882,7989.195324585417,10641.490762411597
2018-02-12 00:00:00.000,8168.63777979963,2806997176.95887,137716289625.30893,bitcoin,2018,2,12,0,7,1,7968.212508637343,4522567869.159349,134295943203.51225,10407.334858472093,4484629074.542956,175145794693.09082,8574.67763849023,8650.71675042998,8208.57208449673,7968.212508637343,10407.334858472093
2018-02-13 00:00:00.000,8911.3985742083,3069219870.565569,150256428069.51227,bitcoin,2018,2,13,1,7,1,8262.404776307827,4201943758.8142333,139269027708.66434,10221.828511900068,4475734518.543369,172045932429.59918,8168.63777979963,8574.67763849023,8650.71675042998,8262.404776307827,10221.828511900068
2018-02-14 00:00:00.000,8518.26907619091,2551515988.2160945,143645913955.80325,bitcoin,2018,2,14,2,7,1,8377.697454486371,3258919555.28002,141227464844.57672,10025.370890875825,4453353106.435645,168761003081.16824,8911.3985742083,8168.63777979963,8574.67763849023,8377.697454486371,10025.370890875825
2018-02-15 00:00:00.000,9428.02560716167,3282094240.879327,159007423075.0244,bitcoin,2018,2,15,3,7,1,8637.185358682493,3033185558.6340094,145618294203.53378,9948.841293759022,4240180142.696301,167493118676.0426,8518.26907619091,8911.3985742083,8168.63777979963,8637.185358682493,9948.841293759022
2018-02-16 00:00:00.000,10112.5801434467,4332356645.963475,170569769073.98798,bitcoin,2018,2,16,4,7,1,8909.18650996106,3196271658.431815,150221830277.7057,9905.41420373135,4043726746.87436,166782690417.0606,9428.02560716167,8518.26907619091,8911.3985742083,8909.18650996106,9905.41420373135
2018-02-17 00:00:00.000,10155.2770555258,3141038601.332415,171309236631.063,bitcoin,2018,2,17,5,7,1,9124.12369640332,3222128608.778248,153864286406.7783,9858.275939179352,3929817871.444663,166009777147.05267,10112.5801434467,9428.02560716167,8518.26907619091,9124.12369640332,9858.275939179352
2018-02-18 00:00:00.000,11006.647685962,3699819140.1747103,185692327611.28845,bitcoin,2018,2,18,6,7,1,9471.547988899287,3269005952.0129232,159742484005.99832,9833.215217619243,3912859726.868548,165609565653.00958,10155.2770555258,10112.5801434467,9428.02560716167,9471.547988899287,9833.215217619243
2018-02-19 00:00:00.000,10523.429305801,4740378626.743881,177561296505.31497,bitcoin,2018,2,19,0,8,1,9807.946778328054,3545203301.9822106,165434627845.9992,9741.987154903325,3920189513.8790984,164095661481.30466,11006.647685962,10155.2770555258,10112.5801434467,9807.946778328054,9741.987154903325
2018-02-20 00:00:00.000,11103.0900361497,3486171704.866562,187364222442.60483,bitcoin,2018,2,20,1,8,1,10121.045558605398,3604767849.7394953,170735741327.86957,9721.973327346317,3892411838.407491,163780189748.28842,10523.429305801,11006.647685962,10155.2770555258,10121.045558605398,9721.973327346317
2018-02-21 00:00:00.000,11502.3770496396,4225354045.1790047,194121879194.2264,bitcoin,2018,2,21,2,8,1,10547.346697669496,3843887572.162768,177946593504.78714,9738.99939523163,3866170925.7704573,164088312040.11603,11103.0900361497,10523.429305801,11006.647685962,10547.346697669496,9738.99939523163
2018-02-22 00:00:00.000,9973.59211951887,4574800113.397884,168362084194.4766,bitcoin,2018,2,22,3,8,1,10625.28477086338,4028559839.6654196,179282973664.70892,9708.31910237091,3859350709.2000685,163591702323.0065,11502.3770496396,11103.0900361497,10523.429305801,10625.28477086338,9708.31910237091
2018-02-23 00:00:00.000,10032.863112314,4626064156.354444,169362253983.19455,bitcoin,2018,2,23,4,8,1,10613.89662355871,4070518055.4355574,179110471508.88126,9666.844007099746,3894141571.213736,162912758678.08923,9973.59211951887,11502.3770496396,11103.0900361497,10613.89662355871,9666.844007099746
2018-02-24 00:00:00.000,10301.883609336,4009462976.493817,173922837770.0662,bitcoin,2018,2,24,5,8,1,10634.840416960167,4194578680.458615,179483843100.16742,9636.064978848104,3920973797.320117,162414170748.2572,10032.863112314,9973.59211951887,11502.3770496396,10634.840416960167,9636.064978848104
2018-02-25 00:00:00.000,9742.62819006538,3465387501.6656966,164497574061.05917,bitcoin,2018,2,25,6,8,1,10454.26620326065,4161088446.385898,176456021164.42038,9592.655677297804,3882607078.598627,161701851717.3548,10301.883609336,10032.863112314,9973.59211951887,10454.26620326065,9592.655677297804
2018-02-26 00:00:00.000,9699.51718151529,2743650277.5619,163790896885.65796,bitcoin,2018,2,26,0,9,1,10336.564471219835,3875841539.359901,174488821218.7551,9534.099133138983,3877584951.8048434,160734707971.6329,9742.62819006538,10301.883609336,10032.863112314,10336.564471219835,9534.099133138983
2018-02-27 00:00:00.000,10355.5781264856,3646748812.403751,174886939893.19846,bitcoin,2018,2,27,1,9,1,10229.777055553534,3898781126.1509285,172706352283.12564,9490.428506352346,3909713700.8650007,160018951451.10638,9699.51718151529,9742.62819006538,10301.883609336,10229.777055553534,9490.428506352346
2018-02-28 00:00:00.000,10709.3884310463,3398119467.1062694,180884108725.43015,bitcoin,2018,2,28,2,9,1,10116.492967183063,3780604757.8548236,170815242216.15472,9475.485991123964,3944809833.0626006,159787470851.20618,10355.5781264856,9699.51718151529,9742.62819006538,10116.492967183063,9475.485991123964
2018-03-01 00:00:00.000,10346.664931035,3182259829.3149323,174778709347.89926,bitcoin,2018,3,1,3,9,1,10169.789083113938,3581670431.557258,171731902952.35797,9450.534465854242,3973504338.0553713,159387540079.36887,10709.3884310463,10355.5781264856,9699.51718151529,10169.789083113938,9450.534465854242
2018-03-02 00:00:00.000,10859.5521943893,2892166041.0523987,183463718171.25656,bitcoin,2018,3,2,4,9,1,10287.887523410409,3333970700.7998233,173746397836.3668,9479.529879780664,3943078299.8494945,159896721180.0518,10346.664931035,10709.3884310463,10355.5781264856,10287.887523410409,9479.529879780664
2018-03-03 00:00:00.000,11098.0758092511,3031487197.1333075,187514886761.3877,bitcoin,2018,3,3,5,9,1,10401.629266255422,3194259875.1768937,175688119120.8413,9512.3159038815,3936609134.9259853,160470410848.75946,10859.5521943893,10346.664931035,10709.3884310463,10401.629266255422,9512.3159038815
2018-03-04 00:00:00.000,11356.0416016724,3019436740.238814,191899353575.2401,bitcoin,2018,3,4,6,9,1,10632.116896484999,3130552623.544482,179602659051.43857,9588.498775624794,3878273183.7890887,161775583272.46198,11098.0758092511,10859.5521943893,10346.664931035,10632.116896484999,9588.498775624794
2018-03-05 00:00:00.000,11286.6762891691,2580256309.470718,190747933122.9373,bitcoin,2018,3,5,0,10,1,10858.853911864115,3107210628.102885,183453664228.1928,9670.382534928609,3737163393.5323186,163176674858.51404,11356.0416016724,11098.0758092511,10859.5521943893,10858.853911864115,9670.382534928609
2018-03-06 00:00:00.000,11526.4209302906,2693945511.008508,194821583687.4345,bitcoin,2018,3,6,1,10,1,11026.117169550544,2971095870.760707,186301470484.5122,9754.766070402406,3712893507.408168,164620484123.99615,11286.6762891691,11356.0416016724,11098.0758092511,11026.117169550544,9754.766070402406
2018-03-07 00:00:00.000,10727.716249205,3618749298.786025,181342656441.09247,bitcoin,2018,3,7,2,10,1,11028.735429287499,3002614418.143529,186366977301.0354,9835.172695661367,3722281939.334165,165995854520.12473,11526.4209302906,11286.6762891691,11356.0416016724,11028.735429287499,9835.172695661367
2018-03-08 00:00:00.000,9999.68248604677,4896773758.150409,169056252057.66943,bitcoin,2018,3,8,3,10,1,10979.166508574895,3247544979.40574,185549483402.43115,9940.093688512428,3708388109.839799,167782901704.26547,10727.716249205,11526.4209302906,11286.6762891691,10979.166508574895,9940.093688512428
2018-03-09 00:00:00.000,9420.85488958591,4028135943.9580393,159289105130.23843,bitcoin,2018,3,9,4,10,1,10773.638322174409,3409826394.106546,182095967253.7143,9997.08150720059,3537569794.2065477,168761310075.1262,9999.68248604677,10727.716249205,11526.4209302906,10773.638322174409,9997.08150720059
2018-03-10 00:00:00.000,9276.33759031006,5476476288.950579,156862284242.87494,bitcoin,2018,3,10,5,10,1,10513.390005182835,3759110550.0804415,177717024036.78387,10052.572417617966,3558044596.5915203,169714332297.81116,9420.85488958591,9999.68248604677,10727.716249205,10513.390005182835,10052.572417617966
2018-03-11 00:00:00.000,8890.86580399612,3260891795.801318,150359761907.83084,bitcoin,2018,3,11,6,10,1,10161.222034086224,3793604129.4465137,171782796655.7254,10075.315541601278,3560382524.8722696,170114823809.5794,9276.33759031006,9420.85488958591,9999.68248604677,10161.222034086224,10075.315541601278
2018-03-12 00:00:00.000,9512.45611286134,3876612721.9476624,160888688653.47745,bitcoin,2018,3,12,0,11,1,9907.762008899399,3978797902.6575055,167517190302.94547,10104.040187015657,3590934950.6402793,170617378640.44348,8890.86580399612,9276.33759031006,9420.85488958591,9907.762008899399,10104.040187015657
2018-03-13 00:00:00.000,9232.70587979953,4019736166.690967,156177221215.63092,bitcoin,2018,3,13,1,11,1,9580.08843025782,4168196567.755,161996567092.68777,10125.974461725966,3612536898.278912,171005121200.40625,9512.45611286134,8890.86580399612,9276.33759031006,9580.08843025782,10125.974461725966
2018-03-14 00:00:00.000,9216.53097626842,3628990704.006424,155921695042.49033,bitcoin,2018,3,14,2,11,1,9364.204819838307,4169659625.643628,158365001178.60178,10160.904234941592,3639936682.51383,171611968047.6456,9232.70587979953,9512.45611286134,8890.86580399612,9364.204819838307,10160.904234941592
2018-03-15 00:00:00.000,8307.22338626638,4020163253.192984,140553335048.27603,bitcoin,2018,3,15,3,11,1,9122.424948441108,4044429553.5068536,154293155891.54556,10140.765062010196,3671634795.268077,171288531613.60443,9216.53097626842,9232.70587979953,9512.45611286134,9122.424948441108,10140.765062010196
2018-03-16 00:00:00.000,8359.36528334063,4571407139.639841,141449655895.93512,bitcoin,2018,3,16,4,11,1,8970.783576120355,4122039724.318539,151744663143.78793,10135.468268915187,3738964500.3155355,171215323011.60883,8307.22338626638,9216.53097626842,9232.70587979953,8970.783576120355,10135.468268915187
2018-03-17 00:00:00.000,8520.00815917187,3070872383.1616874,144184737078.2775,bitcoin,2018,3,17,5,11,1,8862.736514529184,3778382023.4915547,149933584977.4169,10105.201020648858,3731923771.724947,170721233478.3839,8359.36528334063,8307.22338626638,9216.53097626842,8862.736514529184,10105.201020648858
2018-03-18 00:00:00.000,8063.4097921227,2591898944.228953,136472702736.8598,bitcoin,2018,3,18,6,11,1,8744.528512832982,3682811616.124074,147949719381.56387,10036.895342271393,3673908515.0004635,169584664600.47964,8520.00815917187,8359.36528334063,8307.22338626638,8744.528512832982,10036.895342271393
2018-03-19 00:00:00.000,8217.84219996114,4330642347.54297,139102798580.5772,bitcoin,2018,3,19,0,12,1,8559.583668132953,3747672991.209118,144837449371.14957,9972.314180419236,3713561973.207482,168511116665.46344,8063.4097921227,8520.00815917187,8359.36528334063,8559.583668132953,9972.314180419236
2018-03-20 00:00:00.000,8640.52143024258,4276409099.704472,146274523240.43362,bitcoin,2018,3,20,1,12,1,8474.985889624817,3784340553.06819,143422778231.83566,9893.443305228591,3732781638.5251403,167197189853.10162,8217.84219996114,8063.4097921227,8520.00815917187,8474.985889624817,9893.443305228591
2018-03-21 00:00:00.000,8926.82049620007,3554700592.279649,151135311240.4029,bitcoin,2018,3,21,2,12,1,8433.598678186481,3773727679.9643655,142739009117.25174,9840.223011575226,3693259037.3763328,166316323677.60455,8640.52143024258,8217.84219996114,8063.4097921227,8433.598678186481,9840.223011575226
2018-03-22 00:00:00.000,8970.31790627893,3081152046.0236883,151888445786.24927,bitcoin,2018,3,22,3,12,1,8528.326466759701,3639583221.7973223,144358310651.2479,9769.1306072462,3679758382.0815706,165133797789.0594,8926.82049620007,8640.52143024258,8217.84219996114,8528.326466759701,9769.1306072462
2018-03-23 00:00:00.000,8736.38576909829,2931676659.5938525,147943048662.1316,bitcoin,2018,3,23,4,12,1,8582.186536153655,3405336010.3621817,145285938189.27597,9676.930897894823,3636635802.5620656,163594503437.98956,8970.31790627893,8926.82049620007,8640.52143024258,8582.186536153655,9676.930897894823
2018-03-24 00:00:00.000,8824.59283177853,2877067842.098429,149451318665.61404,bitcoin,2018,3,24,5,12,1,8625.69863224032,3377649647.353145,146038306987.4669,9638.630921636812,3580044726.852083,162964144587.02747,8736.38576909829,8970.31790627893,8926.82049620007,8625.69863224032,9638.630921636812
2018-03-25 00:00:00.000,8621.15079225785,2444371384.2694945,146022681302.7956,bitcoin,2018,3,25,6,12,1,8705.375917973912,3356574281.6446505,147402589639.74347,9591.573844301607,3507321634.4492517,162186158831.01416,8824.59283177853,8736.38576909829,8970.31790627893,8705.375917973912,9591.573844301607
2018-03-26 00:00:00.000,8478.63819558905,2066020545.3926065,143623891714.18073,bitcoin,2018,3,26,0,13,1,8742.6324887779,3033056881.337456,148048460087.4011,9530.798997176706,3442540220.0792117,161176193962.48465,8621.15079225785,8824.59283177853,8736.38576909829,8742.6324887779,9530.798997176706
2018-03-27 00:00:00.000,8186.19606281355,2972024162.97679,138684803358.9432,bitcoin,2018,3,27,1,13,1,8677.728864859466,2846716176.0906444,146964214390.04532,9478.917926268312,3426094775.456248,160315768272.4141,8478.63819558905,8621.15079225785,8824.59283177853,8677.728864859466,9478.917926268312
2018-03-28 00:00:00.000,7836.76304425289,2653185409.403986,132779843611.38556,bitcoin,2018,3,28,2,13,1,8522.006371724156,2717928292.8226924,144342004728.75714,9416.826121692899,3423079279.850984,159282066496.60504,8186.19606281355,8478.63819558905,8621.15079225785,8522.006371724156,9416.826121692899
2018-03-29 00:00:00.000,7930.77954092755,2033730316.7590544,134386559681.90623,bitcoin,2018,3,29,3,13,1,8373.500890959673,2568296617.213459,141841735285.27957,9335.999502174298,3369311996.662828,157932053822.8953,7836.76304425289,8186.19606281355,8478.63819558905,8373.500890959673,9335.999502174298
2018-03-30 00:00:00.000,7126.89519256736,3680239216.3167896,120777974799.76305,bitcoin,2018,3,30,4,13,1,8143.573665740968,2675234125.3167353,137961010447.79834,9216.583060891666,3378715988.3031783,155928516025.37305,7930.77954092755,7836.76304425289,8186.19606281355,8143.573665740968,9216.583060891666
2018-03-31 00:00:00.000,6897.26857786945,4264255594.746104,116900853303.24556,bitcoin,2018,3,31,5,13,1,7868.2416294682425,2873403804.266403,133310943967.45999,9101.603182452816,3414782513.8175507,153999254157.21793,7126.89519256736,7930.77954092755,7836.76304425289,7868.2416294682425,9101.603182452816
2018-04-01 00:00:00.000,6975.27531402076,2565052340.2323847,118234055446.5432,bitcoin,2018,4,1,6,13,2,7633.116561148659,2890643940.832531,129341140273.70964,8972.12728644053,3403878723.790217,151824932066.39413,6897.26857786945,7126.89519256736,7930.77954092755,7633.116561148659,8972.12728644053
2018-04-02 00:00:00.000,6836.57232729678,2649647152.1697764,115896903503.0584,bitcoin,2018,4,2,0,14,2,7398.5357228211915,2974019170.372126,125380141957.83504,8830.077170375387,3391150722.2914324,149437665957.78317,6975.27531402076,6897.26857786945,7126.89519256736,7398.5357228211915,8830.077170375387
2018-04-03 00:00:00.000,7080.41723231299,2253363912.1674647,120044225923.52736,bitcoin,2018,4,3,1,14,2,7240.567318463968,2871353420.2565084,122717202324.20421,8687.556358063406,3365614961.3557205,147042495036.05942,6836.57232729678,6975.27531402076,6897.26857786945,7240.567318463968,8687.556358063406
2018-04-04 00:00:00.000,7464.35609406668,2762080502.610784,126568883854.60773,bitcoin,2018,4,4,2,14,2,7187.366325580224,2886909862.1431937,121829922358.95021,8560.145684893327,3371675767.793723,144903193393.78177,7080.41723231299,6836.57232729678,6975.27531402076,7187.366325580224,8560.145684893327
2018-04-05 00:00:00.000,6845.31597826858,2544238382.121464,116084750821.3726,bitcoin,2018,4,5,3,14,2,7032.300102343229,2959839585.7663956,119215378236.01683,8404.108853159258,3366685530.164155,142278632298.24637,7464.35609406668,7080.41723231299,6836.57232729678,7032.300102343229,8404.108853159258
2018-04-06 00:00:00.000,6855.42230460675,2568972345.7027025,116269847527.26424,bitcoin,2018,4,6,4,14,2,6993.518261205999,2801087175.6786685,118571360054.2313,8275.032388339318,3331692965.0613775,140109538667.78543,6845.31597826858,7464.35609406668,7080.41723231299,6993.518261205999,8275.032388339318
2018-04-07 00:00:00.000,6628.75445585626,1840465005.5711515,112436767361.37248,bitcoin,2018,4,7,5,14,2,6955.159100918399,2454831377.225104,117933633491.10657,8162.6681206663,3229816006.642069,138222222511.2422,6855.42230460675,6845.31597826858,7464.35609406668,6955.159100918399,8162.6681206663
2018-04-08 00:00:00.000,6884.47723505995,1856418405.5749636,116789559212.79994,bitcoin,2018,4,8,6,14,2,6942.187946781142,2353597957.9883294,117727276886.2861,8078.122198848768,3157425422.0292997,136805570980.66092,6628.75445585626,6855.42230460675,6845.31597826858,6942.187946781142,8078.122198848768
2018-04-09 00:00:00.000,6984.8089659738,1413593787.187827,118505840498.72884,bitcoin,2018,4,9,0,15,2,6963.364609449287,2177018905.848051,118099982171.38188,8001.737911370892,3021996005.303874,135527022855.85603,6884.47723505995,6628.75445585626,6855.42230460675,6963.364609449287,8001.737911370892
2018-04-10 00:00:00.000,6778.4915700774,2437632634.286056,115017783885.65182,bitcoin,2018,4,10,1,15,2,6920.23237198706,2203343009.0078497,117381919023.11394,7931.325436906935,2994554033.2533655,134348956921.78342,6984.8089659738,6884.47723505995,6628.75445585626,6920.23237198706,7931.325436906935
2018-04-11 00:00:00.000,6829.31650379539,1550558592.492434,115885988821.2536,bitcoin,2018,4,11,2,15,2,6829.512430519733,2030268450.4195142,115855791161.2062,7841.88744993807,2917018895.6048584,132848866927.37596,6778.4915700774,6984.8089659738,6884.47723505995,6829.512430519733,7841.88744993807
2018-04-12 00:00:00.000,6925.10199547663,1586992258.3407943,117533696704.9788,bitcoin,2018,4,12,3,15,2,6840.910432978026,1893519004.1651328,116062783430.29283,7764.96732046064,2835927431.993186,131560749443.68755,6829.31650379539,6778.4915700774,6984.8089659738,6840.910432978026,7764.96732046064
2018-04-13 00:00:00.000,7836.39699399927,4980342880.0008135,133015394395.9933,bitcoin,2018,4,13,4,15,2,6981.049674319815,2238000509.0648627,118455004411.53983,7718.962854385002,2880972504.526332,130797206088.80429,6925.10199547663,6829.31650379539,6778.4915700774,6981.049674319815,7718.962854385002
2018-04-14 00:00:00.000,7845.75284010594,3910297535.1571007,133189892501.28044,bitcoin,2018,4,14,5,15,2,7154.906586355483,2533690870.434284,121419736574.38382,7703.580502846321,2877310313.925136,130551758003.90446,7836.39699399927,6925.10199547663,6829.31650379539,7154.906586355483,7703.580502846321
2018-04-15 00:00:00.000,7897.71993085806,2294693915.2394795,134086501771.1168,bitcoin,2018,4,15,6,15,2,7299.65554289807,2596301657.5292153,123890728368.42908,7688.192324430235,2801419873.1117907,130306319533.07718,7845.75284010594,7836.39699399927,6925.10199547663,7299.65554289807,7688.192324430235
2018-04-16 00:00:00.000,8258.06708369755,2350690710.8285303,140220533919.44476,bitcoin,2018,4,16,0,16,2,7481.549559715749,2730172646.6207438,126992827428.53136,7679.460955247758,2777413817.3673525,130174179427.78276,7897.71993085806,7845.75284010594,7836.39699399927,7481.549559715749,7679.460955247758
2018-04-17 00:00:00.000,8030.99926195254,2754142166.1939588,136379313438.7644,bitcoin,2018,4,17,1,16,2,7660.479229983626,2775388294.0361586,130044474507.54744,7678.3806042420865,2782821924.7661853,130171066451.17958,8258.06708369755,7897.71993085806,7845.75284010594,7660.479229983626,7678.3806042420865
2018-04-18 00:00:00.000,7873.63551010255,2491337660.023414,133722872890.26544,bitcoin,2018,4,18,2,16,2,7809.667659456077,2909785303.6834416,132592600803.12057,7666.907047913466,2721511768.515534,129991735594.83586,8030.99926195254,8258.06708369755,7897.71993085806,7809.667659456077,7666.907047913466
2018-04-19 00:00:00.000,8097.41823310301,2326968646.2908115,137539507140.1945,bitcoin,2018,4,19,3,16,2,7977.1414076884175,3015496216.24773,135450573722.43709,7648.803608008814,2656530420.068412,129700568391.49455,7873.63551010255,8030.99926195254,8258.06708369755,7977.1414076884175,7648.803608008814
2018-04-20 00:00:00.000,8277.46063916253,2422027692.486585,140616565985.04083,bitcoin,2018,4,20,4,16,2,8040.150499854596,2650022618.031411,136536455378.0153,7627.158279440895,2618774656.7419763,129349943549.64914,8097.41823310301,7873.63551010255,8030.99926195254,8040.150499854596,7627.158279440895
2018-04-21 00:00:00.000,8499.45000871487,2961030105.150343,144401932888.96182,bitcoin,2018,4,21,5,16,2,8133.535809655873,2514412985.1733027,138138175433.39838,7611.462682855427,2614770592.046198,129100393119.73956,8277.46063916253,8097.41823310301,7873.63551010255,8133.535809655873,7611.462682855427
2018-04-22 00:00:00.000,8878.42826029723,3214807963.4541373,150858701627.6664,bitcoin,2018,4,22,6,16,2,8273.636999575754,2645857849.2039685,140534203984.334,7616.197432562059,2624208302.174874,129197581551.92406,8499.45000871487,8277.46063916253,8097.41823310301,8273.636999575754,7616.197432562059
2018-04-23 00:00:00.000,8769.01199947348,2503340749.6093006,149017082314.25253,bitcoin,2018,4,23,0,17,2,8346.629130400888,2667664997.6012216,141790853755.02084,7614.34473815189,2611750732.425237,129183107006.87868,8878.42826029723,8499.45000871487,8277.46063916253,8346.629130400888,7614.34473815189
2018-04-24 00:00:00.000,8881.39170434545,2205498227.200402,150943914745.9957,bitcoin,2018,4,24,1,17,2,8468.113765028445,2589287292.0307136,143871511084.62534,7623.019435221476,2603788293.856267,129347148121.65201,8769.01199947348,8878.42826029723,8499.45000871487,8468.113765028445,7623.019435221476
2018-04-25 00:00:00.000,9716.48975733072,4398198651.199843,165155791737.985,bitcoin,2018,4,25,2,17,2,8731.378657489613,2861696005.0559173,148361928062.87097,7664.281153946199,2681527564.0498414,130064878122.44548,8881.39170434545,8769.01199947348,8878.42826029723,8731.378657489613,7664.281153946199
2018-04-26 00:00:00.000,8825.2025000693,5523433548.358508,150020058558.80304,bitcoin,2018,4,26,3,17,2,8835.347838484797,3318333848.2084455,150144863979.81503,7685.581368521391,2766574543.5625653,130442719962.44083,9716.48975733072,8881.39170434545,8769.01199947348,8835.347838484797,7685.581368521391
2018-04-27 00:00:00.000,9221.86802618436,3847600029.556496,156779014055.27072,bitcoin,2018,4,27,4,17,2,8970.263179487914,3521987039.218433,152453785132.70502,7731.751534585773,2806388364.234316,131242692310.57031,8825.2025000693,9716.48975733072,8881.39170434545,8970.263179487914,7731.751534585773
2018-04-28 00:00:00.000,8940.38112200719,2839339948.818213,152009053536.4553,bitcoin,2018,4,28,5,17,2,9033.253338529676,3504602731.1709857,153540516653.77554,7765.4049206217605,2833242018.636287,131830108772.38863,9221.86802618436,8825.2025000693,9716.48975733072,9033.253338529676,7765.4049206217605
2018-04-29 00:00:00.000,9249.65952508923,3006508147.8120923,157282709009.46033,bitcoin,2018,4,29,6,17,2,9086.286376357104,3474845614.6506934,154458231994.0318,7836.163731705823,2810784316.3527975,133046933246.04518,8940.38112200719,9221.86802618436,8825.2025000693,9086.286376357104,7836.163731705823
2018-04-30 00:00:00.000,9325.62885104679,2827554754.4722853,158592809944.5081,bitcoin,2018,4,30,0,18,2,9165.803069439005,3521161901.059692,155826193084.0683,7917.109074145067,2762894288.343671,134436665134.08727,9249.65952508923,8940.38112200719,9221.86802618436,9165.803069439005,7917.109074145067
2018-05-01 00:00:00.000,9198.18950997327,2508704421.0187726,156443377473.375,bitcoin,2018,5,1,1,18,2,9211.059898814408,3564477071.6051726,156611830616.55106,7991.206214010152,2761016024.369883,135710309201.64835,9325.62885104679,9249.65952508923,8940.38112200719,9211.059898814408,7991.206214010152
2018-05-02 00:00:00.000,9024.3875117766,2661071473.28962,153504488648.5945,bitcoin,2018,5,2,2,18,2,9112.188149449534,3316316046.189427,154947358746.63812,8064.133386826145,2761396835.0738783,136963895373.16621,9198.18950997327,9325.62885104679,9249.65952508923,9112.188149449534,8064.133386826145
2018-05-03 00:00:00.000,9122.65301383019,2179558786.4918017,155192629946.18726,bitcoin,2018,5,3,3,18,2,9154.681079986804,2838619651.63704,155686297516.26447,8132.207912876719,2758936664.2180233,138135508840.5882,9024.3875117766,9198.18950997327,9325.62885104679,9154.681079986804,8132.207912876719
2018-05-04 00:00:00.000,9551.13518381566,1228125377.9488523,162498830620.22913,bitcoin,2018,5,4,4,18,2,9201.719245362703,2464408987.1216626,156503414168.40137,8201.76721586835,2707804826.729292,139333173732.77557,9122.65301383019,9024.3875117766,9198.18950997327,9201.719245362703,8201.76721586835
2018-05-05 00:00:00.000,9634.53822597227,2695999383.5138526,163935762593.6642,bitcoin,2018,5,5,5,18,2,9300.884545929144,2443931763.5067534,158207229748.00266,8294.741290791808,2712863526.775705,140928207458.51865,9551.13518381566,9122.65301383019,9024.3875117766,9300.884545929144,8294.741290791808
2018-05-06 00:00:00.000,9766.24448548887,2617990803.561576,166195961946.18,bitcoin,2018,5,6,6,18,2,9374.682397414808,2388429285.75668,159480551596.10547,8391.768696821211,2714497475.371001,142592411272.48248,9634.53822597227,9551.13518381566,9122.65301383019,9374.682397414808,8391.768696821211
2018-05-07 00:00:00.000,9583.87174550137,2626417557.066924,163109111220.656,bitcoin,2018,5,7,0,19,2,9411.574239479747,2359695400.413057,160125737492.69803,8490.272606476048,2740695893.7541933,144281489401.1253,9766.24448548887,9634.53822597227,9551.13518381566,9411.574239479747,8490.272606476048
2018-05-08 00:00:00.000,9308.26502572185,2767085706.197567,158435513589.56033,bitcoin,2018,5,8,1,19,2,9427.299313158117,2396607012.581456,160410328366.43878,8571.065532831446,2771051470.441613,145669687880.35062,9583.87174550137,9766.24448548887,9634.53822597227,9427.299313158117,8571.065532831446
2018-05-09 00:00:00.000,9149.51783314723,2455200521.7337303,155749835750.4752,bitcoin,2018,5,9,2,19,2,9445.175073353921,2367196876.6449003,160731092238.13602,8643.22249507056,2805771694.9264765,146911154388.7422,9308.26502572185,9583.87174550137,9766.24448548887,9445.175073353921,8643.22249507056
2018-05-10 00:00:00.000,9248.96039558449,2363841215.4382,157460887034.23203,bitcoin,2018,5,10,3,19,2,9463.218985033107,2393522937.9229574,161055128964.99954,8725.571455920797,2803311980.9648814,148325924493.69485,9149.51783314723,9308.26502572185,9583.87174550137,9463.218985033107,8725.571455920797
2018-05-11 00:00:00.000,8969.94037574258,2359598426.330252,152728483795.6562,bitcoin,2018,5,11,4,19,2,9380.19115530838,2555161944.834586,159659365132.91772,8796.925584985704,2830279975.4261417,149554007659.50827,9248.96039558449,9149.51783314723,9308.26502572185,9380.19115530838,8796.925584985704
2018-05-12 00:00:00.000,8405.5605632418,3726075355.303701,143131877388.73486,bitcoin,2018,5,12,5,19,2,9204.622917775456,2702315655.0902786,156687381532.2135,8846.274203911209,2901582745.3249054,150407280348.9668,8969.94037574258,9248.96039558449,9149.51783314723,9204.622917775456,8846.274203911209
2018-05-13 00:00:00.000,8480.58037612559,2995955136.9111686,144426929746.49615,bitcoin,2018,5,13,6,19,2,9020.956616437845,2756310559.854506,153577519789.40155,8867.74698331542,2835436487.221917,150787664860.65024,8405.5605632418,8969.94037574258,9248.96039558449,9020.956616437845,8867.74698331542
2018-05-14 00:00:00.000,8683.9862031429,2283320839.5720086,147906738510.20526,bitcoin,2018,5,14,0,20,2,8892.401538958064,2707296743.069518,151405752259.33713,8895.68809541665,2781203930.702414,151278226394.28107,8480.58037612559,8405.5605632418,8969.94037574258,8892.401538958064,8895.68809541665
2018-05-15 00:00:00.000,8696.97400387283,3143239503.891285,148142733211.5191,bitcoin,2018,5,15,1,20,2,8805.074250122489,2761032999.8829064,149935355062.47412,8922.329897850477,2809488783.657475,151746767442.29446,8683.9862031429,8480.58037612559,8405.5605632418,8805.074250122489,8922.329897850477
2018-05-16 00:00:00.000,8473.34864905366,2586241489.8424945,144348790079.53476,bitcoin,2018,5,16,2,20,2,8708.478652394837,2779753138.1841583,148306634252.33978,8929.505950029014,2817340476.291273,151884375980.96414,8696.97400387283,8683.9862031429,8480.58037612559,8708.478652394837,8929.505950029014
2018-05-17 00:00:00.000,8343.1252216955,2772906142.3921065,142149224754.09787,bitcoin,2018,5,17,3,20,2,8579.073627553551,2838190984.8918595,146119253926.6063,8939.910148687111,2817965942.164545,152076706358.1419,8473.34864905366,8696.97400387283,8683.9862031429,8579.073627553551,8939.910148687111
2018-05-18 00:00:00.000,8056.05319237475,2173653717.1690426,137271416445.43768,bitcoin,2018,5,18,4,20,2,8448.518315643862,2811627455.011687,143911101448.0037,8945.990738096185,2807376477.4027324,152194991143.31436,8343.1252216955,8473.34864905366,8696.97400387283,8448.518315643862,8945.990738096185
2018-05-19 00:00:00.000,8202.82540955214,2127912775.3863175,139787112156.34103,bitcoin,2018,5,19,5,20,2,8419.556150831053,2583318515.0234895,143433277843.37598,8949.50431064449,2800741281.7059164,152269911310.5192,8056.05319237475,8343.1252216955,8473.34864905366,8419.556150831053,8949.50431064449
2018-05-20 00:00:00.000,8180.62700991409,1672351902.730261,139424471286.71832,bitcoin,2018,5,20,6,20,2,8376.705669943696,2394232338.7119308,142718640920.55057,8946.276523002876,2775752088.7140384,152230174820.57513,8202.82540955214,8056.05319237475,8343.1252216955,8376.705669943696,8946.276523002876
2018-05-21 00:00:00.000,8443.26024591542,1660868681.4973855,143916527618.282,bitcoin,2018,5,21,0,21,2,8342.316247482628,2305310601.8441277,142148610793.13297,8944.40353090956,2732413374.592273,152213994644.8858,8180.62700991409,8202.82540955214,8056.05319237475,8342.316247482628,8944.40353090956
2018-05-22 00:00:00.000,8354.99633591748,1711697912.2659817,142427831413.29367,bitcoin,2018,5,22,1,21,2,8293.462294917577,2100804660.1833699,141332196250.52933,8926.955800096903,2682309706.219335,151932965637.74005,8443.26024591542,8180.62700991409,8202.82540955214,8293.462294917577,8926.955800096903
2018-05-23 00:00:00.000,8009.2995067828,1895031387.309464,136550347058.65228,bitcoin,2018,5,23,2,21,2,8227.169560307453,2002060359.8215084,140218132961.83185,8901.632050340548,2662032727.4760065,151517407795.88672,8354.99633591748,8443.26024591542,8180.62700991409,8227.169560307453,8901.632050340548
2018-05-24 00:00:00.000,7556.31604292077,2777184892.7350817,128842835523.63457,bitcoin,2018,5,24,3,21,2,8114.768249053922,2002671609.8705046,138317220214.6228,8857.46286162639,2681088949.660496,150780705155.14133,8009.2995067828,8354.99633591748,8443.26024591542,8114.768249053922,8857.46286162639
2018-05-25 00:00:00.000,7563.43546544346,2602938656.909345,128977752305.11424,bitcoin,2018,5,25,4,21,2,8044.394288063738,2063998029.8334053,137132411051.71945,8785.694385230147,2621246949.850813,149574770507.37897,7556.31604292077,8009.2995067828,8354.99633591748,8044.394288063738,8785.694385230147
2018-05-26 00:00:00.000,7472.02260174872,1959178260.217828,127435061535.96556,bitcoin,2018,5,26,5,21,2,7939.993886948963,2039893099.0950496,135367832391.6658,8740.588388619462,2502438440.246124,148821937273.28436,7563.43546544346,7556.31604292077,8009.2995067828,7939.993886948963,8740.588388619462
2018-05-27 00:00:00.000,7328.87167436352,1289488237.4471543,125008468874.2868,bitcoin,2018,5,27,6,21,2,7818.314553298881,1985198289.7688916,133308403475.60416,8677.488510225434,2417168047.1758122,147762919100.58493,7472.02260174872,7563.43546544346,7556.31604292077,7818.314553298881,8677.488510225434
2018-05-28 00:00:00.000,7326.64394017867,1247227035.27444,124985768473.80344,bitcoin,2018,5,28,0,22,2,7658.797938193632,1926106626.0227563,130604009312.10722,8623.69727083115,2364097616.724353,146862142931.82986,7328.87167436352,7472.02260174872,7563.43546544346,7658.797938193632,8623.69727083115
2018-05-29 00:00:00.000,7111.06892466996,1770692328.4028218,121322210033.3444,bitcoin,2018,5,29,1,22,2,7481.094022301129,1934534399.7565906,127588920543.54305,8552.410917483841,2322903756.0773773,145663459632.626,7326.64394017867,7328.87167436352,7472.02260174872,7481.094022301129,8552.410917483841
2018-05-30 00:00:00.000,7451.2308372653,2224251684.1663904,127138205821.77669,bitcoin,2018,5,30,2,22,2,7401.369926655772,1981565870.7361515,126244328938.2751,8489.930983691125,2302793653.7338476,144614972828.53494,7111.06892466996,7326.64394017867,7328.87167436352,7401.369926655772,8489.930983691125
2018-05-31 00:00:00.000,7380.8515577098,1772428207.794572,125953862789.73984,bitcoin,2018,5,31,3,22,2,7376.303571625634,1838029201.4589362,125831618547.71872,8429.353051949009,2278251113.2930408,143598655672.4138,7451.2308372653,7111.06892466996,7326.64394017867,7376.303571625634,8429.353051949009
2018-06-01 00:00:00.000,7460.16694986577,1714862985.0808516,127322669333.3591,bitcoin,2018,6,1,4,22,2,7361.550926543106,1711161248.3405797,125595178123.18225,8377.212366551981,2246710830.3527484,142725928361.9059,7380.8515577098,7451.2308372653,7111.06892466996,7361.550926543106,8377.212366551981
2018-06-02 00:00:00.000,7487.07630453815,1637953742.8095627,127797556817.80016,bitcoin,2018,6,2,5,22,2,7363.7014555130245,1665272031.5679703,125646963163.44434,8322.693142908913,2228657328.896674,141812759257.62637,7460.16694986577,7380.8515577098,7451.2308372653,7363.7014555130245,8322.693142908913
2018-06-03 00:00:00.000,7567.51293761927,1531230053.8451543,129185013358.09856,bitcoin,2018,6,3,6,22,2,7397.79306454956,1699806576.7676847,126243612375.41747,8256.572401369034,2238760818.0932174,140702298682.22202,7487.07630453815,7460.16694986577,7380.8515577098,7397.79306454956,8256.572401369034
2018-06-04 00:00:00.000,7639.87944568278,1432775393.8161438,130436135448.66774,bitcoin,2018,6,4,0,23,2,7442.54099390729,1726313485.1307852,127022236228.9695,8190.083775359384,2196653351.7699604,139585644444.05545,7567.51293761927,7487.07630453815,7460.16694986577,7442.54099390729,8190.083775359384
2018-06-05 00:00:00.000,7463.65499554503,1643488925.3602982,127444424300.66489,bitcoin,2018,6,5,1,23,2,7492.910432603728,1708141570.410425,127896838267.15813,8113.3307923612565,2164169955.8299174,138293926522.5383,7639.87944568278,7567.51293761927,7487.07630453815,7492.910432603728,8113.3307923612565
2018-06-06 00:00:00.000,7569.01133988542,1754013549.8288014,129259980382.17676,bitcoin,2018,6,6,2,23,2,7509.736218692317,1640964694.0764832,128199948918.64388,8046.168778840724,2135089822.2553136,137165622161.25565,7463.65499554503,7639.87944568278,7567.51293761927,7509.736218692317,8046.168778840724
2018-06-07 00:00:00.000,7605.57848860797,1562705992.3836496,129898428226.3484,bitcoin,2018,6,7,3,23,2,7541.840065963484,1611004377.5892086,128763458266.7308,7989.412560936928,2094943831.7948499,136214385982.48192,7569.01133988542,7463.65499554503,7639.87944568278,7541.840065963484,7989.412560936928
2018-06-08 00:00:00.000,7613.77739337755,1459894514.226805,130052073722.89096,bitcoin,2018,6,8,4,23,2,7563.784415036595,1574580310.3243449,129153373179.52107,7938.221212944606,2061766964.8779523,135357793914.89578,7605.57848860797,7569.01133988542,7463.65499554503,7563.784415036595,7938.221212944606
2018-06-09 00:00:00.000,7561.16610052452,1362045102.4224646,129167113170.94856,bitcoin,2018,6,9,5,23,2,7574.3686716060765,1535164790.269045,129349024087.1137,7881.961403109273,2028373761.1107612,134414668119.45299,7613.77739337755,7605.57848860797,7569.01133988542,7574.3686716060765,7881.961403109273
2018-06-10 00:00:00.000,7415.00137858946,1102262799.2103968,126683533782.87282,bitcoin,2018,6,10,6,23,2,7552.58130603039,1473883753.8926513,128991669862.08144,7830.130103204169,1986462573.5400994,133546503119.02687,7561.16610052452,7613.77739337755,7605.57848860797,7552.58130603039,7830.130103204169
2018-06-11 00:00:00.000,6767.49948454925,2788497500.783952,115631864817.82808,bitcoin,2018,6,11,0,24,2,7427.955597297028,1667558340.6023383,126876774057.67578,7775.528067247751,1955209978.389441,132629836033.32999,7415.00137858946,7561.16610052452,7613.77739337755,7427.955597297028,7775.528067247751
2018-06-12 00:00:00.000,6880.13364875604,1973448735.786416,117568067796.62566,bitcoin,2018,6,12,1,24,2,7344.595404898601,1714695456.377498,125465865985.67018,7722.179843002099,1921126431.6852825,131734540635.00098,6767.49948454925,7415.00137858946,7561.16610052452,7344.595404898601,7722.179843002099
2018-06-13 00:00:00.000,6581.82807522796,2060764062.9813228,112482862604.77522,bitcoin,2018,6,13,2,24,2,7203.56922423325,1758516958.2564297,123069134874.61281,7652.107905404935,1913707872.4655929,130553744771.48663,6880.13364875604,6767.49948454925,7415.00137858946,7203.56922423325,7652.107905404935
2018-06-14 00:00:00.000,6334.09890642618,2571112868.4509044,108260201574.019,bitcoin,2018,6,14,3,24,2,7021.929283921565,1902575083.4088948,119977959638.56575,7573.345402156713,1894636984.6175804,129224327050.23663,6581.82807522796,6880.13364875604,6767.49948454925,7021.929283921565,7573.345402156713
2018-06-15 00:00:00.000,6644.72067973844,2354179149.4928327,113582443265.84216,bitcoin,2018,6,15,4,24,2,6883.49261054455,2030330031.3040414,117625155287.55879,7512.391136512872,1886901573.2725916,128198782156.44688,6334.09890642618,6581.82807522796,6880.13364875604,6883.49261054455,7512.391136512872
2018-06-16 00:00:00.000,6406.80704950998,1740752641.634127,109527730085.0741,bitcoin,2018,6,16,5,24,2,6718.58417468533,2084431108.3342788,114819529132.43385,7447.847197440021,1852496456.580659,127111399000.81276,6644.72067973844,6334.09890642618,6581.82807522796,6718.58417468533,7447.847197440021
2018-06-17 00:00:00.000,6478.81592433021,1306649275.503008,110772203147.8282,bitcoin,2018,6,17,6,24,2,6584.843395505437,2113629176.3760803,112546481898.85606,7395.272621838537,1823596308.5251243,126228091890.89244,6406.80704950998,6644.72067973844,6334.09890642618,6584.843395505437,7395.272621838537
2018-06-18 00:00:00.000,6418.85000188746,1120785833.1800666,109759607021.02477,bitcoin,2018,6,18,0,25,2,6535.0363265537535,1875384652.4326682,111707587927.88416,7335.806774916381,1790025410.451583,125227175053.04855,6478.81592433021,6406.80704950998,6644.72067973844,6535.0363265537535,7335.806774916381
2018-06-19 00:00:00.000,6677.53340291194,1750367371.2555826,114196505243.23885,bitcoin,2018,6,19,1,25,2,6506.09343429031,1843515886.0711207,111225936134.54318,7285.703654682977,1792625926.0690935,124386242851.59926,6418.85000188746,6478.81592433021,6406.80704950998,6506.09343429031,7285.703654682977
2018-06-20 00:00:00.000,6708.68182027534,1649449915.2393851,114742187734.30664,bitcoin,2018,6,20,2,25,2,6524.215397868507,1784756722.1079865,111548696867.33339,7227.884373828306,1792245300.5271602,123413764855.46675,6677.53340291194,6418.85000188746,6478.81592433021,6524.215397868507,7227.884373828306
2018-06-21 00:00:00.000,6714.37546123014,1626421446.364752,114852494305.80464,bitcoin,2018,6,21,3,25,2,6578.540619983359,1649800804.6671078,112490452971.87419,7173.197011338728,1789402751.6637857,122494586951.88377,6708.68182027534,6677.53340291194,6418.85000188746,6578.540619983359,7173.197011338728
2018-06-22 00:00:00.000,6690.832151608,1400178395.5280418,114463912846.04524,bitcoin,2018,6,22,4,25,2,6585.127973107582,1513514982.6721377,112616377197.61751,7129.248099499569,1772907651.9377387,121758372478.13019,6714.37546123014,6708.68182027534,6677.53340291194,6585.127973107582,7129.248099499569
2018-06-23 00:00:00.000,6088.57944239075,2932411240.2020984,104172397755.09848,bitcoin,2018,6,23,5,25,2,6539.6668863762625,1683751925.324705,111851329721.90671,7080.323546148568,1778081863.5199723,120936024552.51234,6690.832151608,6714.37546123014,6708.68182027534,6539.6668863762625,7080.323546148568
2018-06-24 00:00:00.000,6169.43726386169,1635692582.8272383,105568325740.5693,bitcoin,2018,6,24,6,25,2,6495.46993488076,1730758112.0853095,111107918663.72684,7033.856939429175,1745840327.7172353,120155710333.69417,6088.57944239075,6690.832151608,6714.37546123014,6495.46993488076,7033.856939429175
2018-06-25 00:00:00.000,6159.70719379414,2452039491.998072,105415073017.07507,bitcoin,2018,6,25,0,26,2,6458.449533724573,1920937206.2021673,110487270948.87688,6990.113092497357,1762269035.4432435,119421710716.39781,6169.43726386169,6088.57944239075,6690.832151608,6458.449533724573,6990.113092497357
2018-06-26 00:00:00.000,6241.84871170546,4326984848.152794,106832748619.81493,bitcoin,2018,6,26,1,26,2,6396.208863552217,2289025417.1874833,109435305716.9592,6953.878993742087,1863518922.466765,118815853374.58209,6159.70719379414,6169.43726386169,6088.57944239075,6396.208863552217,6953.878993742087
2018-06-27 00:00:00.000,6069.87260616628,3248018159.5091834,103900589095.60583,bitcoin,2018,6,27,2,26,2,6304.9504043937795,2517392309.2260256,107886505911.43051,6911.986615941674,1930211959.9412565,118113014061.97551,6241.84871170546,6159.70719379414,6169.43726386169,6304.9504043937795,6911.986615941674
2018-06-28 00:00:00.000,6117.03640962264,2057221707.976688,104717160923.03616,bitcoin,2018,6,28,3,26,2,6219.616254164137,2578935203.7420163,106438601142.46358,6878.85219877343,1939762939.260385,117559512424.96523,6069.87260616628,6241.84871170546,6159.70719379414,6219.616254164137,6878.85219877343
2018-06-29 00:00:00.000,5879.98897440643,1928320709.079448,100670773791.78276,bitcoin,2018,6,29,4,26,2,6103.781514563912,2654384105.677932,104468152706.14037,6826.477470011468,1929898573.4241538,116677264690.6321,6117.03640962264,6069.87260616628,6241.84871170546,6103.781514563912,6826.477470011468
2018-06-30 00:00:00.000,6182.25674792295,2341618860.2006936,105857391286.9164,bitcoin,2018,6,30,5,26,2,6117.163986782799,2569985194.24916,104708866067.82863,6786.52430968524,1948871595.1710246,116007382307.20464,5879.98897440643,6117.03640962264,6069.87260616628,6117.163986782799,6786.52430968524
2018-07-01 00:00:00.000,6366.49946751097,2086842501.722632,109023438456.36496,bitcoin,2018,7,1,6,26,3,6145.315730161267,2634435182.6627874,105202453598.6566,6750.0687269400805,1961270912.3924172,115397407944.63818,6182.25674792295,5879.98897440643,6117.03640962264,6145.315730161267,6750.0687269400805
2018-07-02 00:00:00.000,6312.87724313135,2601785821.8298526,108116702994.83368,bitcoin,2018,7,2,0,27,3,6167.197165780868,2655827515.4958987,105588400738.3364,6710.928758226521,1993398648.35976,114741379483.87262,6366.49946751097,6182.25674792295,5879.98897440643,6167.197165780868,6710.928758226521
2018-07-03 00:00:00.000,6595.5473128085,3392521918.120933,112969688594.56374,bitcoin,2018,7,3,1,27,3,6217.725537367017,2522332811.2056327,106465106449.01479,6678.529904066161,2055441710.502286,114200868658.42146,6312.87724313135,6366.49946751097,6182.25674792295,6217.725537367017,6678.529904066161
2018-07-04 00:00:00.000,6497.60735494217,3013786718.6534038,111301577387.40128,bitcoin,2018,7,4,2,27,3,6278.830501477859,2488871176.797664,107522390490.69984,6640.454167708141,2108142087.9968615,113563050056.37924,6595.5473128085,6312.87724313135,6366.49946751097,6278.830501477859,6640.454167708141
2018-07-05 00:00:00.000,6562.7217371211,3111969366.095633,112427869579.76012,bitcoin,2018,7,5,3,27,3,6342.499833977638,2639549413.671799,108623920298.80327,6610.423059094011,2157091436.021373,113062498232.34909,6497.60735494217,6595.5473128085,6312.87724313135,6342.499833977638,6610.423059094011
2018-07-06 00:00:00.000,6537.74087162192,3315114737.710066,112011029362.86702,bitcoin,2018,7,6,4,27,3,6436.464390722708,2837662846.3333163,110243956808.95816,6576.04737681856,2209128142.2840815,112487533198.3721,6562.7217371211,6497.60735494217,6595.5473128085,6436.464390722708,6576.04737681856
2018-07-07 00:00:00.000,6603.29470396542,4742128037.640009,113147533991.98392,bitcoin,2018,7,7,5,27,3,6496.612670157347,3180592728.824647,111285405766.82495,6542.637917330475,2315108877.1259604,111929170057.22662,6537.74087162192,6562.7217371211,6497.60735494217,6496.612670157347,6542.637917330475
2018-07-08 00:00:00.000,6759.83608914527,6047929422.833753,115842716194.10664,bitcoin,2018,7,8,6,27,3,6552.803616105105,3746462288.983379,112259588300.78806,6514.173207189398,2468043374.0795245,111455524806.26714,6603.29470396542,6537.74087162192,6562.7217371211,6552.803616105105,6514.173207189398
2018-07-09 00:00:00.000,6700.63547905209,5015170529.876131,114841688927.81284,bitcoin,2018,7,9,0,28,3,6608.197649808068,4091231532.9899898,113220300576.92795,6485.488853140318,2589814221.661314,110978010664.82928,6759.83608914527,6603.29470396542,6537.74087162192,6608.197649808068,6485.488853140318
2018-07-10 00:00:00.000,6648.256795903321,5246420831.047288,113955190214.94202,bitcoin,2018,7,10,1,28,3,6615.727575964471,4356074234.836612,113361086522.69627,6459.930700384113,2727952822.7225432,110553732545.89825,6700.63547905209,6759.83608914527,6603.29470396542,6615.727575964471,6459.930700384113
2018-07-11 00:00:00.000,6303.380664729323,4358427107.61466,108055463516.65717,bitcoin,2018,7,11,2,28,3,6587.980905934063,4548165718.973934,112897355969.73282,6444.460073056782,2780283809.6169004,110301185835.85922,6648.256795903321,6700.63547905209,6759.83608914527,6587.980905934063,6444.460073056782
2018-07-12 00:00:00.000,6373.234804689936,3969169303.744414,109263693476.82497,bitcoin,2018,7,12,3,28,3,6560.911344158182,4670622852.92376,112445330812.17065,6427.563444921246,2846807828.548834,110024373358.53253,6303.380664729323,6648.256795903321,6700.63547905209,6560.911344158182,6427.563444921246
2018-07-13 00:00:00.000,6230.5901971047815,3534743492.203714,106829387990.04874,bitcoin,2018,7,13,4,28,3,6517.03267637002,4701998389.279996,111705096330.33946,6415.855515650473,2895940476.18958,109835924204.70831,6373.234804689936,6303.380664729323,6648.256795903321,6517.03267637002,6415.855515650473
2018-07-14 00:00:00.000,6248.397313033797,3951261052.820787,107145717585.4774,bitcoin,2018,7,14,5,28,3,6466.333049094074,4589017391.448678,110847693986.55283,6412.998795870726,2941945415.6685762,109798774738.4236,6230.5901971047815,6373.234804689936,6303.380664729323,6466.333049094074,6412.998795870726
2018-07-15 00:00:00.000,6246.13741162634,3709146622.835988,107117271573.7231,bitcoin,2018,7,15,6,28,3,6392.947523734228,4254905562.8775687,109601201897.9266,6399.712686933656,2987110998.1133485,109583269015.35297,6248.397313033797,6230.5901971047815,6373.234804689936,6392.947523734228,6399.712686933656
2018-07-16 00:00:00.000,6349.695836710773,2857367439.538571,108903950780.21828,bitcoin,2018,7,16,0,29,3,6342.813289114039,3946647978.543632,108752953591.12737,6397.80897984035,3024331491.3768296,109562476371.85776,6246.13741162634,6248.397313033797,6230.5901971047815,6342.813289114039,6397.80897984035
2018-07-17 00:00:00.000,6741.6919602852695,4559363479.1402855,115637208433.3911,bitcoin,2018,7,17,1,29,3,6356.161169740031,3848496928.2712026,108993241908.04868,6406.571514372185,3132755298.1647387,109724643214.70987,6349.695836710773,6246.13741162634,6248.397313033797,6356.161169740031,6406.571514372185
2018-07-18 00:00:00.000,7303.373059795855,6194130741.142913,125285895738.59448,bitcoin,2018,7,18,2,29,3,6499.017226178107,4110740304.489525,111454732225.46829,6436.055616302464,3301866795.0968337,110242186171.9622,6741.6919602852695,6349.695836710773,6246.13741162634,6499.017226178107,6436.055616302464
2018-07-19 00:00:00.000,7334.771372076191,4843025304.5135565,125840376647.27176,bitcoin,2018,7,19,3,29,3,6636.379592947572,4235576876.027973,113822829821.24641,6457.96354860794,3404955392.8721,110630315218.76328,7303.373059795855,6741.6919602852695,6349.695836710773,6636.379592947572,6457.96354860794
2018-07-20 00:00:00.000,7442.800738748321,4107857510.670374,127709804699.66203,bitcoin,2018,7,20,4,29,3,6809.552527468078,4317450307.237496,116805746494.04831,6482.434179223706,3486902312.7197986,111062569117.60846,7334.771372076191,7303.373059795855,6741.6919602852695,6809.552527468078,6482.434179223706
2018-07-21 00:00:00.000,7331.871523239401,3727831730.875354,125820597539.21864,bitcoin,2018,7,21,5,29,3,6964.33455749745,4285531832.673863,119473586487.43993,6503.017381290681,3556949322.203486,111428172558.72226,7442.800738748321,7334.771372076191,7303.373059795855,6964.33455749745,6503.017381290681
2018-07-22 00:00:00.000,7379.137271821949,2892881147.245292,126644347498.85966,bitcoin,2018,7,22,6,29,3,7126.191680382537,4168922479.018049,122263168762.45943,6525.960885297813,3606706080.594061,111834187047.14941,7331.871523239401,7442.800738748321,7334.771372076191,7126.191680382537,6525.960885297813
2018-07-23 00:00:00.000,7395.8664054401,5717881945.865358,126948286633.17482,bitcoin,2018,7,23,0,30,3,7275.6446187724405,4577567408.493304,124840931027.1675,6569.537117399458,3699555104.1161695,112593383343.08528,7379.137271821949,7331.871523239401,7442.800738748321,7275.6446187724405,6569.537117399458
2018-07-24 00:00:00.000,7704.99567890457,6202101797.69894,132270404905.45908,bitcoin,2018,7,24,1,30,3,7413.259435718056,4812244311.144541,127217101951.74864,6620.722397900887,3851768744.611893,113483452648.5816,7395.8664054401,7379.137271821949,7331.871523239401,7413.259435718056,6620.722397900887
2018-07-25 00:00:00.000,8422.37392335148,5592076817.676129,144602365043.07205,bitcoin,2018,7,25,2,30,3,7573.116701940287,4726236607.792143,129976597566.674,6696.1446222194645,3956436655.4678283,114789695716.11484,7704.99567890457,7395.8664054401,7379.137271821949,7573.116701940287,6696.1446222194645
2018-07-26 00:00:00.000,8144.553482041877,4086880124.497768,139850429188.6199,bitcoin,2018,7,26,3,30,3,7688.799860506814,4618215867.789888,131978033644.00945,6759.568114564013,3948433164.679327,115890285068.40836,8422.37392335148,7704.99567890457,7395.8664054401,7688.799860506814,6759.568114564013
2018-07-27 00:00:00.000,7929.079243602936,3429994449.907072,136166569453.30632,bitcoin,2018,7,27,4,30,3,7758.268218343188,4521378287.680845,133186142894.53006,6821.541669145235,3954499041.0259237,116965817746.99837,8144.553482041877,8422.37392335148,7704.99567890457,7758.268218343188,6821.541669145235
2018-07-28 00:00:00.000,8145.333168120666,3624913497.954498,139897416706.44568,bitcoin,2018,7,28,5,30,3,7874.477024754798,4506675682.977866,135197117061.27678,6889.151561095169,4006755434.0251837,118138492939.7787,7929.079243602936,8144.553482041877,8422.37392335148,7874.477024754798,6889.151561095169
2018-07-29 00:00:00.000,8192.13570223742,3659115450.612604,140716208459.56802,bitcoin,2018,7,29,6,30,3,7990.619657671293,4616137726.316053,137207382912.80655,6966.223118689535,4064448592.076289,119473340762.0382,8145.333168120666,7929.079243602936,8144.553482041877,7990.619657671293,6966.223118689535
2018-07-30 00:00:00.000,8197.593575814208,2598593361.850844,140827378169.39276,bitcoin,2018,7,30,0,31,3,8105.152110581878,4170525071.4568367,139190110275.1234,7033.401012952576,4073014408.7979608,120639006991.45407,8192.13570223742,8145.333168120666,7929.079243602936,8105.152110581878,7033.401012952576
2018-07-31 00:00:00.000,8185.921138302329,3497813384.6209693,140640772123.99832,bitcoin,2018,7,31,1,31,3,8173.855747638702,3784198155.3028407,140385877020.629,7094.048401978956,4120046771.5612392,121692918113.70851,8197.593575814208,8192.13570223742,8145.333168120666,8173.855747638702,7094.048401978956
2018-08-01 00:00:00.000,7738.249304586212,4675498855.415108,132963528816.20732,bitcoin,2018,8,1,2,31,3,8076.1236592436635,3653258446.408409,138723186131.0769,7141.560804027451,4189170539.3474135,122521145641.08765,8185.921138302329,8197.593575814208,8192.13570223742,8076.1236592436635,7141.560804027451
2018-08-02 00:00:00.000,7612.300753683117,11591125727.422794,130813483341.75774,bitcoin,2018,8,2,3,31,3,8000.087555192413,4725293532.540556,137432193867.23947,7175.452585389938,4462457332.990809,123115938799.32742,7738.249304586212,8185.921138302329,8197.593575814208,8000.087555192413,7175.452585389938
2018-08-03 00:00:00.000,7540.633150617145,6834800615.470859,129596337579.7665,bitcoin,2018,8,3,4,31,3,7944.595256194442,5211694413.3353815,136493589313.87662,7210.2201119124375,4589824462.884724,123725764139.07295,7612.300753683117,7738.249304586212,8185.921138302329,7944.595256194442,7210.2201119124375
2018-08-04 00:00:00.000,7411.66638248389,5580835718.27458,127395242323.66476,bitcoin,2018,8,4,5,31,3,7839.785715389188,5491111873.381108,134707564402.05078,7238.518266757863,4672120007.9573555,124224676563.86978,7540.633150617145,7612.300753683117,7738.249304586212,7839.785715389188,7238.518266757863
2018-08-05 00:00:00.000,7009.012011793916,5952900997.745494,120489906899.2898,bitcoin,2018,8,5,6,31,3,7670.768045325831,5818795522.97152,131818092750.58247,7254.227304763597,4760046216.625203,124507305815.08385,7411.66638248389,7540.633150617145,7612.300753683117,7670.768045325831,7254.227304763597
2018-08-06 00:00:00.000,7036.60933127318,5989412029.067531,120977961419.31384,bitcoin,2018,8,6,0,32,3,7504.913153248542,6303198189.716762,128982461786.28548,7268.671125673855,4801622349.672788,124768320062.66153,7009.012011793916,7411.66638248389,7540.633150617145,7504.913153248542,7268.671125673855
2018-08-07 00:00:00.000,6926.116778774001,6927841831.688437,119089729729.2738,bitcoin,2018,8,7,1,32,3,7324.941101887351,6793202253.583543,125903741444.18198,7274.213815328146,4830952763.301278,124876553847.1671,7036.60933127318,7009.012011793916,7411.66638248389,7324.941101887351,7274.213815328146
2018-08-08 00:00:00.000,6711.73242235858,6729676123.905343,115416628667.98372,bitcoin,2018,8,8,2,32,3,7178.29583299769,7086656149.082148,123397041423.00717,7274.583713438363,4888102949.768918,124895718505.17279,6926.116778774001,7036.60933127318,7009.012011793916,7178.29583299769,7274.583713438363
2018-08-09 00:00:00.000,6259.527709667595,6834119514.685925,107652609456.40524,bitcoin,2018,8,9,3,32,3,6985.042540995472,6407083832.976881,120088345153.6711,7261.626077230506,4941026239.223538,124685632479.88823,6711.73242235858,6926.116778774001,7036.60933127318,6985.042540995472,7261.626077230506
2018-08-10 00:00:00.000,6531.249786737056,5843796067.332067,112337822894.36668,bitcoin,2018,8,10,4,32,3,6840.8449175840315,6265511754.67134,117622843055.75684,7269.221714630764,4990538537.880785,124828377792.47855,6259.527709667595,6711.73242235858,6926.116778774001,6840.8449175840315,7269.221714630764
2018-08-11 00:00:00.000,6166.590417501742,6731245061.318041,106079149843.79391,bitcoin,2018,8,11,5,32,3,6662.976922586582,6429855946.534691,114577686987.20386,7262.333568391156,5082607729.799907,124722226338.04417,6531.249786737056,6259.527709667595,6711.73242235858,6662.976922586582,7262.333568391156
2018-08-12 00:00:00.000,6205.218479944854,5708911347.302448,106756980148.523,bitcoin,2018,8,12,6,32,3,6548.149275179573,6395000282.185685,112615840308.52287,7261.487844485825,5155079991.636532,124719812743.32666,6166.590417501742,6531.249786737056,6259.527709667595,6548.149275179573,7261.487844485825
2018-08-13 00:00:00.000,6318.407221774424,5507023282.246057,108716328040.7234,bitcoin,2018,8,13,0,33,3,6445.548973822608,6326087604.068331,110864178397.29567,7263.821508110514,5206938732.6173725,124772166425.1682,6205.218479944854,6166.590417501742,6531.249786737056,6445.548973822608,7263.821508110514
2018-08-14 00:00:00.000,6283.99625058153,5381627198.227136,108135868387.49329,bitcoin,2018,8,14,1,33,3,6353.817469795111,6105199799.288145,109299341062.7556,7265.08346940902,5262688085.130412,124806119652.29387,6318.407221774424,6205.218479944854,6166.590417501742,6353.817469795111,7265.08346940902
2018-08-15 00:00:00.000,6212.226040055612,7179484727.419351,106911788926.75308,bitcoin,2018,8,15,2,33,3,6282.459415180403,6169458171.218718,108084363956.86551,7260.501142853847,5406758661.393104,124739714257.17836,6283.99625058153,6318.407221774424,6205.218479944854,6282.459415180403,7260.501142853847
2018-08-16 00:00:00.000,6267.76870877378,6619548180.387301,107788817699.53123,bitcoin,2018,8,16,3,33,3,6283.636700767,6138805123.461772,108103822277.31209,7244.7037011367975,5475431484.768005,124478101232.71635,6212.226040055612,6283.99625058153,6318.407221774424,6283.636700767,7244.7037011367975
2018-08-17 00:00:00.000,6309.385226218996,5982589406.965,108578823549.00037,bitcoin,2018,8,17,4,33,3,6251.941763550133,6158632743.409333,107566822370.83118,7211.570773350903,5468380106.962075,123921198826.39656,6267.76870877378,6212.226040055612,6283.99625058153,6251.941763550133,7211.570773350903
2018-08-18 00:00:00.000,6566.715163377382,6206194158.951437,113018605465.47176,bitcoin,2018,8,18,5,33,3,6309.102441532368,6083625471.642676,108558173173.92801,7185.968899727609,5513819068.77667,123493806453.66989,6309.385226218996,6267.76870877378,6212.226040055612,6309.102441532368,7185.968899727609
2018-08-19 00:00:00.000,6382.0605914076095,5616965845.869809,109889851531.17278,bitcoin,2018,8,19,6,33,3,6334.365600312763,6070490400.00944,109005726228.59227,7150.610894816253,5564122679.949985,122899808014.72025,6566.715163377382,6309.385226218996,6267.76870877378,6334.365600312763,7150.610894816253
2018-08-20 00:00:00.000,6475.494019667379,5160365103.111909,111490970656.3322,bitcoin,2018,8,20,0,34,3,6356.806571440327,6020967802.990278,109402103745.10782,7122.064978030518,5611873792.357869,122422153785.2907,6382.0605914076095,6566.715163377382,6309.385226218996,6356.806571440327,7122.064978030518
2018-08-21 00:00:00.000,6242.882438400799,5578292470.702208,107511643840.85838,bitcoin,2018,8,21,1,34,3,6350.933169700223,6049062841.915288,109312928809.87427,7084.18981691648,5701387503.139768,121784396996.69066,6475.494019667379,6382.0605914076095,6566.715163377382,6350.933169700223,7084.18981691648
2018-08-22 00:00:00.000,6467.271730309675,5658517103.312642,111399689881.15749,bitcoin,2018,8,22,2,34,3,6387.368268307945,5831781752.757187,109954057517.64633,7053.236661078799,5699408675.054676,121266110438.29008,6242.882438400799,6475.494019667379,6382.0605914076095,6387.368268307945,7053.236661078799
2018-08-23 00:00:00.000,6336.656327108703,6759411527.692144,109149076720.34018,bitcoin,2018,8,23,3,34,3,6397.209356641506,5851762230.943593,110148380234.90474,7007.62534935227,5717985666.05445,120495399498.78612,6467.271730309675,6242.882438400799,6475.494019667379,6397.209356641506,7007.62534935227
2018-08-24 00:00:00.000,6521.065718268509,6096332849.286637,112327439428.7716,bitcoin,2018,8,24,4,34,3,6427.449426934295,5868011294.132399,110683896789.15776,6944.248409182838,5734794200.441467,119419568644.9761,6336.656327108703,6467.271730309675,6242.882438400799,6427.449426934295,6944.248409182838
2018-08-25 00:00:00.000,6684.379144206679,6913767387.863615,115177527171.8132,bitcoin,2018,8,25,5,34,3,6444.258567052765,5969093183.976995,110992314175.77797,6895.575931254997,5829023775.886995,118597138577.7492,6521.065718268509,6336.656327108703,6467.271730309675,6444.258567052765,6895.575931254997
2018-08-26 00:00:00.000,6736.036057516459,5280060347.564506,116073397012.0424,bitcoin,2018,8,26,6,34,3,6494.826490782601,5920963827.076238,111875677815.9022,6855.807825052116,5890692639.142242,117927366163.04042,6684.379144206679,6521.065718268509,6336.656327108703,6494.826490782601,6855.807825052116
2018-08-27 00:00:00.000,6728.2880026290095,5215045899.16829,115406552890.99016,bitcoin,2018,8,27,0,35,3,6530.939916919976,5928775369.370006,112435046706.56763,6808.572986202393,5943697052.516036,117111004035.85857,6736.036057516459,6684.379144206679,6521.065718268509,6530.939916919976,6808.572986202393
2018-08-28 00:00:00.000,6911.096028949572,5444349729.346103,118546009735.9248,bitcoin,2018,8,28,1,35,3,6626.399001284087,5909640692.033419,114011384691.57712,6765.871663759465,6003204861.807154,116371997411.73712,6728.2880026290095,6736.036057516459,6684.379144206679,6626.399001284087,6765.871663759465
2018-08-29 00:00:00.000,7075.9834051051,6246602891.545194,121992306938.18848,bitcoin,2018,8,29,2,35,3,6713.357811969147,5993652947.4952135,115524615699.7244,6728.484658069162,6124805179.463632,115744161704.03032,6911.096028949572,6728.2880026290095,6736.036057516459,6713.357811969147,6728.484658069162
2018-08-30 00:00:00.000,7046.748947280631,5976493148.705724,121479639297.29665,bitcoin,2018,8,30,3,35,3,6814.799614850852,5881807464.782867,117286124639.28963,6690.512251701772,6207427838.266456,115105457276.4736,7075.9834051051,6911.096028949572,6728.2880026290095,6814.799614850852,6690.512251701772
2018-08-31 00:00:00.000,7024.14510718162,6587864491.268964,121103237785.70248,bitcoin,2018,8,31,4,35,3,6886.668098981296,5952026270.780342,118539810118.85118,6666.708778454951,6271173359.461584,114710114242.12343,7046.748947280631,7075.9834051051,6911.096028949572,6886.668098981296,6666.708778454951
2018-09-01 00:00:00.000,7027.631279401852,5959884320.762271,121186316787.30235,bitcoin,2018,9,1,5,35,3,6935.7041182948915,5815757261.194436,119398208635.34962,6647.219795978909,6083465312.572901,114389208690.30826,7024.14510718162,7046.748947280631,7075.9834051051,6935.7041182948915,6647.219795978909
2018-09-02 00:00:00.000,7211.270767868822,6257915213.839819,124380655386.09409,bitcoin,2018,9,2,6,35,3,7003.594791202371,5955450813.51948,120584959831.64272,6636.241049887298,6064235799.1852,114215352617.18584,7027.631279401852,7024.14510718162,7046.748947280631,7003.594791202371,6636.241049887298
2018-09-03 00:00:00.000,7305.272801003753,6640164154.549976,125994361368.72597,bitcoin,2018,9,3,0,36,3,7086.021190970192,6159039135.716865,122097503899.8907,6632.694597171295,6099546747.061046,114168656585.35454,7211.270767868822,7027.631279401852,7024.14510718162,7086.021190970192,6632.694597171295
2018-09-04 00:00:00.000,7260.897516647864,4511643009.568316,125200923805.39091,bitcoin,2018,9,4,1,36,3,7135.992832069948,6025795318.605752,123048205909.81442,6641.0907806664245,6051504814.121807,114325690482.22458,7305.272801003753,7211.270767868822,7027.631279401852,7135.992832069948,6641.0907806664245
2018-09-05 00:00:00.000,7359.462992923027,5344233220.454348,126949626755.787,bitcoin,2018,9,5,2,36,3,7176.489916043938,5896885365.592773,123756394455.18564,6651.852569388088,6029998853.834701,114524745993.44035,7260.897516647864,7305.272801003753,7211.270767868822,7176.489916043938,6651.852569388088
2018-09-06 00:00:00.000,6764.926773778225,7036065651.078336,116602093876.15263,bitcoin,2018,9,6,3,36,3,7136.2296055435945,6048252865.931718,123059602252.16505,6646.479569221561,6033606314.48103,114441824798.33632,7359.462992923027,7260.897516647864,7305.272801003753,7136.2296055435945,6646.479569221561
2018-09-07 00:00:00.000,6498.279612609656,6558109770.577363,112034863191.16696,bitcoin,2018,9,7,4,36,3,7061.105963461885,6044002191.547204,121764120167.23141,6639.364475563264,6027887436.036764,114329099282.44243,6764.926773778225,7359.462992923027,7260.897516647864,7061.105963461885,6639.364475563264
2018-09-08 00:00:00.000,6397.81887024023,4422971841.981781,110396118506.89438,bitcoin,2018,9,8,5,36,3,6971.132762153082,5824443266.0071335,120222663270.03027,6643.974180915685,5947515846.946627,114420549584.1254,6498.279612609656,6764.926773778225,7359.462992923027,6971.132762153082,6643.974180915685
2018-09-09 00:00:00.000,6181.19445075213,3851077568.004001,106668555553.51492,bitcoin,2018,9,9,6,36,3,6823.9790025649845,5480609316.602018,117692363293.94754,6632.3056697161865,5881091896.969025,114231574006.097,6397.81887024023,6498.279612609656,6764.926773778225,6823.9790025649845,6632.3056697161865
2018-09-10 00:00:00.000,6260.764806062476,4174629547.594032,108219061918.52274,bitcoin,2018,9,10,0,37,3,6674.763574716229,5128390087.036882,115153034801.06136,6635.444816001545,5795871379.844891,114302904408.58797,6181.19445075213,6397.81887024023,6498.279612609656,6674.763574716229,6635.444816001545
2018-09-11 00:00:00.000,6308.135474616629,4504626593.565221,108846231385.41852,bitcoin,2018,9,11,1,37,3,6538.654711568911,5127387741.893583,112816650169.63673,6638.875382490604,5755728554.720316,114372546116.48448,6260.764806062476,6181.19445075213,6397.81887024023,6538.654711568911,6638.875382490604
2018-09-12 00:00:00.000,6278.917069628559,5001529025.0324745,108449181464.89592,bitcoin,2018,9,12,2,37,3,6384.29100824113,5078429999.690458,110173729413.79515,6637.559044085743,5738878746.146531,114363641230.62357,6308.135474616629,6260.764806062476,6181.19445075213,6384.29100824113,6637.559044085743
2018-09-13 00:00:00.000,6330.574238022664,5026516732.831187,109298582014.2178,bitcoin,2018,9,13,3,37,3,6322.240645990335,4791351582.798009,109130370576.3759,6639.111643667113,5727041730.633332,114402398351.51439,6278.917069628559,6308.135474616629,6260.764806062476,6322.240645990335,6639.111643667113
2018-09-14 00:00:00.000,6486.461630393616,4987196751.843109,112124461661.13242,bitcoin,2018,9,14,4,37,3,6320.552362816615,4566935437.264544,109143170357.79953,6648.252830011714,5653965464.780791,114576154109.32704,6330.574238022664,6278.917069628559,6308.135474616629,6320.552362816615,6648.252830011714
2018-09-15 00:00:00.000,6500.01225461663,5350596522.1363,112334356298.05247,bitcoin,2018,9,15,5,37,3,6335.151417727529,4699453248.715189,109420061470.82211,6655.994281539809,5611667076.172423,114727672062.61107,6486.461630393616,6330.574238022664,6278.917069628559,6335.151417727529,6655.994281539809
2018-09-16 00:00:00.000,6530.221146234664,4295951323.506035,112796085614.54744,bitcoin,2018,9,16,6,37,3,6385.012374225034,4763006642.358337,110295422908.11247,6663.355478873664,5555445806.723791,114868247464.79596,6500.01225461663,6486.461630393616,6330.574238022664,6385.012374225034,6663.355478873664
2018-09-17 00:00:00.000,6506.248493217292,4715407407.262404,112373562206.64604,bitcoin,2018,9,17,0,38,3,6420.0814723900085,4840260622.310962,110888922949.27295,6661.339923201662,5505752915.000824,114846746022.83513,6530.221146234664,6500.01225461663,6486.461630393616,6420.0814723900085,6661.339923201662
2018-09-18 00:00:00.000,6250.121727322729,4600931272.400568,107960190646.4486,bitcoin,2018,9,18,1,38,3,6411.793794205165,4854018433.573154,110762345700.84866,6656.941961065499,5471885095.885182,114782423993.3443,6506.248493217292,6530.221146234664,6500.01225461663,6411.793794205165,6656.941961065499
2018-09-19 00:00:00.000,6347.069255451608,4472798160.224327,109629673484.58704,bitcoin,2018,9,19,2,38,3,6421.529820751314,4778485452.886276,110930987417.9474,6652.66113559164,5448966197.78893,114720380754.28613,6250.121727322729,6506.248493217292,6530.221146234664,6421.529820751314,6652.66113559164
2018-09-20 00:00:00.000,6383.753841158382,5380977505.120019,110292032124.89343,bitcoin,2018,9,20,3,38,3,6429.12690691356,4829122706.0703945,111072908862.32964,6657.356849016893,5442389032.269525,114813060363.75397,6347.069255451608,6250.121727322729,6506.248493217292,6429.12690691356,6657.356849016893
2018-09-21 00:00:00.000,6491.885242276883,5059042419.562756,112172960507.04016,bitcoin,2018,9,21,4,38,3,6429.901708611171,4839386372.887487,111079837268.8879,6658.177299415799,5422406542.811193,114838836051.2834,6383.753841158382,6347.069255451608,6250.121727322729,6429.901708611171,6658.177299415799
2018-09-22 00:00:00.000,6753.8344721403255,5931455399.756281,116710823191.41154,bitcoin,2018,9,22,5,38,3,6466.162025400269,4922366212.547484,111705046825.08203,6672.08323758352,5394808005.213332,115090894266.98576,6491.885242276883,6383.753841158382,6347.069255451608,6466.162025400269,6672.08323758352
2018-09-23 00:00:00.000,6747.032172960024,5159534298.571353,116607568773.97198,bitcoin,2018,9,23,6,38,3,6497.135029218177,5045735208.985388,112249544419.28554,6679.615452739904,5363581386.856155,115233565245.15912,6753.8344721403255,6491.885242276883,6383.753841158382,6497.135029218177,6679.615452739904
2018-09-24 00:00:00.000,6711.029451815934,4322794079.140574,116001860055.71248,bitcoin,2018,9,24,0,39,3,6526.389451875127,4989647590.682268,112767872683.43788,6680.50379632688,5277215609.898721,115261043007.95576,6747.032172960024,6753.8344721403255,6491.885242276883,6526.389451875127,6680.50379632688
2018-09-25 00:00:00.000,6596.187313045577,4626497701.607775,114024650850.04752,bitcoin,2018,9,25,1,39,3,6575.827392692677,4993299937.711869,113634224141.09488,6675.842171511182,5255430188.366831,115192751469.2226,6711.029451815934,6747.032172960024,6753.8344721403255,6575.827392692677,6675.842171511182
2018-09-26 00:00:00.000,6441.311544542553,4580781824.213022,111360852966.35107,bitcoin,2018,9,26,2,39,3,6589.290576848526,5008726175.42454,113881535495.6326,6666.276289574967,5234288052.534987,115057894805.06795,6596.187313045577,6711.029451815934,6747.032172960024,6589.290576848526,6666.276289574967
2018-09-27 00:00:00.000,6462.795635292239,3788299697.410916,111760801180.66,bitcoin,2018,9,27,3,39,3,6600.582261724791,4781200774.323239,114091359646.4564,6651.332943119723,5179086384.803815,114831721186.55913,6441.311544542553,6596.187313045577,6711.029451815934,6600.582261724791,6651.332943119723
2018-09-28 00:00:00.000,6704.704245729721,4690261094.515134,115905890382.87776,bitcoin,2018,9,28,4,39,3,6630.984976503767,4728517727.887865,114624635343.00462,6638.956971140544,5127208324.902813,114628840634.71544,6462.795635292239,6441.311544542553,6596.187313045577,6630.984976503767,6638.956971140544
2018-09-29 00:00:00.000,6634.765964572905,3140320712.260097,114768551691.0015,bitcoin,2018,9,29,5,39,3,6613.9751897084225,4329784201.102696,114347167985.80319,6625.2242050502855,5032669243.687959,114405137714.50562,6704.704245729721,6462.795635292239,6441.311544542553,6613.9751897084225,6625.2242050502855
2018-09-30 00:00:00.000,6606.073795422076,2294291064.4914503,114265552573.72394,bitcoin,2018,9,30,6,39,3,6593.838278631572,3920463739.0912814,114012594242.91061,6611.288494658303,4889550129.462042,114177214874.10631,6634.765964572905,6704.704245729721,6462.795635292239,6593.838278631572,6611.288494658303
2018-10-01 00:00:00.000,6626.037956098487,1908960742.721659,114617564007.79602,bitcoin,2018,10,1,0,40,4,6581.696636386223,3575630405.3171506,113814837664.63684,6597.902050548189,4754519343.527355,113958256448.12279,6606.073795422076,6634.765964572905,6704.704245729721,6581.696636386223,6597.902050548189
2018-10-02 00:00:00.000,6598.841259755177,1893760872.901848,114225251470.51224,bitcoin,2018,10,2,1,40,4,6582.075771630451,3185239429.7877326,113843494896.13179,6577.4877336110685,4609047532.162755,113619742984.27005,6626.037956098487,6606.073795422076,6634.765964572905,6582.075771630451,6577.4877336110685
2018-10-03 00:00:00.000,6524.60769791521,2035903501.1612608,112814709079.4464,bitcoin,2018,10,3,2,40,4,6593.97522211226,2821685383.6374807,114051188626.57397,6551.465563508116,4455572177.049798,113180421241.29405,6598.841259755177,6626.037956098487,6606.073795422076,6593.97522211226,6551.465563508116
2018-10-04 00:00:00.000,6499.262379115219,2247969611.197428,112545036630.82414,bitcoin,2018,10,4,3,40,4,6599.184756944114,2601638228.4641256,114163222262.31172,6526.077725590362,4380116397.104102,112758558335.47517,6524.60769791521,6598.841259755177,6626.037956098487,6599.184756944114,6526.077725590362
2018-10-05 00:00:00.000,6578.701809284849,2059404665.1894455,113846158429.54834,bitcoin,2018,10,5,4,40,4,6581.18440888056,2225801595.703313,113868974840.4075,6500.052352802422,4270622111.928605,112321776057.93388,6499.262379115219,6524.60769791521,6598.841259755177,6581.18440888056,6500.052352802422
2018-10-06 00:00:00.000,6621.189363919919,1840911129.5584168,114567814410.76248,bitcoin,2018,10,6,5,40,4,6579.244894501562,2040171655.3173583,113840298086.08766,6495.261105807146,4097450294.544608,112253966742.42087,6578.701809284849,6499.262379115219,6524.60769791521,6579.244894501562,6495.261105807146
2018-10-07 00:00:00.000,6589.124681678888,1464404365.51708,114021329402.35275,bitcoin,2018,10,7,6,40,4,6576.82359253825,1921616412.606734,113805409061.60605,6498.28927477612,3927660114.3759317,112320182282.79373,6621.189363919919,6578.701809284849,6499.262379115219,6576.82359253825,6498.28927477612
2018-10-08 00:00:00.000,6584.832153052514,1499424737.458561,113962679824.78197,bitcoin,2018,10,8,0,41,4,6570.937049245968,1863111268.9977202,113711854178.31833,6504.523050869862,3830208544.2251577,112439067660.05666,6589.124681678888,6621.189363919919,6578.701809284849,6570.937049245968,6504.523050869862
2018-10-09 00:00:00.000,6653.089450830426,2081626437.463169,115167647222.33852,bitcoin,2018,10,9,1,41,4,6578.686790828147,1889949206.7921944,113846482142.86494,6520.252884205806,3771226839.8737965,112722370715.68411,6584.832153052514,6589.124681678888,6621.189363919919,6578.686790828147,6520.252884205806
2018-10-10 00:00:00.000,6633.745729917172,1741398466.9025888,114837789505.01476,bitcoin,2018,10,10,2,41,4,6594.277938256999,1847877059.0409558,114135493632.23184,6532.685581667629,3690119137.184082,112942994968.56717,6653.089450830426,6584.832153052514,6589.124681678888,6594.277938256999,6532.685581667629
2018-10-11 00:00:00.000,6582.455082387102,2070407901.701105,113987017102.36555,bitcoin,2018,10,11,3,41,4,6606.162610152982,1822511100.541481,114341490842.45206,6541.829568593312,3608978514.121945,113114354492.4654,6633.745729917172,6653.089450830426,6584.832153052514,6606.162610152982,6541.829568593312
2018-10-12 00:00:00.000,6234.367641454442,3581191342.767335,108155761830.83028,bitcoin,2018,10,12,4,41,4,6556.972014748638,2039909197.3383222,113528577042.63518,6540.344587654175,3561633924.7131066,113104573837.99655,6582.455082387102,6633.745729917172,6653.089450830426,6556.972014748638,6540.344587654175
2018-10-13 00:00:00.000,6285.592982799844,2295615181.287238,108845285496.56728,bitcoin,2018,10,13,5,41,4,6509.029674588627,2104866919.013868,112711072912.03587,6538.845212480081,3470603872.994975,113089463954.07487,6234.367641454442,6582.455082387102,6633.745729917172,6509.029674588627,6538.845212480081
2018-10-14 00:00:00.000,6314.883384422573,1851879464.8516304,109372673141.74013,bitcoin,2018,10,14,6,41,4,6469.852346409153,2160220504.6330895,112046979160.51979,6533.125937614378,3366093296.7619257,112997737670.09512,6285.592982799844,6234.367641454442,6582.455082387102,6469.852346409153,6533.125937614378
2018-10-15 00:00:00.000,6328.554760034424,1847113723.735372,109624316973.412,bitcoin,2018,10,15,0,42,4,6433.241290263711,2209890359.815491,111427213038.89551,6527.410687794972,3249310536.8152285,112907403025.94044,6314.883384422573,6285.592982799844,6234.367641454442,6433.241290263711,6527.410687794972
2018-10-16 00:00:00.000,6659.87550840943,6217858944.018429,115236573309.55289,bitcoin,2018,10,16,1,42,4,6434.210727060713,2800780717.894814,111437059622.78328,6531.732499867464,3313374124.1656413,112988752615.77397,6328.554760034424,6314.883384422573,6285.592982799844,6434.210727060713,6531.732499867464
2018-10-17 00:00:00.000,6635.125667516839,2746546151.250113,114960968517.5375,bitcoin,2018,10,17,2,42,4,6434.407861003522,2944373244.230175,111454656624.57224,6536.028405677449,3247745415.6318984,113074999492.80367,6659.87550840943,6328.554760034424,6314.883384422573,6434.407861003522,6536.028405677449
2018-10-18 00:00:00.000,6635.741832487943,2820354466.330306,114953321633.4926,bitcoin,2018,10,18,3,42,4,6442.020253875072,3051508467.7486315,111592700129.01895,6548.8824091829565,3188392855.4295564,113308103859.03848,6635.125667516839,6659.87550840943,6328.554760034424,6442.020253875072,6548.8824091829565
2018-10-19 00:00:00.000,6517.511087710534,2625598930.5728407,112970698851.37468,bitcoin,2018,10,19,4,42,4,6482.469317625941,2914995266.0065613,112280548274.81102,6554.563803591587,3126819547.7745066,113419471371.26474,6635.741832487943,6635.125667516839,6659.87550840943,6482.469317625941,6554.563803591587
2018-10-20 00:00:00.000,6483.827769471798,2652532021.929972,112394945004.92676,bitcoin,2018,10,20,5,42,4,6510.788572864792,2965983386.0983806,112787642490.29092,6557.899601202034,3035871365.0015054,113489568467.26585,6517.511087710534,6635.741832487943,6635.125667516839,6510.788572864792,6557.899601202034
2018-10-21 00:00:00.000,6532.678750383806,2387105749.143392,113214078424.96126,bitcoin,2018,10,21,6,42,4,6541.902196573539,3042444283.8543463,113336414673.60825,6559.259384805598,2946806809.32086,113524272397.86322,6483.827769471798,6517.511087710534,6635.741832487943,6541.902196573539,6559.259384805598
2018-10-22 00:00:00.000,6529.670021370842,2127987152.586655,113208108538.70483,bitcoin,2018,10,22,0,43,4,6570.632948193028,3082569059.4045296,113848384897.22151,6551.787236446616,2820024534.4152055,113407515242.773,6532.678750383806,6483.827769471798,6517.511087710534,6570.632948193028,6551.787236446616
2018-10-23 00:00:00.000,6512.589059298922,2655159954.716826,112905904007.05743,bitcoin,2018,10,23,1,43,4,6549.592026891527,2573612060.9328723,113515432139.72215,6543.972465991245,2736545389.6200547,113284126417.20917,6529.670021370842,6532.678750383806,6483.827769471798,6549.592026891527,6543.972465991245
2018-10-24 00:00:00.000,6472.799660641591,2784381146.568883,112227883463.22098,bitcoin,2018,10,24,2,43,4,6526.402597337919,2579017060.2641253,113124991417.67693,6536.0314729521015,2685264958.5343313,113158327197.45946,6512.589059298922,6529.670021370842,6532.678750383806,6526.402597337919,6536.0314729521015
2018-10-25 00:00:00.000,6481.443589558082,2607022301.561287,112363064964.16647,bitcoin,2018,10,25,3,43,4,6504.359991205082,2548541036.7256937,112754954750.63034,6532.206682169184,2617949111.866115,113102941001.26343,6472.799660641591,6512.589059298922,6529.670021370842,6504.359991205082,6532.206682169184
2018-10-26 00:00:00.000,6458.191521836801,2618534041.346836,112010056845.2184,bitcoin,2018,10,26,4,43,4,6495.885767508835,2547531766.8362646,112617720178.3223,6532.769348078992,2552540852.4372425,113124581130.559,6481.443589558082,6472.799660641591,6512.589059298922,6495.885767508835,6532.769348078992
2018-10-27 00:00:00.000,6468.826424965618,2698016930.8820057,112200801079.02805,bitcoin,2018,10,27,5,43,4,6493.742718293666,2554029610.9722695,112589985331.76535,6532.970374401439,2516198093.5529456,113139247793.83794,6458.191521836801,6481.443589558082,6472.799660641591,6493.742718293666,6532.970374401439
2018-10-28 00:00:00.000,6457.058635186671,2383295890.5582404,111998326691.92026,bitcoin,2018,10,28,6,43,4,6482.939844694075,2553485345.460105,112416306512.75949,6524.71552071667,2439299253.421049,113008995670.806,6468.826424965618,6458.191521836801,6481.443589558082,6482.939844694075,6524.71552071667
2018-10-29 00:00:00.000,6481.323141667608,2065446088.788402,112422008134.01062,bitcoin,2018,10,29,0,44,4,6476.033147593613,2544550907.77464,112304006454.94603,6519.60075995316,2403470099.305326,112930777552.23965,6457.058635186671,6468.826424965618,6458.191521836801,6476.033147593613,6519.60075995316
2018-10-30 00:00:00.000,6292.6479239344,3631795693.013341,109167179052.3813,bitcoin,2018,10,30,1,44,4,6444.612985398681,2684070298.9598565,111769902889.9923,6509.15323090357,2448053586.9227223,112760831768.1949,6481.323141667608,6457.058635186671,6468.826424965618,6444.612985398681,6509.15323090357
2018-10-31 00:00:00.000,6331.781807909807,1962209613.9889972,109890575608.1054,bitcoin,2018,10,31,2,44,4,6424.46757786557,2566617222.8770156,111436001767.83293,6499.344692630615,2449828549.2983003,112603265488.20522,6292.6479239344,6481.323141667608,6457.058635186671,6424.46757786557,6499.344692630615
2018-11-01 00:00:00.000,6366.720109554257,2042670545.032488,110487418903.24472,bitcoin,2018,11,1,3,44,4,6408.078509293594,2485995543.3729014,111168052330.5584,6491.6073209572505,2454792205.035988,112478671069.2963,6331.781807909807,6292.6479239344,6481.323141667608,6408.078509293594,6491.6073209572505
2018-11-02 00:00:00.000,6379.972972168429,2922702484.006447,110896563654.92197,bitcoin,2018,11,2,4,44,4,6396.904430769541,2529448178.03856,111008981874.80176,6486.786163432359,2484352171.130828,112414732888.4788,6366.720109554257,6331.781807909807,6292.6479239344,6396.904430769541,6486.786163432359
2018-11-03 00:00:00.000,6425.4415830402095,2675454291.399585,111528929052.5205,bitcoin,2018,11,3,5,44,4,6390.70659620877,2526224943.8267856,110913000156.72925,6484.325470229858,2498601660.4708996,112380862635.86868,6379.972972168429,6366.720109554257,6331.781807909807,6390.70659620877,6484.325470229858
2018-11-04 00:00:00.000,6388.1897883073725,2582446886.6230755,110888814023.684,bitcoin,2018,11,4,6,44,4,6380.868189511726,2554675086.121762,110754498346.98122,6477.975069530609,2516036401.185354,112282284489.00655,6425.4415830402095,6379.972972168429,6366.720109554257,6380.868189511726,6477.975069530609
2018-11-05 00:00:00.000,6351.061941056285,3198297931.7470818,110241536216.1873,bitcoin,2018,11,5,0,45,4,6362.259446567252,2716511063.6872873,110443002358.72073,6468.970822101821,2561282627.9249754,112138075215.85403,6388.1897883073725,6425.4415830402095,6379.972972168429,6362.259446567252,6468.970822101821
2018-11-06 00:00:00.000,6415.443408541094,3213571991.0860043,111383003826.06792,bitcoin,2018,11,6,1,45,4,6379.8016586539225,2656764820.554811,110759548754.96167,6463.181446330562,2619588215.44394,112050131029.97787,6351.061941056285,6388.1897883073725,6425.4415830402095,6379.8016586539225,6463.181446330562
2018-11-07 00:00:00.000,6474.847290336688,3408876943.856672,112347500910.42683,bitcoin,2018,11,7,2,45,4,6400.239584714905,2863431581.964479,111110538083.86475,6459.515284240033,2683236622.3238773,111996291732.83272,6415.443408541094,6351.061941056285,6388.1897883073725,6400.239584714905,6459.515284240033
2018-11-08 00:00:00.000,6574.801180290013,3120683820.785003,113943582818.14384,bitcoin,2018,11,8,3,45,4,6429.96545196287,3017433478.5005527,111604275785.99318,6456.90567522202,2717871868.4346056,111955489586.0262,6474.847290336688,6415.443408541094,6351.061941056285,6429.96545196287,6456.90567522202
2018-11-09 00:00:00.000,6490.454730761757,2402484611.464685,112723294658.02625,bitcoin,2018,11,9,4,45,4,6445.748560333346,2943116639.566015,111865237357.86523,6452.129308583506,2739908073.2533417,111885006424.45993,6574.801180290013,6474.847290336688,6415.443408541094,6445.748560333346,6452.129308583506
2018-11-10 00:00:00.000,6413.78203857173,2707057000.4786224,111440702127.79549,bitcoin,2018,11,10,5,45,4,6444.082911123563,2947631312.291592,111852633511.47595,6446.506873789661,2761129709.8792586,111800129258.64093,6490.454730761757,6574.801180290013,6474.847290336688,6444.082911123563,6446.506873789661
2018-11-11 00:00:00.000,6429.898792074219,1672332107.6089764,111308110603.00996,bitcoin,2018,11,11,6,45,4,6450.041340233112,2817614915.289578,111912533022.80823,6453.024578810319,2697501068.7073135,111905207551.04692,6413.78203857173,6490.454730761757,6574.801180290013,6450.041340233112,6453.024578810319
2018-11-12 00:00:00.000,6434.2845969255495,2943678893.5684266,111773252086.90736,bitcoin,2018,11,12,0,46,4,6461.930291071579,2781240766.978341,112131349575.76823,6457.980965947843,2719103192.45002,112002806437.39159,6429.898792074219,6413.78203857173,6490.454730761757,6461.930291071579,6457.980965947843
2018-11-13 00:00:00.000,6411.353436205148,2651674690.982871,111385885801.71518,bitcoin,2018,11,13,1,46,4,6461.3460093093,2700969724.106465,112131761286.57498,6461.196634340596,2745763033.321061,112069913526.05743,6434.2845969255495,6429.898792074219,6413.78203857173,6461.3460093093,6461.196634340596
2018-11-14 00:00:00.000,6394.289276264062,2890964719.217386,111126759494.65369,bitcoin,2018,11,14,2,46,4,6449.837721584639,2626982263.44371,111957369655.75024,6463.387784881584,2780558066.503795,112119994943.43214,6411.353436205148,6434.2845969255495,6429.898792074219,6449.837721584639,6463.387784881584
2018-11-15 00:00:00.000,5788.612494046974,5690409836.804629,100585460320.22012,bitcoin,2018,11,15,3,46,4,6337.5250521213475,2994085980.017942,110049066441.76115,6434.345684402835,2762976429.5966687,111631624510.45438,6394.289276264062,6411.353436205148,6434.2845969255495,6337.5250521213475,6434.345684402835
2018-11-16 00:00:00.000,5686.541131058274,4981978552.514329,98829079080.7242,bitcoin,2018,11,16,4,46,4,6222.680252163708,3362585114.4536057,108064178502.14658,6402.726199854215,2837490842.972142,111093894862.56061,5788.612494046974,6394.289276264062,6411.353436205148,6222.680252163708,6402.726199854215
2018-11-17 00:00:00.000,5609.956182334204,3236633357.0467114,97344067023.98212,bitcoin,2018,11,17,5,46,4,6107.847986986919,3438238879.6776185,106050373487.31609,6368.533344849091,2851366805.9960227,110506919708.91026,5686.541131058274,5788.612494046974,6394.289276264062,6107.847986986919,6368.533344849091
2018-11-18 00:00:00.000,5599.191595689304,2525819291.4931545,97299989131.4034,bitcoin,2018,11,18,6,46,4,5989.175530360502,3560165620.232501,104049213277.08656,6337.92269511505,2848040818.0266995,109984562718.24455,5609.956182334204,5686.541131058274,5788.612494046974,5989.175530360502,6337.92269511505
2018-11-19 00:00:00.000,5638.861481452398,2422604400.7507744,98118875508.37688,bitcoin,2018,11,19,0,47,4,5875.54365672148,3485726406.9728365,102098588051.58223,6309.7571521810705,2840376563.987393,109508693735.02621,5599.191595689304,5609.956182334204,5686.541131058274,5875.54365672148,6309.7571521810705
2018-11-20 00:00:00.000,4889.197859239111,6126269575.232113,85228342224.35999,bitcoin,2018,11,20,1,47,4,5658.092860012047,3982097104.7227283,98361796111.96005,6254.974455809582,2965015358.1903505,108575835861.67285,5638.861481452398,5599.191595689304,5609.956182334204,5658.092860012047,6254.974455809582
2018-11-21 00:00:00.000,4450.711454417822,6314969584.020993,76601948314.49545,bitcoin,2018,11,21,2,47,4,5380.438885462585,4471240656.837529,93429680229.0803,6185.675836911147,3104581439.2381616,107355630520.86588,4889.197859239111,5638.861481452398,5599.191595689304,5380.438885462585,6185.675836911147
2018-11-22 00:00:00.000,4613.44841218385,4321511764.357207,80360705527.42929,bitcoin,2018,11,22,3,47,4,5212.558302339281,4275683789.3450403,90540429544.39589,6122.371148673978,3160126499.559508,106270790571.54494,4450.711454417822,4889.197859239111,5638.861481452398,5212.558302339281,6122.371148673978
2018-11-23 00:00:00.000,4307.388731717267,3055231902.513544,75518575145.29533,bitcoin,2018,11,23,4,47,4,5015.536531004851,4000434267.9163566,87210357553.62035,6050.190784376499,3169154858.0909963,105047146960.94742,4613.44841218385,4450.711454417822,4889.197859239111,5015.536531004851,6050.190784376499
2018-11-24 00:00:00.000,4376.904946801552,3520222575.53617,76120308175.56718,bitcoin,2018,11,24,5,47,4,4839.386354500187,4040947013.414851,84178392003.84679,5980.039496284617,3199594867.2234926,103839055067.9941,4307.388731717267,4613.44841218385,4450.711454417822,4839.386354500187,5980.039496284617
2018-11-25 00:00:00.000,3895.836812958988,3115187178.442392,67756132282.086784,bitcoin,2018,11,25,6,47,4,4596.049956967284,4125142425.8361707,79957841025.373,5894.627672655354,3216149971.793344,102363924249.22305,4376.904946801552,4307.388731717267,4613.44841218385,4596.049956967284,5894.627672655354
2018-11-26 00:00:00.000,4039.836551137432,5226773378.179892,70327984591.03267,bitcoin,2018,11,26,0,48,4,4367.617824065145,4525737994.04033,75987713751.46667,5813.6613435277495,3300441853.3699408,100968163699.6232,3895.836812958988,4376.904946801552,4307.388731717267,4367.617824065145,5813.6613435277495
2018-11-27 00:00:00.000,3811.9235292664935,4652103083.720623,66796155268.6834,bitcoin,2018,11,27,1,48,4,4213.721491211915,4315142780.96726,73354544186.37001,5725.4901733304105,3376068759.8086863,99461424652.18198,4039.836551137432,3895.836812958988,4376.904946801552,4213.721491211915,5725.4901733304105
2018-11-28 00:00:00.000,3832.92451590069,4050028039.14864,66811830848.48212,bitcoin,2018,11,28,2,48,4,4125.466214280897,3991579703.1283526,71955955976.93954,5637.21021913818,3442221491.487361,97941085409.33102,3811.9235292664935,4039.836551137432,3895.836812958988,4125.466214280897,5637.21021913818
2018-11-29 00:00:00.000,4267.243628990657,4973628807.699461,74381953561.03812,bitcoin,2018,11,29,3,48,4,4076.0083881104397,4084739280.748675,71101848553.16937,5569.696742640055,3486949261.9768987,96781577892.95291,3832.92451590069,3811.9235292664935,4039.836551137432,4076.0083881104397,5569.696742640055
2018-11-30 00:00:00.000,4279.475592548712,4313265392.487118,74400715839.6163,bitcoin,2018,11,30,4,48,4,4072.0207968006466,4264458350.7448993,70942154366.6438,5501.286535461351,3565317787.9268355,95598582567.33661,4267.243628990657,3832.92451590069,3811.9235292664935,4072.0207968006466,5501.286535461351
2018-12-01 00:00:00.000,4009.6895798259993,4007783472.588205,69715049461.01839,bitcoin,2018,12,1,5,48,4,4019.561458661282,4334109907.466619,70027117407.42255,5422.718851137076,3630821552.1786933,94239503585.92906,4279.475592548712,4267.243628990657,3832.92451590069,4019.561458661282,5422.718851137076
2018-12-02 00:00:00.000,4189.573822999859,3183894471.4847646,73075855208.30002,bitcoin,2018,12,2,6,48,4,4061.5238886671204,4343925235.0441,70787077825.453,5349.70554616479,3639527951.761304,92978813304.375,4009.6895798259993,4279.475592548712,4267.243628990657,4061.5238886671204,5349.70554616479
2018-12-03 00:00:00.000,4124.593548643215,3242289555.8219714,71784475615.70909,bitcoin,2018,12,3,0,49,4,4073.632031167947,4060427546.135826,70995147971.83534,5273.01061168489,3658422460.575383,91653998189.81462,4189.573822999859,4009.6895798259993,4279.475592548712,4073.632031167947,5273.01061168489
2018-12-04 00:00:00.000,3878.839234783272,3128854932.5753694,67489136960.41757,bitcoin,2018,12,4,1,49,4,4083.191417670343,3842820667.4007897,71094145356.3688,5189.365593234087,3676636062.107126,90207342287.70575,4124.593548643215,4189.573822999859,4009.6895798259993,4083.191417670343,5189.365593234087
2018-12-05 00:00:00.000,3943.6928120656007,3255899964.55098,68592152288.35375,bitcoin,2018,12,5,2,49,4,4099.015459979616,3729373799.6011243,71348476990.63618,5109.119955601064,3678556129.867256,88819029490.1113,3878.839234783272,4124.593548643215,4189.573822999859,4099.015459979616,5109.119955601064
2018-12-06 00:00:00.000,3751.691966395661,3020004368.112703,65355774058.35723,bitcoin,2018,12,6,3,49,4,4025.365222466046,3450284593.945873,70059022775.96748,5020.328240862884,3672103875.768146,87284788497.85426,3943.6928120656007,3878.839234783272,4124.593548643215,4025.365222466046,5020.328240862884
2018-12-07 00:00:00.000,3466.763863771732,3672494312.317788,60357918912.00456,bitcoin,2018,12,7,4,49,4,3909.2635469264765,3358745868.2073975,68052908929.165794,4920.058793310718,3680891121.3835163,85551802431.24019,3751.691966395661,3943.6928120656007,3878.839234783272,3909.2635469264765,4920.058793310718
2018-12-08 00:00:00.000,3408.5236170431267,5243194483.926532,59348913269.87663,bitcoin,2018,12,8,5,49,4,3823.3826951003525,3535233155.541444,66572032330.43127,4814.516207869155,3751641476.821568,83731980112.96461,3466.763863771732,3751.691966395661,3943.6928120656007,3823.3826951003525,4814.516207869155
2018-12-09 00:00:00.000,3424.705860662601,3430203804.247037,59526617773.597786,bitcoin,2018,12,9,6,49,4,3714.115843337887,3570420203.0789113,64636426982.61666,4712.32457886585,3785898783.247646,81958757550.15034,3408.5236170431267,3466.763863771732,3751.691966395661,3714.115843337887,4712.32457886585
2018-12-10 00:00:00.000,3550.546433896889,2938443353.811616,61832986280.19322,bitcoin,2018,12,10,0,50,4,3632.1091126598403,3527013602.7917175,63214785648.97154,4616.883392043355,3793611661.692079,80305167021.89693,3424.705860662601,3408.5236170431267,3466.763863771732,3632.1091126598403,4616.883392043355
2018-12-11 00:00:00.000,3433.8084404312785,2614506143.32925,59805353928.82642,bitcoin,2018,12,11,1,50,4,3568.5332848952703,3453535204.3279862,62117102358.744225,4517.013713655258,3825017462.882755,78588408466.0908,3550.546433896889,3424.705860662601,3408.5236170431267,3568.5332848952703,4517.013713655258
2018-12-12 00:00:00.000,3378.808778413106,2720740076.8003125,58852767064.15517,bitcoin,2018,12,12,2,50,4,3487.8355658020564,3377083791.7921762,60725761612.43015,4415.164519704843,3817586168.990484,76824392298.66574,3433.8084404312785,3550.546433896889,3424.705860662601,3487.8355658020564,4415.164519704843
2018-12-13 00:00:00.000,3438.1000735289817,2552041789.9907007,59878323499.6965,bitcoin,2018,12,13,3,50,4,3443.0367239639595,3310231994.9176054,59943268675.47862,4316.056074282304,3814265072.2907457,75107473555.26512,3378.808778413106,3433.8084404312785,3550.546433896889,3443.0367239639595,4316.056074282304
2018-12-14 00:00:00.000,3294.636156545267,2620531732.8481603,57318285688.4418,bitcoin,2018,12,14,4,50,4,3418.447051503036,3159951626.421944,59509035357.82679,4212.73430362501,3805250639.4117713,73313857761.7247,3438.1000735289817,3378.808778413106,3433.8084404312785,3418.447051503036,4212.73430362501
2018-12-15 00:00:00.000,3216.6271499079407,2663819604.586118,55998515509.38865,bitcoin,2018,12,15,5,50,4,3391.0332704837233,2791469500.8018847,59030407106.32851,4127.001458820376,3704364298.337821,71827626268.03033,3294.636156545267,3438.1000735289817,3378.808778413106,3391.0332704837233,4127.001458820376
2018-12-16 00:00:00.000,3221.9762037129963,2103029919.7436216,56171263934.47407,bitcoin,2018,12,16,6,50,4,3362.0718909194943,2601873231.5871115,58551070843.59655,4044.8492945755333,3608399343.912131,70405699096.48866,3216.6271499079407,3294.636156545267,3438.1000735289817,3362.0718909194943,4044.8492945755333
2018-12-17 00:00:00.000,3217.0468349697426,1972663570.3920543,56050483689.82096,bitcoin,2018,12,17,0,51,4,3314.4290910727586,2463904691.0986023,57724999044.97193,3965.0856496633846,3566267017.6903086,69029246318.68329,3221.9762037129963,3216.6271499079407,3294.636156545267,3314.4290910727586,3965.0856496633846
2018-12-18 00:00:00.000,3506.2170132794818,3421249875.3626423,61143447505.005135,bitcoin,2018,12,18,1,51,4,3324.773172908216,2579153795.6748013,57916155270.14033,3895.3198302497244,3596114703.819292,67824028264.47001,3217.0468349697426,3221.9762037129963,3216.6271499079407,3324.773172908216,3895.3198302497244
2018-12-19 00:00:00.000,3655.775045729801,3898845061.80057,63720433230.19886,bitcoin,2018,12,19,2,51,4,3364.339782524887,2747454507.8176956,58611536151.003716,3829.216949058971,3645322725.8542852,66677413521.86409,3506.2170132794818,3217.0468349697426,3221.9762037129963,3364.339782524887,3829.216949058971
2018-12-20 00:00:00.000,3687.750553192723,4721562503.691853,64363548271.27908,bitcoin,2018,12,20,3,51,4,3400.0041367625645,3057386038.3464313,59252282546.94408,3789.1687055240914,3598499156.8029428,65981920390.09472,3655.775045729801,3506.2170132794818,3217.0468349697426,3400.0041367625645,3789.1687055240914
2018-12-21 00:00:00.000,4065.097238010126,6126325232.95458,70578857837.00003,bitcoin,2018,12,21,4,51,4,3510.0700055432585,3558213681.218777,61146649996.738106,3776.314898310501,3592211011.7673955,65781150707.51154,3687.750553192723,3655.775045729801,3506.2170132794818,3510.0700055432585,3776.314898310501
2018-12-22 00:00:00.000,3846.2274979885774,4813606168.926531,67118181896.86795,bitcoin,2018,12,22,5,51,4,3600.0129124119217,3865326047.553121,62735173766.378006,3750.7408678373254,3608614158.586373,65339733253.15949,4065.097238010126,3687.750553192723,3655.775045729801,3600.0129124119217,3750.7408678373254
2018-12-23 00:00:00.000,3960.567773408038,3568245607.7466927,68846085704.00443,bitcoin,2018,12,23,6,51,4,3705.525993796927,4074642574.410703,64545862590.59663,3739.180169227018,3625714615.4274783,65117316938.4498,3846.2274979885774,4065.097238010126,3687.750553192723,3705.525993796927,3739.180169227018
2018-12-24 00:00:00.000,3941.617740158326,3514437242.642075,68680118909.38707,bitcoin,2018,12,24,0,52,4,3809.036123109582,4294895956.1607065,66350096193.39179,3724.670595672244,3625521770.997675,64869310629.577126,3960.567773408038,3846.2274979885774,4065.097238010126,3809.036123109582,3724.670595672244
2018-12-25 00:00:00.000,4021.990255345401,5022191528.110896,70266326465.44417,bitcoin,2018,12,25,1,52,4,3882.7180148332845,4523601906.553314,67653364616.31166,3728.8757104184574,3689088582.6532917,64952983769.02237,3941.617740158326,3960.567773408038,3846.2274979885774,3882.7180148332845,3728.8757104184574
2018-12-26 00:00:00.000,3759.17842689657,4189084247.453542,65350104373.41374,bitcoin,2018,12,26,2,52,4,3897.4899264285373,4565064647.360882,67886174779.62806,3719.520439610429,3654498944.9624133,64787054428.435074,4021.990255345401,3941.617740158326,3960.567773408038,3897.4899264285373,3719.520439610429
2018-12-27 00:00:00.000,3781.613081593353,3568561115.826988,65972460015.27494,bitcoin,2018,12,27,3,52,4,3910.8988590571985,4400350163.380187,68116019314.48462,3718.5100913546576,3618380879.365959,64759597919.98813,3759.17842689657,4021.990255345401,3941.617740158326,3910.8988590571985,3718.5100913546576
2018-12-28 00:00:00.000,3587.703880138819,3386167814.2749724,62808667853.73499,bitcoin,2018,12,28,4,52,4,3842.6998079327263,4008899103.568814,67005992174.01819,3710.336070162595,3596252205.2035036,64626159153.49655,3781.613081593353,3759.17842689657,4021.990255345401,3842.6998079327263,3710.336070162595
2018-12-29 00:00:00.000,3854.421096982592,3561935968.91515,67263083067.33795,bitcoin,2018,12,29,5,52,4,3843.870322074729,3830089074.9957595,67026692341.22819,3696.57531909566,3549195777.244026,64388863470.373215,3587.703880138819,3781.613081593353,3759.17842689657,3843.870322074729,3696.57531909566
2018-12-30 00:00:00.000,3778.193939889601,3031003209.033743,66838758054.14169,bitcoin,2018,12,30,6,52,4,3817.8169172863804,3753340160.89391,66739931248.39066,3679.8659306736895,3506453704.462248,64136798210.8574,3854.421096982592,3587.703880138819,3781.613081593353,3817.8169172863804,3679.8659306736895
2018-12-31 00:00:00.000,3809.7282286410905,3109685385.4562902,66494185030.58888,bitcoin,2018,12,31,0,1,4,3798.975558498204,3695518467.0102262,66427654979.99091,3673.200552300859,3476517101.5578504,64029436063.17641,3778.193939889601,3854.421096982592,3587.703880138819,3798.975558498204,3673.200552300859
2019-01-01 00:00:00.000,3692.531565524698,2991427568.30354,64422635599.72896,bitcoin,2019,1,1,1,1,1,3751.9100313809604,3405409329.8948894,65592841999.174446,3656.632477051687,3470101538.118476,63740995409.55737,3809.7282286410905,3778.193939889601,3854.421096982592,3751.9100313809604,3656.632477051687
2019-01-02 00:00:00.000,3794.264253739717,2689877851.31483,66188448932.14009,bitcoin,2019,1,2,2,1,1,3756.9222923585535,3191236987.5893593,65712605507.56393,3645.6215005549034,3451687814.634905,63554461186.77174,3692.531565524698,3809.7282286410905,3778.193939889601,3756.9222923585535,3645.6215005549034
2019-01-03 00:00:00.000,3872.1721842228935,3263469039.3230205,67643304990.47443,bitcoin,2019,1,3,3,1,1,3769.8593070199163,3147652405.231649,65951297646.878136,3645.3992655362244,3456174951.5264926,63559600121.10697,3794.264253739717,3692.531565524698,3809.7282286410905,3769.8593070199163,3645.3992655362244
2019-01-04 00:00:00.000,3776.525807694106,2261199754.98875,65922288582.92172,bitcoin,2019,1,4,4,1,1,3796.8338680992424,2986942682.476475,66396100608.19054,3639.8270320571746,3423018277.8744187,63470604664.25924,3872.1721842228935,3794.264253739717,3692.531565524698,3796.8338680992424,3639.8270320571746
2019-01-05 00:00:00.000,3815.268079882635,2950054796.074141,66650769533.12984,bitcoin,2019,1,5,5,1,1,3791.240579942106,2899531086.356331,66308627246.160805,3641.9462358400738,3420686625.4731336,63513771180.084984,3776.525807694106,3872.1721842228935,3794.264253739717,3791.240579942106,3641.9462358400738
2019-01-06 00:00:00.000,3787.307857124285,2763831883.889694,66070973627.255455,bitcoin,2019,1,6,6,1,1,3792.5425681184893,2861363754.192895,66198943756.60561,3652.631035618492,3390397877.858864,63704206337.260025,3815.268079882635,3776.525807694106,3872.1721842228935,3792.5425681184893,3652.631035618492
2019-01-07 00:00:00.000,4013.5200912973855,3435733235.508936,70084169300.15211,bitcoin,2019,1,7,0,2,1,3821.6556913551026,2907942018.48613,66711798652.257515,3672.7975847603007,3330149169.578277,64062048204.935875,3787.307857124285,3815.268079882635,3776.525807694106,3821.6556913551026,3672.7975847603007
2019-01-08 00:00:00.000,3989.668717538764,3360163853.3972144,69602133073.71902,bitcoin,2019,1,8,1,2,1,3864.103855928541,2960618630.6423693,67451726862.82752,3691.6296799895063,3327814504.5499496,64397898714.93992,4013.5200912973855,3787.307857124285,3815.268079882635,3864.103855928541,3691.6296799895063
2019-01-09 00:00:00.000,3973.5912546157865,3482430797.632785,69418693910.45465,bitcoin,2019,1,9,2,2,1,3889.7219989108366,3073840480.116363,67913190431.15818,3705.731174013469,3345947419.3439884,64650755635.94862,3989.668717538764,4013.5200912973855,3787.307857124285,3889.7219989108366,3705.731174013469
2019-01-10 00:00:00.000,3982.225912762408,3230523440.813054,69609283899.19995,bitcoin,2019,1,10,3,2,1,3905.4439601307668,3069133966.0435104,68194044560.97611,3724.0117564245074,3366481329.2601156,64977553301.62774,3973.5912546157865,3989.668717538764,4013.5200912973855,3905.4439601307668,3724.0117564245074
2019-01-11 00:00:00.000,3623.84772910568,4144535969.992497,63326376681.34885,bitcoin,2019,1,11,4,2,1,3883.6328060467063,3338181996.7583313,67823200003.60856,3732.1797214475932,3413941192.366522,65126673622.200874,3982.225912762408,3973.5912546157865,3989.668717538764,3883.6328060467063,3732.1797214475932
2019-01-12 00:00:00.000,3632.849306434781,3263342032.794205,63121578243.94881,bitcoin,2019,1,12,5,2,1,3857.5729812684413,3382937316.289769,67319029819.439835,3738.6713625444527,3437651200.4599714,65234782113.67594,3623.84772910568,3982.225912762408,3973.5912546157865,3857.5729812684413,3738.6713625444527
2019-01-13 00:00:00.000,3598.4363465618803,2456062889.7924027,62924488425.99548,bitcoin,2019,1,13,6,2,1,3830.591336902384,3338970317.1330137,66869531933.545555,3748.7980355450063,3432168905.6914463,65421655538.26107,3632.849306434781,3623.84772910568,3982.225912762408,3830.591336902384,3748.7980355450063
2019-01-14 00:00:00.000,3495.832311307438,2675674829.818869,61050348901.5798,bitcoin,2019,1,14,0,3,1,3756.6359397609626,3230390544.8915753,65578986162.32093,3758.104874258323,3432564079.865871,65590049984.66744,3598.4363465618803,3632.849306434781,3623.84772910568,3756.6359397609626,3758.104874258323
2019-01-15 00:00:00.000,3648.04828565649,3101461657.547051,63758350560.63251,bitcoin,2019,1,15,1,3,1,3707.8330209206374,3193433088.3415523,64744160089.022865,3772.307276989773,3465845137.7926526,65842952872.20605,3495.832311307438,3598.4363465618803,3632.849306434781,3707.8330209206374,3772.307276989773
2019-01-16 00:00:00.000,3567.801243199206,2953789408.2270346,62348810149.49811,bitcoin,2019,1,16,2,3,1,3649.863019289697,3117912889.855016,63734176694.6005,3783.999090597422,3498549332.387152,66052897087.52863,3648.04828565649,3495.832311307438,3598.4363465618803,3649.863019289697,3783.999090597422
2019-01-17 00:00:00.000,3597.6473233295915,2753646523.928816,62969304894.27945,bitcoin,2019,1,17,3,3,1,3594.923220799296,3049787616.014411,62785608265.32615,3787.046767599092,3476295887.3393574,66113759000.50443,3567.801243199206,3648.04828565649,3495.832311307438,3594.923220799296,3787.046767599092
2019-01-18 00:00:00.000,3620.981281145725,3049367561.0957274,63320099663.395294,bitcoin,2019,1,18,4,3,1,3594.5137282335877,2893334986.172015,62784711548.47564,3785.8869754462894,3447979970.6491957,66100414548.27764,3597.6473233295915,3567.801243199206,3648.04828565649,3594.5137282335877,3785.8869754462894
2019-01-19 00:00:00.000,3597.7932517701506,2649449860.3668847,62898826371.85565,bitcoin,2019,1,19,5,3,1,3589.5057204243544,2805636104.3966837,62752889852.462326,3782.8883987322038,3378909549.2050304,66051590484.96353,3620.981281145725,3597.6473233295915,3567.801243199206,3589.5057204243544,3782.8883987322038
2019-01-20 00:00:00.000,3674.587270857304,2766880413.283615,64269861567.8863,bitcoin,2019,1,20,6,3,1,3600.384423895129,2850038607.752571,62945086015.589584,3769.87139982711,3266928055.215998,65841290609.32641,3597.7932517701506,3620.981281145725,3597.6473233295915,3600.384423895129,3769.87139982711
2019-01-21 00:00:00.000,3539.167531041029,2940644468.975576,61969431896.71978,bitcoin,2019,1,21,0,4,1,3606.5751695713566,2887891413.3463864,63076383586.32387,3759.6360675955248,3204495998.5509663,65669665609.32148,3674.587270857304,3597.7932517701506,3620.981281145725,3606.5751695713566,3759.6360675955248
2019-01-22 00:00:00.000,3531.004182799933,2561594564.573847,61784404483.04622,bitcoin,2019,1,22,1,4,1,3589.8545834489914,2810767542.921643,62794391289.525826,3745.317281241921,3170940963.778538,65434276235.289536,3539.167531041029,3674.587270857304,3597.7932517701506,3589.8545834489914,3745.317281241921
2019-01-23 00:00:00.000,3571.266908092869,2718371971.9030104,62482350133.95662,bitcoin,2019,1,23,2,4,1,3590.349678433801,2777136480.589639,62813468430.162766,3732.972253506406,3144405454.753903,65227683942.77518,3531.004182799933,3539.167531041029,3674.587270857304,3590.349678433801,3732.972253506406
2019-01-24 00:00:00.000,3555.7000025226243,2663764215.2983246,62216525710.040085,bitcoin,2019,1,24,3,4,1,3584.3572040328045,2764296150.7852836,62705928546.69999,3717.4292450789803,3065791210.993484,64959357250.928375,3571.266908092869,3531.004182799933,3539.167531041029,3584.3572040328045,3717.4292450789803
2019-01-25 00:00:00.000,3565.6420046170365,2514079887.672157,62397665388.19675,bitcoin,2019,1,25,4,4,1,3576.4515931001356,2687826483.1533446,62574152221.67163,3710.9780310029955,3009957732.334104,64860942618.08781,3555.7000025226243,3571.266908092869,3531.004182799933,3576.4515931001356,3710.9780310029955
2019-01-26 00:00:00.000,3564.822417111422,2582590473.407218,62386316357.47355,bitcoin,2019,1,26,5,4,1,3571.7414738631737,2678275142.1591067,62500936505.33134,3703.7516755202646,2977092044.2534456,64741404496.1611,3565.6420046170365,3555.7000025226243,3571.266908092869,3571.7414738631737,3703.7516755202646
2019-01-27 00:00:00.000,3563.614563419144,2548165746.089901,62374968460.904976,bitcoin,2019,1,27,6,4,1,3555.8882299434367,2647030189.702862,62230237490.04829,3702.948698296276,2949158641.9806094,64726947849.73344,3564.822417111422,3565.6420046170365,3555.7000025226243,3555.8882299434367,3702.948698296276
2019-01-28 00:00:00.000,3553.121681129778,2882787006.773549,62192208387.693,bitcoin,2019,1,28,0,5,1,3557.881679956115,2638764837.9597154,62262062703.04446,3692.9053844345153,2926520343.242556,64557918693.74526,3563.614563419144,3564.822417111422,3565.6420046170365,3557.881679956115,3692.9053844345153
2019-01-29 00:00:00.000,3432.215668301249,3445780457.599724,60087154448.40433,bitcoin,2019,1,29,1,5,1,3543.769035027731,2765077108.3919835,62019598412.38133,3681.3727753815697,2940346251.5280886,64332865240.22069,3553.121681129778,3563.614563419144,3564.822417111422,3543.769035027731,3681.3727753815697
2019-01-30 00:00:00.000,3413.375483249797,4865613085.112716,59768195291.00078,bitcoin,2019,1,30,2,5,1,3521.2131171930073,3071825838.850513,61631862006.244774,3668.1610172018604,2998877174.8499694,64108665582.23442,3432.215668301249,3553.121681129778,3563.614563419144,3521.2131171930073,3668.1610172018604
2019-01-31 00:00:00.000,3457.8826491759864,4973814467.106895,60555372963.791016,bitcoin,2019,1,31,3,5,1,3507.2392095720593,3401833017.680309,61394554471.06634,3660.339386656903,3064956738.143415,63979756827.703156,3413.375483249797,3432.215668301249,3553.121681129778,3507.2392095720593,3660.339386656903
2019-02-01 00:00:00.000,3431.943637864456,4330022381.196439,60101226569.37371,bitcoin,2019,2,1,4,5,1,3488.139442893119,3661253373.898063,61066491782.66305,3648.2620327943946,3119628222.4728017,63776849415.61094,3457.8826491759864,3413.375483249797,3432.215668301249,3488.139442893119,3648.2620327943946
2019-02-02 00:00:00.000,3464.490147562154,3765731026.21538,60678990333.1717,bitcoin,2019,2,2,5,5,1,3473.806261528938,3830273452.870658,60822588064.90564,3634.67263157237,3136370288.702547,63544705593.70085,3431.943637864456,3457.8826491759864,3413.375483249797,3473.806261528938,3634.67263157237
2019-02-03 00:00:00.000,3486.581616258029,3310421843.82123,61071179758.43584,bitcoin,2019,2,3,6,5,1,3462.8015547916357,3939167181.11799,60636332535.98148,3625.0078251911673,3171344358.3302965,63383001966.217995,3464.490147562154,3431.943637864456,3457.8826491759864,3462.8015547916357,3625.0078251911673
2019-02-04 00:00:00.000,3454.025843825187,2375918195.082078,60524138032.473946,bitcoin,2019,2,4,0,6,1,3448.6450066052653,3866757350.8763514,60398036770.95019,3612.9664173225856,3152206471.630561,63178780916.19613,3486.581616258029,3464.490147562154,3431.943637864456,3448.6450066052653,3612.9664173225856
2019-02-05 00:00:00.000,3464.003508861087,4454914648.715065,60723961265.783615,bitcoin,2019,2,5,1,6,1,3453.186126685243,4010919378.178543,60489009173.432945,3602.1896057138124,3208575897.1247396,63000547170.81373,3454.025843825187,3486.581616258029,3464.490147562154,3453.186126685243,3602.1896057138124
2019-02-06 00:00:00.000,3469.894677079264,3653777871.7193217,60825168548.915,bitcoin,2019,2,6,2,6,1,3461.260297232309,3837800061.979487,60640005353.13497,3584.0687585732085,3215844051.6650863,62691913812.43916,3464.003508861087,3454.025843825187,3486.581616258029,3461.260297232309,3584.0687585732085
2019-02-07 00:00:00.000,3405.836861256719,4211212356.014064,59682137962.35292,bitcoin,2019,2,7,3,6,1,3453.825184672414,3728856903.2519393,60515257495.786674,3564.60769669714,3244212335.085648,62361247308.72695,3469.894677079264,3464.003508861087,3454.025843825187,3453.825184672414,3564.60769669714
2019-02-08 00:00:00.000,3394.0146529587223,3297274818.3709226,59482397752.99235,bitcoin,2019,2,8,4,6,1,3448.406758257309,3581321537.134009,60426853379.16077,3545.288476641905,3238040469.1102524,62030037436.81155,3405.836861256719,3469.894677079264,3464.003508861087,3448.406758257309,3545.288476641905
2019-02-09 00:00:00.000,3664.282102658984,6293135761.36397,64226481382.1611,bitcoin,2019,2,9,5,6,1,3476.9484661282845,3942379356.44095,60933637814.730675,3534.690349638457,3340127546.46195,61850610686.24358,3394.0146529587223,3405.836861256719,3469.894677079264,3476.9484661282845,3534.690349638457
2019-02-10 00:00:00.000,3667.4082642899566,4883557856.511256,64286029202.05369,bitcoin,2019,2,10,6,6,1,3502.7808444185603,4167113072.539525,61392902020.9618,3536.1423674779335,3364761609.345908,61882599103.60042,3664.282102658984,3394.0146529587223,3405.836861256719,3502.7808444185603,3536.1423674779335
2019-02-11 00:00:00.000,3675.6916291247258,5081021129.885805,64439836442.25577,bitcoin,2019,2,11,0,7,1,3534.447385175637,4553556348.940058,61952287508.073494,3537.5704449009313,3425350912.582295,61926541043.543976,3667.4082642899566,3664.282102658984,3394.0146529587223,3534.447385175637,3537.5704449009313
2019-02-12 00:00:00.000,3631.444539729949,5446022475.782068,63670312531.29947,bitcoin,2019,2,12,1,7,1,3558.367532442617,4695143181.3782015,62373194831.71861,3538.670718006534,3525016232.1152835,61951401847.05411,3675.6916291247258,3667.4082642899566,3664.282102658984,3558.367532442617,3538.670718006534
2019-02-13 00:00:00.000,3633.9650467461183,5532706261.952275,63712841387.27635,bitcoin,2019,2,13,2,7,1,3581.8061566807396,4963561522.840052,62785719522.91309,3543.2751425211563,3620250613.186397,62040151596.577324,3631.444539729949,3675.6916291247258,3667.4082642899566,3581.8061566807396,3543.2751425211563
2019-02-14 00:00:00.000,3610.062273063402,5635612273.288616,63267872020.65663,bitcoin,2019,2,14,3,7,1,3610.9812155102654,5167047225.307845,63297967245.52791,3542.0089421013863,3704722300.377783,62023802311.91147,3633.9650467461183,3631.444539729949,3675.6916291247258,3610.9812155102654,3542.0089421013863
2019-02-15 00:00:00.000,3589.661829626318,11971659893.345224,62991824523.89914,bitcoin,2019,2,15,4,7,1,3638.930812177065,6406245093.161316,63799313927.08602,3542.7376283156236,4005317983.215056,62045236124.391495,3610.062273063402,3633.9650467461183,3631.444539729949,3638.930812177065,3542.7376283156236
2019-02-16 00:00:00.000,3601.2291913968643,4506367416.966915,63165603231.85129,bitcoin,2019,2,16,5,7,1,3629.9232534253338,6150992472.533166,63647759905.61318,3542.857023917866,4063742012.9829926,62051779402.31056,3589.661829626318,3610.062273063402,3633.9650467461183,3629.9232534253338,3542.857023917866
2019-02-17 00:00:00.000,3622.591653075072,4019925054.643214,63547140519.07759,bitcoin,2019,2,17,6,7,1,3623.5208803946357,6027616357.980588,63542204379.47375,3542.9107029821776,4096093929.4345756,62059347430.833305,3601.2291913968643,3589.661829626318,3610.062273063402,3623.5208803946357,3542.9107029821776
2019-02-18 00:00:00.000,3665.075530800723,4945386865.287532,64383522064.40136,bitcoin,2019,2,18,0,8,1,3622.004294919778,6008240034.46655,63534159468.351685,3545.15344561653,4172625162.9319305,62108837287.251495,3622.591653075072,3601.2291913968643,3589.661829626318,3622.004294919778,3545.15344561653
2019-02-19 00:00:00.000,3886.5202004751386,9588927258.746944,68147457622.522125,bitcoin,2019,2,19,1,8,1,3658.4436750262334,6600083574.890103,64173751624.24065,3552.2178766037914,4400026724.447375,62238090489.072685,3665.075530800723,3622.591653075072,3601.2291913968643,3658.4436750262334,3552.2178766037914
2019-02-20 00:00:00.000,3915.0099712770552,5969708630.056735,68719418872.04398,bitcoin,2019,2,20,2,8,1,3698.592949959225,6662512484.619311,64888976979.20744,3564.745957944992,4500995529.816747,62463090054.91683,3886.5202004751386,3665.075530800723,3622.591653075072,3698.592949959225,3564.745957944992
2019-02-21 00:00:00.000,3976.808906528991,6377580055.125392,69790459105.50142,bitcoin,2019,2,21,3,8,1,3750.9853261685944,6768507882.024566,65820775134.185265,3579.6061154026274,4628195046.168466,62729958542.332,3915.0099712770552,3886.5202004751386,3665.075530800723,3750.9853261685944,3579.6061154026274
2019-02-22 00:00:00.000,3934.813593894817,6838246918.228343,69059468752.51183,bitcoin,2019,2,22,4,8,1,3800.2927210640946,6035163171.293582,66687581452.55851,3591.724338262692,4765524211.045976,62949195829.61718,3976.808906528991,3915.0099712770552,3886.5202004751386,3800.2927210640946,3591.724338262692
2019-02-23 00:00:00.000,3973.641322774636,5999302845.797907,69748877117.19371,bitcoin,2019,2,23,5,8,1,3853.4944541180616,6248439661.126581,67628049150.46458,3605.655715604426,4876708832.062629,63200274209.85563,3934.813593894817,3976.808906528991,3915.0099712770552,3853.4944541180616,3605.655715604426
2019-02-24 00:00:00.000,4115.337926787664,8493566414.707253,72266544791.73584,bitcoin,2019,2,24,6,8,1,3923.8867789341466,6887531283.992873,68873678332.2729,3623.978913010114,5076025049.630465,63529236856.64027,3973.641322774636,3934.813593894817,3976.808906528991,3923.8867789341466,3623.978913010114
2019-02-25 00:00:00.000,3742.868946700387,11112465191.137722,66108588220.39571,bitcoin,2019,2,25,0,9,1,3935.00012406267,7768542473.400042,69120116354.5578,3629.913797329746,5360354206.888149,63653312585.404335,4115.337926787664,3973.641322774636,3934.813593894817,3935.00012406267,3629.913797329746
2019-02-26 00:00:00.000,3824.683504217102,9049456993.516651,67154603799.94677,bitcoin,2019,2,26,1,9,1,3926.166310311522,7691475292.652858,68978280094.1899,3638.6160953563444,5577063915.135708,63812633763.3724,3742.868946700387,4115.337926787664,3973.641322774636,3926.166310311522,3638.6160953563444
2019-02-27 00:00:00.000,3809.209774682024,2992667601.164757,66890485485.37128,bitcoin,2019,2,27,2,9,1,3911.0519965122317,7266183717.096861,68717003896.093796,3647.152365141419,5580726601.615414,63969242999.96168,3824.683504217102,3742.868946700387,4115.337926787664,3911.0519965122317,3647.152365141419
2019-02-28 00:00:00.000,3813.377891881294,7731184275.97685,67155912259.18905,bitcoin,2019,2,28,3,9,1,3887.7047087054184,7459555748.647069,68340640060.90632,3659.8577725940872,5723573395.561318,64204868260.32117,3809.209774682024,3824.683504217102,3742.868946700387,3887.7047087054184,3659.8577725940872
2019-03-01 00:00:00.000,3815.607607524984,7627783000.608827,67016664287.2375,bitcoin,2019,3,1,4,9,1,3870.6752820811557,7572346617.558568,68048810851.58141,3673.265510069927,5815645726.077855,64446483893.52905,3813.377891881294,3809.209774682024,3824.683504217102,3870.6752820811557,3673.265510069927
2019-03-02 00:00:00.000,3815.753939922755,5524886886.074838,67085713233.78275,bitcoin,2019,3,2,5,9,1,3848.1199416737445,7504572909.0267,67668358868.23699,3685.194553094819,5834014806.710119,64664161902.52878,3815.607607524984,3813.377891881294,3809.209774682024,3848.1199416737445,3685.194553094819
2019-03-03 00:00:00.000,3819.645730582585,3291046239.4080496,67101767698.9016,bitcoin,2019,3,3,6,9,1,3805.878199358733,6761355741.126814,66930533569.260666,3698.1179561854237,5799382268.650507,64897513273.51305,3815.753939922755,3815.607607524984,3813.377891881294,3805.878199358733,3698.1179561854237
2019-03-04 00:00:00.000,3806.954273797957,6749676086.649796,66885712070.35212,bitcoin,2019,3,4,0,10,1,3815.033246086957,6138100154.771395,67041551262.11159,3709.53342705995,5898847103.998322,65104403998.08572,3819.645730582585,3815.753939922755,3815.607607524984,3815.033246086957,3709.53342705995
2019-03-05 00:00:00.000,3712.812457297799,3608196680.951456,65238057881.55198,bitcoin,2019,3,5,1,10,1,3799.051667955628,5360777252.976367,66767758988.05518,3717.074455094609,5908772931.902662,65243299935.52293,3806.954273797957,3819.645730582585,3815.753939922755,3799.051667955628,3717.074455094609
2019-03-06 00:00:00.000,3852.461665785486,9088065055.193892,67733767403.2078,bitcoin,2019,3,6,2,10,1,3805.2305095418374,6231548317.837672,66888227833.4604,3730.3556491599525,6132511160.573055,65483620914.547386,3712.812457297799,3806.954273797957,3819.645730582585,3805.2305095418374,3730.3556491599525
2019-03-07 00:00:00.000,3860.510762380684,8477459044.147217,67888909504.19791,bitcoin,2019,3,7,3,10,1,3811.9637767560353,6338158999.004868,66992941725.604515,3743.572557610606,6266595973.754127,65722452522.49453,3852.461665785486,3712.812457297799,3806.954273797957,3811.9637767560353,3743.572557610606
2019-03-08 00:00:00.000,3871.637247965991,6098011809.539175,68020879276.31612,bitcoin,2019,3,8,4,10,1,3819.9680111047514,6119620257.42349,67136401009.75861,3756.9639766401638,6348070438.348123,65962309546.741234,3860.510762380684,3852.461665785486,3712.812457297799,3819.9680111047514,3756.9639766401638
2019-03-09 00:00:00.000,3861.879307396147,9387592412.254822,67914021946.078575,bitcoin,2019,3,9,5,10,1,3826.5573493152356,6671435332.592057,67254730825.80088,3772.165391511478,6520616440.222814,66236705679.5321,3871.637247965991,3860.510762380684,3852.461665785486,3826.5573493152356,3772.165391511478
2019-03-10 00:00:00.000,3941.600873271771,8968209821.64562,69292799411.19722,bitcoin,2019,3,10,6,10,1,3843.9795125565474,7482458701.48314,67567735356.12882,3790.418265521913,6709647606.998638,66563719068.138916,3861.879307396147,3871.637247965991,3860.510762380684,3843.9795125565474,3790.418265521913
2019-03-11 00:00:00.000,3923.559788806432,8576340543.966685,68962957216.01791,bitcoin,2019,3,11,0,11,1,3860.637443272044,7743410766.814123,67864484662.652504,3799.060855060161,6785754433.085394,66721601595.93415,3941.600873271771,3861.879307396147,3871.637247965991,3860.637443272044,3799.060855060161
2019-03-12 00:00:00.000,3860.359230028712,6459945402.485972,67983966610.10971,bitcoin,2019,3,12,1,11,1,3881.715553662175,8150803441.319055,68256757338.16075,3805.4925539181195,6838300684.617885,66844866176.202675,3923.559788806432,3941.600873271771,3861.879307396147,3881.715553662175,3805.4925539181195
2019-03-13 00:00:00.000,3876.480852754649,8326845840.668451,68203157396.32404,bitcoin,2019,3,13,2,11,1,3885.1468660863407,8042057839.243991,68323813051.463066,3812.185528039117,6946494841.643972,66970310208.00497,3860.359230028712,3923.559788806432,3941.600873271771,3885.1468660863407,3812.185528039117
2019-03-14 00:00:00.000,3865.817782663389,7240802846.749305,67968370343.91208,bitcoin,2019,3,14,3,11,1,3885.9050118410128,7865392668.187148,68335164599.99367,3819.9979694702315,7006320854.009547,67113578801.758705,3876.480852754649,3860.359230028712,3923.559788806432,3885.9050118410128,3819.9979694702315
2019-03-15 00:00:00.000,3876.6987080329527,8610482287.345255,68177693410.06057,bitcoin,2019,3,15,4,11,1,3886.6280775648643,8224317022.159445,68357566619.10001,3828.089091513126,7108913388.189314,67262407202.51818,3865.817782663389,3876.480852754649,3860.359230028712,3886.6280775648643,3828.089091513126
2019-03-16 00:00:00.000,3925.460579704576,8157372614.811613,69031558676.15643,bitcoin,2019,3,16,5,11,1,3895.7111164660687,8048571336.810415,68517214723.39685,3838.6023684011657,7192972066.240081,67454530091.03484,3876.6987080329527,3865.817782663389,3876.480852754649,3895.7111164660687,3838.6023684011657
2019-03-17 00:00:00.000,4007.709463818873,8463266884.802993,70497099778.1464,bitcoin,2019,3,17,6,11,1,3905.1552008299404,7976436631.547182,68689257632.96102,3852.5372895409173,7076025632.622006,67704705932.843094,3925.460579704576,3876.6987080329527,3865.817782663389,3905.1552008299404,3852.5372895409173
2019-03-18 00:00:00.000,3980.990104732021,6533306536.989777,70051219293.32379,bitcoin,2019,3,18,0,12,1,3913.3595316764527,7684574630.550482,68844723644.00471,3865.1959866520892,7143590269.956101,67934226468.2255,4007.709463818873,3925.460579704576,3876.6987080329527,3913.3595316764527,3865.1959866520892
2019-03-19 00:00:00.000,3986.7068940461463,7639543944.601985,70152235369.2381,bitcoin,2019,3,19,1,12,1,3931.409197964658,7853088707.9956255,69154476323.8802,3877.333161351125,7264244232.954727,68154396296.564186,3980.990104732021,4007.709463818873,3925.460579704576,3931.409197964658,3877.333161351125
2019-03-20 00:00:00.000,4013.576969345481,7503839510.974511,70618508801.77231,bitcoin,2019,3,20,2,12,1,3950.994357477634,7735516375.182205,69499526524.65852,3888.9498759692838,7349525987.81096,68362229187.80989,3986.7068940461463,3980.990104732021,4007.709463818873,3950.994357477634,3888.9498759692838
2019-03-21 00:00:00.000,4045.57263350974,9137227916.145351,71208656536.95811,bitcoin,2019,3,21,3,12,1,3976.6736218842557,8006434242.238783,69962424552.23653,3894.2516237371033,7334469343.057573,68464269151.62442,4013.576969345481,3986.7068940461463,3980.990104732021,3976.6736218842557,3894.2516237371033
2019-03-22 00:00:00.000,3983.317781297362,9845582434.366615,70175421257.0859,bitcoin,2019,3,22,4,12,1,3991.904918064886,8182877120.384691,70247814244.66872,3896.5285507377803,7463665136.53457,68512802564.459145,4045.57263350974,4013.576969345481,3986.7068940461463,3991.904918064886,3896.5285507377803
2019-03-23 00:00:00.000,3989.1584912154526,9404569962.845264,70227188528.50433,bitcoin,2019,3,23,5,12,1,4001.0046197092965,8361048170.103785,70418618509.28984,3896.940203560662,7564564800.125232,68527360211.892586,3983.317781297362,4045.57263350974,4013.576969345481,4001.0046197092965,3896.940203560662
2019-03-24 00:00:00.000,4008.945386314754,9206940724.647112,70485598083.6817,bitcoin,2019,3,24,6,12,1,4001.181180065851,8467287290.081515,70416975410.08061,3899.411263307994,7643521260.3391905,68574897856.26491,3989.1584912154526,3983.317781297362,4045.57263350974,4001.181180065851,3899.411263307994
2019-03-25 00:00:00.000,3993.394900459549,9883972400.782845,70330401859.60312,bitcoin,2019,3,25,0,13,1,4002.953293741212,8945953842.051954,70456858633.83481,3900.0697158974904,7773010245.505355,68594282014.34522,4008.945386314754,3989.1584912154526,3983.317781297362,4002.953293741212,3900.0697158974904
2019-03-26 00:00:00.000,3927.577296521434,10661215003.017866,69206266248.88437,bitcoin,2019,3,26,1,13,1,3994.506208380539,9377621136.111366,70321720188.06998,3893.8110282219495,7845265198.449042,68492272729.58351,3993.394900459549,4008.945386314754,3989.1584912154526,3994.506208380539,3893.8110282219495
2019-03-27 00:00:00.000,3938.659743156943,19375985748.468597,69368692535.334,bitcoin,2019,3,27,2,13,1,3983.803747496462,11073642027.18195,70143175007.15022,3900.3373881038347,8120715883.693405,68600942873.41479,3927.577296521434,3993.394900459549,4008.945386314754,3983.803747496462,3900.3373881038347
2019-03-28 00:00:00.000,4036.16091792076,16215886403.31156,71134892682.49236,bitcoin,2019,3,28,3,13,1,3982.4592166980365,12084878953.91998,70132637313.6551,3907.38663522729,8359596864.019901,68733619169.49965,3938.659743156943,3927.577296521434,3993.394900459549,3982.4592166980365,3907.38663522729
2019-03-29 00:00:00.000,4028.3913011796208,15160882530.764353,70961529493.34933,bitcoin,2019,3,29,4,13,1,3988.8982909669307,12844207539.119658,70244938490.26418,3914.6926861105435,8765204028.339888,68869320636.43224,4036.16091792076,3938.659743156943,3927.577296521434,3988.8982909669307,3914.6926861105435
2019-03-30 00:00:00.000,4103.322859513963,16340416942.468424,72303023146.20026,bitcoin,2019,3,30,5,13,1,4005.207486438146,13835042821.922968,70541486292.79216,3924.357518364966,9052178450.556274,69040890999.33261,4028.3913011796208,4036.16091792076,3938.659743156943,4005.207486438146,3924.357518364966
2019-03-31 00:00:00.000,4103.856421333923,13007834059.593706,72305792937.3489,bitcoin,2019,3,31,6,13,1,4018.766205726599,14378027584.058193,70801514129.03033,3933.965812158597,9231513485.85577,69217195287.66966,4103.322859513963,4028.3913011796208,4036.16091792076,4018.766205726599,3933.965812158597
2019-04-01 00:00:00.000,4103.521738549332,9729996888.256723,72310769858.13646,bitcoin,2019,4,1,0,14,2,4034.4986111679964,14356031082.268747,71084423843.10652,3943.5580721128163,9371683819.261833,69391363841.81479,4103.856421333923,4103.322859513963,4028.3913011796208,4034.4986111679964,3943.5580721128163
2019-04-02 00:00:00.000,4146.321927706636,12393581266.933498,73066822741.99345,bitcoin,2019,4,2,1,14,2,4065.747844194454,14603511977.113836,71635931913.55069,3954.447278683618,9675101653.512682,69590199009.91785,4103.521738549332,4103.856421333923,4103.322859513963,4065.747844194454,3954.447278683618
2019-04-03 00:00:00.000,4862.230427766917,24241877355.46616,86200568432.5752,bitcoin,2019,4,3,2,14,2,4197.68651342445,15298639349.542063,74040485613.15657,3989.6231504825837,10258175029.139893,70234027555.32529,4146.321927706636,4103.521738549332,4103.856421333923,4197.68651342445,3989.6231504825837
2019-04-04 00:00:00.000,4955.831824018296,27840300618.851505,87673795383.52638,bitcoin,2019,4,4,3,14,2,4329.068071438384,16959269951.762054,76403185999.01857,4031.0571293732664,11065911827.069895,70981885472.05777,4862.230427766917,4146.321927706636,4103.521738549332,4329.068071438384,4031.0571293732664
2019-04-05 00:00:00.000,4899.021553783287,23773239680.778236,86482892583.41296,bitcoin,2019,4,5,4,14,2,4453.443821810337,18189606687.47832,78620523583.31337,4065.942458973193,11555417647.922707,71606856311.39793,4955.831824018296,4862.230427766917,4146.321927706636,4453.443821810337,4065.942458973193
2019-04-06 00:00:00.000,5014.955826888765,20072621554.053333,88332459637.7143,bitcoin,2019,4,6,5,14,2,4583.67710286388,18722778774.847595,80910443082.10109,4104.4239611234625,11941923064.919579,72288307982.51515,4899.021553783287,4955.831824018296,4862.230427766917,4583.67710286388,4104.4239611234625
2019-04-07 00:00:00.000,5041.869075888309,19652913084.11381,88955701285.46048,bitcoin,2019,4,7,6,14,2,4717.678910657363,19672075778.350468,83289001417.54561,4143.431688720873,12393753107.405397,72986135382.81996,5014.955826888765,4899.021553783287,4955.831824018296,4717.678910657363,4143.431688720873
2019-04-08 00:00:00.000,5176.97788362072,22875598540.26693,91102196906.19292,bitcoin,2019,4,8,0,15,2,4871.029788524705,21550018871.49478,85973490995.83939,4187.268307928359,12843353311.672468,73759074548.15709,5041.869075888309,5014.955826888765,4899.021553783287,4871.029788524705,4187.268307928359
2019-04-09 00:00:00.000,5266.89477647303,21960916922.811954,92817357385.16908,bitcoin,2019,4,9,1,15,2,5031.111624062761,22916781108.048847,88794995944.86447,4231.444771368401,13276443548.378014,74543226480.62283,5176.97788362072,5041.869075888309,5014.955826888765,5031.111624062761,4231.444771368401
2019-04-10 00:00:00.000,5172.1752647597095,15780870292.553698,91255525157.87744,bitcoin,2019,4,10,2,15,2,5075.389457918874,21708065813.34707,89517132619.90764,4273.0652872335095,13516594539.997581,75286312078.68481,5266.89477647303,5176.97788362072,5041.869075888309,5075.389457918874,4273.0652872335095
2019-04-11 00:00:00.000,5308.905683164441,19407452726.86936,93646653914.38364,bitcoin,2019,4,11,3,15,2,5125.828580654037,20503373257.349617,90370398124.31583,4321.350169004701,13948178117.477026,76141734988.82729,5172.1752647597095,5266.89477647303,5176.97788362072,5125.828580654037,4321.350169004701
2019-04-12 00:00:00.000,5047.79316241402,19758274668.34452,89079171479.86378,bitcoin,2019,4,12,4,15,2,5147.081667601285,19929806827.001945,90741295109.52309,4360.3939126600135,14329225745.066229,76837602124.94527,5308.905683164441,5172.1752647597095,5266.89477647303,5147.081667601285,4360.3939126600135
2019-04-13 00:00:00.000,5082.46515242293,15595642633.838465,89668931907.92058,bitcoin,2019,4,13,5,15,2,5156.7258569633095,19290238409.828392,90932219719.55257,4400.948824985331,14607720404.635866,77560954177.07889,5047.79316241402,5308.905683164441,5172.1752647597095,5156.7258569633095,4400.948824985331
2019-04-14 00:00:00.000,5072.987191337883,12260233700.583128,89473995793.9539,bitcoin,2019,4,14,6,15,2,5161.171302027534,18234141355.038296,91006261792.19447,4440.825107762163,14729378785.07713,78270830923.20866,5082.46515242293,5047.79316241402,5308.905683164441,5161.171302027534,4440.825107762163
2019-04-15 00:00:00.000,5149.314492798127,12373544680.894629,90952758268.0811,bitcoin,2019,4,15,0,16,2,5157.219389052878,16733847946.556536,90984913415.32137,4481.620238198613,14869917853.946564,79001537576.27281,5072.987191337883,5082.46515242293,5047.79316241402,5157.219389052878,4481.620238198613
2019-04-16 00:00:00.000,5039.881017404402,13837248984.63684,89148028192.09521,bitcoin,2019,4,16,1,16,2,5124.788852043073,15573323955.388662,90460723530.59653,4516.025956651464,15049050590.607693,79623235190.0711,5149.314492798127,5072.987191337883,5082.46515242293,5124.788852043073,4516.025956651464
2019-04-17 00:00:00.000,5213.598376962082,13646324289.841606,91835875597.91148,bitcoin,2019,4,17,2,16,2,5130.7064395005555,15268388812.144077,90543630736.31567,4557.112899059134,15286151182.36942,80349390400.22404,5039.881017404402,5149.314492798127,5072.987191337883,5130.7064395005555,4557.112899059134
2019-04-18 00:00:00.000,5218.957150384528,14530488675.954275,92156851198.58775,bitcoin,2019,4,18,3,16,2,5117.856649103424,14571679662.013353,90330801776.91626,4598.187907603747,15515849340.081163,81082877594.53569,5213.598376962082,5039.881017404402,5149.314492798127,5117.856649103424,4598.187907603747
2019-04-19 00:00:00.000,5274.767013336503,15343841014.064018,93215173176.98566,bitcoin,2019,4,19,4,16,2,5150.281484949494,13941046282.830423,90921659162.21938,4640.227575736781,15777182723.517479,81836099740.37614,5218.957150384528,5213.598376962082,5039.881017404402,5150.281484949494,4640.227575736781
2019-04-20 00:00:00.000,5280.354444383007,16257796673.886168,93210585886.91354,bitcoin,2019,4,20,5,16,2,5178.551383800934,14035639717.122952,91427609730.64696,4681.386969432556,16014535015.442173,82569497385.37465,5274.767013336503,5218.957150384528,5213.598376962082,5178.551383800934,4681.386969432556
2019-04-21 00:00:00.000,5307.689183437135,14990889921.786966,93900276128.91374,bitcoin,2019,4,21,6,16,2,5212.080239815112,14425733463.009214,92059935492.78407,4725.532682837215,16186045265.022852,83360325881.10225,5280.354444383007,5274.767013336503,5218.957150384528,5212.080239815112,4725.532682837215
2019-04-22 00:00:00.000,5311.164840299274,16383813161.830387,93759009855.06888,bitcoin,2019,4,22,0,17,2,5235.201718029562,14998628960.285751,92460828576.63945,4769.599561140009,16418686704.989021,84144719925.32108,5307.689183437135,5280.354444383007,5274.767013336503,5235.201718029562,4769.599561140009
2019-04-23 00:00:00.000,5380.935789575588,17199396916.729523,94990455842.8902,bitcoin,2019,4,23,1,17,2,5283.923828339731,15478935807.727564,93295461098.18161,4815.332574582037,16685101911.391771,84961548517.29468,5311.164840299274,5307.689183437135,5280.354444383007,5283.923828339731,4815.332574582037
2019-04-24 00:00:00.000,5557.9257276108365,19400647819.940308,98039931169.25388,bitcoin,2019,4,24,2,17,2,5333.113449860982,16300982026.313093,94181754751.23051,4867.483602153747,17002324425.363686,85885199494.28304,5380.935789575588,5311.164840299274,5307.689183437135,5333.113449860982,4867.483602153747
2019-04-25 00:00:00.000,5452.101753394462,20538511242.262634,96218396013.24342,bitcoin,2019,4,25,3,17,2,5366.4198217195435,17159270964.357143,94761975439.03847,4918.301084049514,17331567633.338512,86785603819.76167,5557.9257276108365,5380.935789575588,5311.164840299274,5366.4198217195435,4918.301084049514
2019-04-26 00:00:00.000,5203.088598730703,19329534423.79327,91817406863.89629,bitcoin,2019,4,26,4,17,2,5356.180048204429,17728655737.17561,94562294537.16856,4960.44871256864,17330019255.849335,87533894297.38042,5452.101753394462,5557.9257276108365,5380.935789575588,5356.180048204429,4960.44871256864
2019-04-27 00:00:00.000,5295.847320048228,19632024917.711243,93049690718.15042,bitcoin,2019,4,27,5,17,2,5358.393316156604,18210688343.436333,94539309513.05954,5002.438259306222,17443890539.662655,88264387565.23569,5203.088598730703,5452.101753394462,5557.9257276108365,5358.393316156604,5002.438259306222
2019-04-28 00:00:00.000,5256.977802474059,14876251954.397636,93148101239.95938,bitcoin,2019,4,28,6,17,2,5351.148833161879,18194311490.95214,94431855957.49464,5043.391142682703,17434402853.783764,89003939956.78935,5295.847320048228,5203.088598730703,5452.101753394462,5351.148833161879,5043.391142682703
2019-04-29 00:00:00.000,5257.803249232503,15573084968.740429,92775167509.00262,bitcoin,2019,4,29,0,18,2,5343.525748723769,18078493177.653576,94291307050.91374,5081.873822339988,17408825121.326164,89686344768.88277,5256.977802474059,5295.847320048228,5203.088598730703,5343.525748723769,5081.873822339988
2019-04-30 00:00:00.000,5199.755008563461,15442022886.730194,91885324029.79892,bitcoin,2019,4,30,1,18,2,5317.64278000775,17827439744.79653,93847716791.90071,5118.403775247639,17489964748.89738,90338995805.29778,5257.803249232503,5256.977802474059,5295.847320048228,5317.64278000775,5118.403775247639
2019-05-01 00:00:00.000,5292.803974562054,16794865767.201723,93534079555.95956,bitcoin,2019,5,1,2,18,2,5279.768243857924,17455185165.833874,93204023704.28723,5158.046516448064,17725460378.19555,91046439461.89188,5199.755008563461,5257.803249232503,5256.977802474059,5279.768243857924,5158.046516448064
2019-05-02 00:00:00.000,5354.5868001739655,14566414699.69271,94579889910.03488,bitcoin,2019,5,2,3,18,2,5265.837536254997,16602028516.895315,92969951403.82886,5198.322012196974,17797888159.28752,91763541700.8266,5292.803974562054,5199.755008563461,5257.803249232503,5265.837536254997,5198.322012196974
2019-05-03 00:00:00.000,5450.706620486424,16512618030.609243,96389607751.5058,bitcoin,2019,5,3,4,18,2,5301.2115393629565,16199611889.297596,93623122959.20166,5217.937885287624,17540246181.79229,92103176344.79095,5354.5868001739655,5292.803974562054,5199.755008563461,5301.2115393629565,5217.937885287624
2019-05-04 00:00:00.000,5731.493099606555,20006287572.082245,101175865117.03496,bitcoin,2019,5,4,5,18,2,5363.446650728431,16253077982.77917,94784005016.18517,5243.793261140566,17279112413.56665,92553245335.9079,5450.706620486424,5354.5868001739655,5292.803974562054,5363.446650728431,5243.793261140566
2019-05-05 00:00:00.000,5803.943309048437,19242843059.82611,102653043813.21808,bitcoin,2019,5,5,6,18,2,5441.584580239057,16876876712.126095,96141853955.22212,5273.957319649405,17128099192.868246,93092250376.9014,5731.493099606555,5450.706620486424,5354.5868001739655,5441.584580239057,5273.957319649405
2019-05-06 00:00:00.000,5749.323780460327,16184057012.270828,101764683178.68076,bitcoin,2019,5,6,0,19,2,5511.80179898589,16964158432.630436,97426070479.46184,5298.436251435123,16998480374.808828,93539991161.60028,5803.943309048437,5731.493099606555,5450.706620486424,5511.80179898589,5298.436251435123
2019-05-07 00:00:00.000,5715.7571359661015,16811224132.040009,101101531131.03914,bitcoin,2019,5,7,1,19,2,5585.5163886148375,17159758610.53184,98742671493.92473,5320.899186771049,16903757409.739704,93944852156.4529,5749.323780460327,5803.943309048437,5731.493099606555,5585.5163886148375,5320.899186771049
2019-05-08 00:00:00.000,5841.053771273751,19408267639.192204,103982497546.43156,bitcoin,2019,5,8,2,19,2,5663.83778814508,17533101735.101906,100235302635.42073,5343.035049692818,16788179713.03721,94374195511.12752,5715.7571359661015,5749.323780460327,5803.943309048437,5663.83778814508,5343.035049692818
2019-05-09 00:00:00.000,5957.856732858399,16672412472.112144,105271848239.8506,bitcoin,2019,5,9,3,19,2,5750.019207099999,17833958559.733253,101762725253.96585,5366.0671149056625,16611896231.347218,94789345206.28355,5841.053771273751,5715.7571359661015,5749.323780460327,5750.019207099999,5366.0671149056625
2019-05-10 00:00:00.000,6168.268996398258,18401396126.039757,109284325643.20634,bitcoin,2019,5,10,4,19,2,5852.5281179445465,18103784001.937614,103604827809.92307,5399.270239293614,16699247092.463417,95390305222.4612,5957.856732858399,5841.053771273751,5715.7571359661015,5852.5281179445465,5399.270239293614
2019-05-11 00:00:00.000,6370.233758607852,20801839693.04227,112684642518.92992,bitcoin,2019,5,11,5,19,2,5943.77678351616,18217434304.931904,105248938867.33664,5434.647841808396,16745726658.002516,96024904842.61275,6168.268996398258,5957.856732858399,5841.053771273751,5943.77678351616,5434.647841808396
2019-05-12 00:00:00.000,7258.261280655222,32480039429.76877,129323693413.35974,bitcoin,2019,5,12,6,19,2,6151.536493745701,20108462357.780853,109059031667.35686,5508.330112416436,17169785483.383326,97366388907.0626,6370.233758607852,6168.268996398258,5957.856732858399,6151.536493745701,5508.330112416436
2019-05-13 00:00:00.000,6953.75138858638,31545333636.53804,122826926577.3603,bitcoin,2019,5,13,0,20,2,6323.597580620852,22302930446.961884,112067923581.45396,5570.70632028855,17701441850.139977,98471655396.04393,7258.261280655222,6370.233758607852,6168.268996398258,6323.597580620852,5570.70632028855
2019-05-14 00:00:00.000,7805.98164948938,32078035930.772472,138089773338.27194,bitcoin,2019,5,14,1,20,2,6622.201082552749,24483903561.066525,117351958182.4872,5661.806135560268,18362035257.812954,100092181314.18788,6953.75138858638,7258.261280655222,6370.233758607852,6622.201082552749,5661.806135560268
2019-05-15 00:00:00.000,7990.055553534356,35426123184.643654,141341132028.998,bitcoin,2019,5,15,2,20,2,6929.2013371614075,26772168638.98816,122688905965.71097,5756.497504251474,19130454541.271255,101771793772.8851,7805.98164948938,6953.75138858638,7258.261280655222,6929.2013371614075,5756.497504251474
2019-05-16 00:00:00.000,8192.223138952013,30893707828.03641,144615566025.01224,bitcoin,2019,5,16,3,20,2,7248.396538031922,28803782261.263054,128309437077.87692,5861.575574969728,19699003169.384575,103620711700.649,7990.055553534356,7805.98164948938,6953.75138858638,7248.396538031922,5861.575574969728
2019-05-17 00:00:00.000,7875.913199526066,35026947533.93092,139525363820.16046,bitcoin,2019,5,17,4,20,2,7492.345709907325,31178861033.818935,132629585388.87036,5950.319402388528,20411690610.85422,105210361308.0573,8192.223138952013,7990.055553534356,7805.98164948938,7492.345709907325,5950.319402388528
2019-05-18 00:00:00.000,7343.371457162994,33030146385.78164,130123159718.19748,bitcoin,2019,5,18,5,20,2,7631.365381129487,32925761989.924557,135120802131.62288,6021.133212614476,21028345867.84846,106475904925.37762,7875.913199526066,8192.223138952013,7990.055553534356,7631.365381129487,6021.133212614476
2019-05-19 00:00:00.000,7300.655158341227,22478772524.431957,129270047519.99455,bitcoin,2019,5,19,6,20,2,7637.421649370345,31497009574.876442,135113138432.57071,6088.662817447967,21266176918.194065,107677734070.14459,7343.371457162994,7875.913199526066,8192.223138952013,7637.421649370345,6088.662817447967
2019-05-20 00:00:00.000,8168.730689783752,30747684364.455803,144597541605.24557,bitcoin,2019,5,20,0,21,2,7810.99012096997,31383059678.864693,138223226293.6972,6184.942025627993,21749173174.546383,109390632594.089,7300.655158341227,7343.371457162994,7875.913199526066,7810.99012096997,6184.942025627993
2019-05-21 00:00:00.000,7976.851712899625,28621475467.769623,141109768386.16797,bitcoin,2019,5,21,1,21,2,7835.400130028576,30889265327.00714,138654654157.68234,6273.914109943408,22203526026.07914,110964282335.99747,8168.730689783752,7300.655158341227,7343.371457162994,7835.400130028576,6273.914109943408
2019-05-22 00:00:00.000,7958.365526075088,25314342979.04727,141016653223.21735,bitcoin,2019,5,22,2,21,2,7830.87298324868,29444725297.63623,138608300042.5708,6362.154132802603,22501210353.319702,112539537114.93575,7976.851712899625,8168.730689783752,7300.655158341227,7830.87298324868,6362.154132802603
2019-05-23 00:00:00.000,7665.79685383355,24589881451.39529,135913068220.78972,bitcoin,2019,5,23,3,21,2,7755.669228231758,28544178672.401787,137365086070.53902,6438.316168277868,22747559837.80856,113903624194.19905,7958.365526075088,7976.851712899625,8168.730689783752,7755.669228231758,6438.316168277868
2019-05-24 00:00:00.000,7861.812792465447,25345060242.591587,139495233992.3291,bitcoin,2019,5,24,4,21,2,7753.654884365955,27161051916.496166,137360781809.42024,6515.1124037730215,22945706918.563602,115285467621.6349,7665.79685383355,7958.365526075088,7976.851712899625,7753.654884365955,6515.1124037730215
2019-05-25 00:00:00.000,7977.244882467973,27368459147.198563,141356836449.39377,bitcoin,2019,5,25,5,21,2,7844.208230838095,26352239453.841442,138965592771.0197,6599.2838414088055,23173371848.728134,116790082302.83992,7861.812792465447,7665.79685383355,7958.365526075088,7844.208230838095,6599.2838414088055
2019-05-26 00:00:00.000,8037.627431860584,23978335158.484917,142301375408.95212,bitcoin,2019,5,26,6,21,2,7949.489984198002,26566462687.27758,140827211040.8708,6693.768469179801,23328331873.217854,118472881254.34178,7977.244882467973,7861.812792465447,7665.79685383355,7949.489984198002,6693.768469179801
2019-05-27 00:00:00.000,8631.080577844017,29224396883.37161,152778982387.80127,bitcoin,2019,5,27,0,22,2,8015.539968206613,26348850189.97984,141995988295.52164,6804.942911106327,23648077605.406536,120463857643.33014,8037.627431860584,7977.244882467973,7861.812792465447,8015.539968206613,6804.942911106327
2019-05-28 00:00:00.000,8816.03391493351,33136840741.2636,156351517828.83902,bitcoin,2019,5,28,1,22,2,8135.423139925739,26993902371.90755,144173381073.04605,6923.578114854976,24256763898.302067,122570638196.29279,8631.080577844017,8037.627431860584,7977.244882467973,8135.423139925739,6923.578114854976
2019-05-29 00:00:00.000,8726.978110456395,27335990651.150314,154706420284.54605,bitcoin,2019,5,29,2,22,2,8245.224937694498,27282709182.207985,146129062081.8073,7039.217276895773,24648860754.382393,124635013288.8109,8816.03391493351,8631.080577844017,8037.627431860584,8245.224937694498,7039.217276895773
2019-05-30 00:00:00.000,8650.677405968292,28214892246.82482,153190671229.78632,bitcoin,2019,5,30,3,22,2,8385.92215942803,27800567867.269344,148597291083.09253,7154.248023475933,25074623066.385548,126678524862.14383,8726.978110456395,8816.03391493351,8631.080577844017,8385.92215942803,7154.248023475933
2019-05-31 00:00:00.000,8310.891063057417,33295240431.3568,147528939419.42154,bitcoin,2019,5,31,4,22,2,8450.076198084027,28936307894.235806,149744963286.96286,7254.850926425778,25624635555.19072,128478353524.25922,8650.677405968292,8726.978110456395,8816.03391493351,8450.076198084027,7254.850926425778
2019-06-01 00:00:00.000,8575.646353354166,30329343188.810726,152037344606.20877,bitcoin,2019,6,1,5,22,2,8535.56212249634,29359291328.751827,151270750166.50787,7362.219578198452,26150066504.827988,130393602014.13167,8310.891063057417,8650.677405968292,8726.978110456395,8535.56212249634,7362.219578198452
2019-06-02 00:00:00.000,8554.261728092017,26683797989.859898,151754429106.1446,bitcoin,2019,6,2,6,22,2,8609.367021957974,29745786018.94825,152621186408.96393,7465.671415118638,26489105836.803005,132239096059.28632,8575.646353354166,8310.891063057417,8650.677405968292,8609.367021957974,7465.671415118638
2019-06-03 00:00:00.000,8743.705469134235,25133975363.261288,155008799790.32507,bitcoin,2019,6,3,0,23,2,8625.45629214229,29161440087.503925,152939731752.1816,7566.078494102895,26660028763.175644,134033527215.06265,8554.261728092017,8575.646353354166,8310.891063057417,8625.45629214229,7566.078494102895
2019-06-04 00:00:00.000,8173.632761796738,24486741553.27431,145118113641.65356,bitcoin,2019,6,4,1,23,2,8533.684698837036,27925711632.076878,151334959725.44086,7645.068142527837,26834825379.623917,135449029542.67717,8743.705469134235,8554.261728092017,8575.646353354166,8533.684698837036,7645.068142527837
2019-06-05 00:00:00.000,7683.636261419786,25442100899.74761,136045887609.96284,bitcoin,2019,6,5,2,23,2,8384.635863260379,27655155953.30506,148669169343.3575,7709.545225226487,27143426842.539806,136591736357.05324,8173.632761796738,8743.705469134235,8554.261728092017,8384.635863260379,7709.545225226487
2019-06-06 00:00:00.000,7812.44885473215,24641673547.477318,138590833268.1022,bitcoin,2019,6,6,3,23,2,8264.8889273695,27144696139.112568,146583478205.9741,7779.4349491853545,27404441823.054386,137841379761.622,7683.636261419786,8173.632761796738,8743.705469134235,8264.8889273695,7779.4349491853545
2019-06-07 00:00:00.000,7821.123897094859,24560046377.825275,138816674700.54028,bitcoin,2019,6,7,4,23,2,8194.92218937485,25896811274.322346,145338868960.41962,7845.437286712725,27576167781.008823,139002519000.09232,7812.44885473215,7683.636261419786,8173.632761796738,8194.92218937485,7845.437286712725
2019-06-08 00:00:00.000,8036.108159122215,23629265497.41496,142810130543.30536,bitcoin,2019,6,8,5,23,2,8117.845304484572,24939657318.408665,144020695522.862,7914.712334254853,27808062881.852245,140253795076.8741,7821.123897094859,7812.44885473215,7683.636261419786,8117.845304484572,7914.712334254853
2019-06-09 00:00:00.000,7942.539284064289,19829877310.70781,140990840427.82074,bitcoin,2019,6,9,6,23,2,8030.456383909182,23960525792.81551,142483039997.38715,7973.854677177053,27855678921.341187,141310678903.02792,8036.108159122215,7821.123897094859,7812.44885473215,8030.456383909182,7973.854677177053
2019-06-10 00:00:00.000,7668.029627860183,20152037017.9227,136055336062.27316,bitcoin,2019,6,10,0,24,2,7876.788406584317,23248820314.909996,139775402321.95117,8017.114539485464,27834018832.170532,142089702021.13937,7942.539284064289,8036.108159122215,7821.123897094859,7876.788406584317,8017.114539485464
2019-06-11 00:00:00.000,8002.729982894047,21741587787.86512,141925422733.43433,bitcoin,2019,6,11,1,24,2,7852.373723883932,22856655491.280113,139319303620.777,8041.9301628934245,27476070444.107075,142509759665.14188,7668.029627860183,7942.539284064289,8036.108159122215,7852.373723883932,8041.9301628934245
2019-06-12 00:00:00.000,7897.975476598364,21017248550.29671,140220553937.84616,bitcoin,2019,6,12,2,24,2,7882.993611766587,22224533727.07284,139915684524.7603,8073.404299160492,27125134274.565697,143089547243.82474,8002.729982894047,7668.029627860183,7942.539284064289,7882.993611766587,8073.404299160492
2019-06-13 00:00:00.000,8145.05909812096,22181532883.49916,144409895371.7695,bitcoin,2019,6,13,3,24,2,7930.5093608221305,21873085060.79025,140746979110.9985,8084.706880781543,26795250839.65659,143300217978.27463,7897.975476598364,8002.729982894047,7668.029627860183,7930.5093608221305,8084.706880781543
2019-06-14 00:00:00.000,8227.625725590904,22919390183.839664,145982200973.5864,bitcoin,2019,6,14,4,24,2,7988.58105060728,21638705604.506588,141770625721.43365,8092.625886516763,26378359739.629787,143454920276.42758,8145.05909812096,7897.975476598364,8002.729982894047,7988.58105060728,8092.625886516763
2019-06-15 00:00:00.000,8671.505388660793,23291543613.42556,154448670610.87314,bitcoin,2019,6,15,5,24,2,8079.352083398505,21590459621.079533,143433274302.51477,8108.601961507055,26124954265.80943,143782690429.2896,8227.625725590904,8145.05909812096,7897.975476598364,8079.352083398505,8108.601961507055
2019-06-16 00:00:00.000,8818.609506932296,21892878336.78525,156571955413.46933,bitcoin,2019,6,16,6,24,2,8204.50497237965,21885174053.37631,145659147871.89313,8140.0251717539295,25687151959.237907,144350910149.0666,8671.505388660793,8227.625725590904,8145.05909812096,8204.50497237965,8140.0251717539295
2019-06-17 00:00:00.000,8978.77258780693,27305637341.28109,159990740760.34872,bitcoin,2019,6,17,0,25,2,8391.753966657756,22907116956.713223,149078491400.18964,8194.538542775394,25496334991.087887,145346496183.80496,8818.609506932296,8671.505388660793,8227.625725590904,8391.753966657756,8194.538542775394
2019-06-18 00:00:00.000,9312.868294808708,27464356714.40349,165478791606.02725,bitcoin,2019,6,18,1,25,2,8578.916582645566,23724655374.790134,152443258381.98862,8261.612313990978,25662521130.753605,146553454320.00604,8978.77258780693,8818.609506932296,8671.505388660793,8578.916582645566,8261.612313990978
2019-06-19 00:00:00.000,9094.021746079216,25029522786.9119,161689176435.31613,bitcoin,2019,6,19,2,25,2,8749.780335428544,24297837408.592304,155510204453.05576,8292.455349200825,25471915744.835472,147123175481.0084,9312.868294808708,8978.77258780693,8818.609506932296,8749.780335428544,8292.455349200825
2019-06-20 00:00:00.000,9285.928674251472,22298101529.460796,164856060873.05832,bitcoin,2019,6,20,3,25,2,8912.761703447188,24314490072.30111,158431085238.95416,8336.091247912553,25261136613.558514,147914718563.90472,9094.021746079216,9312.868294808708,8978.77258780693,8912.761703447188,8336.091247912553
2019-06-21 00:00:00.000,9548.31456526146,24707058599.119995,169961289184.54773,bitcoin,2019,6,21,4,25,2,9101.43153768584,24569871274.484013,161856669269.09152,8389.089549218765,25240893800.89427,148879539762.61575,9285.928674251472,9094.021746079216,9312.868294808708,9101.43153768584,8389.089549218765
2019-06-22 00:00:00.000,10118.359455626854,28580960082.617817,179686819951.0701,bitcoin,2019,6,22,5,25,2,9308.124975823848,25325502198.654335,165462119174.83395,8470.84163594521,25373929755.268356,150338664820.29178,9548.31456526146,9285.928674251472,9094.021746079216,9308.124975823848,8470.84163594521
2019-06-23 00:00:00.000,10704.922148115673,40190146696.56423,190271555704.10333,bitcoin,2019,6,23,6,25,2,9577.598210278617,27939397678.62276,170276347787.78168,8565.611947800217,25868765970.400776,152031208877.35092,10118.359455626854,9548.31456526146,9285.928674251472,9577.598210278617,8565.611947800217
2019-06-24 00:00:00.000,10846.12509964766,29108428088.363773,193006026351.0637,bitcoin,2019,6,24,0,26,2,9844.362854827292,28196939213.920288,174992817157.8838,8661.241288372872,25926764935.10628,153752848540.7399,10704.922148115673,10118.359455626854,9548.31456526146,9844.362854827292,8661.241288372872
2019-06-25 00:00:00.000,11045.550419814825,27529761440.98961,196224565118.84543,bitcoin,2019,6,25,1,26,2,10091.888872685307,28206282746.28973,179385070516.85782,8761.505387971349,26045145811.189774,155550288197.73636,10846.12509964766,10704.922148115673,10118.359455626854,10091.888872685307,8761.505387971349
2019-06-26 00:00:00.000,11808.41990407586,33544426408.459377,209906767119.21564,bitcoin,2019,6,26,2,26,2,10479.660038113401,29422697549.367943,186273297757.4149,8867.416698845742,26189146795.359364,157454547688.7835,11045.550419814825,10846.12509964766,10704.922148115673,10479.660038113401,8867.416698845742
2019-06-27 00:00:00.000,12996.124342788677,56948964491.46552,231104555834.96545,bitcoin,2019,6,27,3,26,2,11009.687990761571,34372820829.654335,195737368466.25876,9006.753046440916,26982884253.69943,159946315622.321,11808.41990407586,11045.550419814825,10846.12509964766,11009.687990761571,9006.753046440916
2019-06-28 00:00:00.000,11178.6829981865,49628524363.00495,198805331511.7231,bitcoin,2019,6,28,4,26,2,11242.597766893721,37933030224.49504,199857945941.56955,9088.476542698585,27725968710.761253,161416279329.89362,12996.124342788677,11808.41990407586,11045.550419814825,11242.597766893721,9088.476542698585
2019-06-29 00:00:00.000,12352.19686591269,44872003180.54631,219700496726.02615,bitcoin,2019,6,29,5,26,2,11561.717396934555,40260322095.627686,205574185480.84894,9211.86052469673,28281205741.885303,163633273513.10162,11178.6829981865,12996.124342788677,11808.41990407586,11561.717396934555,9211.86052469673
2019-06-30 00:00:00.000,11972.555667220911,37724824506.92749,213020899675.1298,bitcoin,2019,6,30,6,26,2,11742.807899663876,39908133211.39387,208824091762.42416,9333.91601150218,28428858544.404324,165816338854.95853,12352.19686591269,11178.6829981865,12996.124342788677,11742.807899663876,9333.91601150218
2019-07-01 00:00:00.000,10888.097181679726,34920211165.40479,193705059813.9276,bitcoin,2019,7,1,0,27,3,11748.803911382742,40738387936.68543,208923953685.69043,9410.9977057797,28581887476.95746,167205262695.21582,11972.555667220911,12352.19686591269,11178.6829981865,11748.803911382742,9410.9977057797
2019-07-02 00:00:00.000,10639.046292232071,37463414436.63033,189075622551.3632,bitcoin,2019,7,2,1,27,3,11690.731893156635,42157481221.77697,207902676176.0501,9480.490524584367,28941208025.183144,168449302476.7231,10888.097181679726,11972.555667220911,12352.19686591269,11690.731893156635,9480.490524584367
2019-07-03 00:00:00.000,10822.764178376405,39264695559.40571,191741802293.97983,bitcoin,2019,7,3,2,27,3,11549.923932342426,42974662529.055016,205307681201.01645,9549.792481559107,29412232031.72129,169673735893.51163,10639.046292232071,10888.097181679726,11972.555667220911,11549.923932342426,9549.792481559107
2019-07-04 00:00:00.000,11975.637393818815,39944515601.67296,213139916541.64767,bitcoin,2019,7,4,3,27,3,11404.140082489588,40545455544.798935,202741304159.11392,9676.525969293176,29927491166.667908,171941129323.5114,10822.764178376405,10639.046292232071,10888.097181679726,11404.140082489588,9676.525969293176
2019-07-05 00:00:00.000,11229.60561912491,32487314999.664185,199869428146.8407,bitcoin,2019,7,5,4,27,3,11411.414742623647,38096711350.03597,202893317964.1307,9794.724947883347,30162331636.665127,174068580674.7407,11975.637393818815,10822.764178376405,10639.046292232071,11411.414742623647,9794.724947883347
2019-07-06 00:00:00.000,10987.248856214646,31349147296.84112,195514947598.0145,bitcoin,2019,7,6,5,27,3,11216.42216980964,36164874795.22094,199438239517.2719,9900.55161459943,30385914094.977257,175966051152.40442,11229.60561912491,11975.637393818815,10822.764178376405,11216.42216980964,9900.55161459943
2019-07-07 00:00:00.000,11279.476377672418,28013279880.59072,200989208002.5716,bitcoin,2019,7,7,6,27,3,11117.410842731284,34777511277.17283,197719426421.19217,10015.830030618683,30501021878.40277,178038468929.1388,10987.248856214646,11229.60561912491,11975.637393818815,11117.410842731284,10015.830030618683
2019-07-08 00:00:00.000,11436.430746923896,25828700446.947784,203441013269.87305,bitcoin,2019,7,8,0,28,3,11195.744209194736,33478724031.678974,199110276914.89865,10129.17411687874,30574336376.72053,180059498353.35776,11279.476377672418,10987.248856214646,11229.60561912491,11195.744209194736,10129.17411687874
2019-07-09 00:00:00.000,12260.28269787262,30917398835.988853,217909027168.13293,bitcoin,2019,7,9,1,28,3,11427.34941000053,32543578945.873047,203229334717.29434,10273.098897339018,30943920427.563232,182623437911.36813,11436.430746923896,11279.476377672418,10987.248856214646,11427.34941000053,10273.098897339018
2019-07-10 00:00:00.000,12544.16726170922,35885342263.04269,223082925042.62772,bitcoin,2019,7,10,2,28,3,11673.264136190934,32060814189.24976,207706637967.10117,10435.636818467317,31468363935.7339,185524357544.0466,12260.28269787262,11436.430746923896,11279.476377672418,11673.264136190934,10435.636818467317
2019-07-11 00:00:00.000,12166.398288868606,42163626088.16242,216918064309.90915,bitcoin,2019,7,11,3,28,3,11700.515692626617,32377829973.033966,208246373362.5671,10574.425761999802,32149098545.743813,188024112263.26248,12544.16726170922,12260.28269787262,11436.430746923896,11700.515692626617,10574.425761999802
2019-07-12 00:00:00.000,11385.06049056452,37061858272.52717,202244103401.21423,bitcoin,2019,7,12,4,28,3,11722.723531403704,33031336154.87154,208585612684.62045,10690.661929132008,32683918869.818157,190091563912.04138,12166.398288868606,12544.16726170922,12260.28269787262,11722.723531403704,10690.661929132008
2019-07-13 00:00:00.000,11804.562793905448,30078548879.93068,210058300503.6453,bitcoin,2019,7,13,5,28,3,11839.482665359534,32849822095.3129,210663234528.282,10812.645385658157,32947152736.36588,192279844083.1039,11385.06049056452,12166.398288868606,12544.16726170922,11839.482665359534,10812.645385658157
2019-07-14 00:00:00.000,11418.511855491488,28485045772.443813,202979011731.3034,bitcoin,2019,7,14,6,28,3,11859.344876476544,32917217222.72049,210947492203.8151,10919.008256654843,33132674589.319344,194179737775.02783,11804.562793905448,11385.06049056452,12166.398288868606,11859.344876476544,10919.008256654843
2019-07-15 00:00:00.000,10285.461109066944,29857566850.99168,183265698057.30487,bitcoin,2019,7,15,0,29,3,11694.920642496978,33492769566.15533,208065304316.30536,10972.806780668383,33351542030.57155,195140305356.57556,11418.511855491488,11804.562793905448,11385.06049056452,11694.920642496978,10972.806780668383
2019-07-16 00:00:00.000,10911.345158309634,37553147017.32781,195225460386.1362,bitcoin,2019,7,16,1,29,3,11502.215279702266,34440733592.0609,204824794776.0201,11042.564635714292,33873550986.589638,196428755522.3311,10285.461109066944,11418.511855491488,11804.562793905448,11502.215279702266,11042.564635714292
2019-07-17 00:00:00.000,9538.827124243868,34409824868.73926,170100385848.08353,bitcoin,2019,7,17,2,29,3,11072.880974350071,34229945392.87469,197255860605.37094,11061.233120262192,34110357237.50491,196765743691.92227,10911.345158309634,10285.461109066944,11418.511855491488,11072.880974350071,11061.233120262192
2019-07-18 00:00:00.000,9657.303101319074,33328381504.61661,172236725014.4112,bitcoin,2019,7,18,3,29,3,10714.43880470014,32967767595.22529,190872812134.5855,11072.714280479204,34305824730.512012,196991008138.86838,9538.827124243868,10911.345158309634,10285.461109066944,10714.43880470014,11072.714280479204
2019-07-19 00:00:00.000,10636.155728360647,34034952895.23173,189588944050.24216,bitcoin,2019,7,19,4,29,3,10607.452410099588,32535352541.325947,189064932227.30377,11124.118746555252,34606005734.12267,197921000392.69925,9657.303101319074,9538.827124243868,10911.345158309634,10607.452410099588,11124.118746555252
2019-07-20 00:00:00.000,10536.565849576118,28858600367.989872,187718958960.57816,bitcoin,2019,7,20,5,29,3,10426.309989481111,32361074182.477257,185873597721.15134,11165.806652399408,34824689028.74031,198683096995.6166,10636.155728360647,9657.303101319074,9538.827124243868,10426.309989481111,11165.806652399408
2019-07-21 00:00:00.000,10774.281137633849,26163874235.136333,190839615019.19452,bitcoin,2019,7,21,6,29,3,10334.277029787161,32029478248.576183,184139398190.8501,11206.672204811819,34873249549.94085,199379041190.10483,10536.565849576118,10636.155728360647,9657.303101319074,10334.277029787161,11206.672204811819
2019-07-22 00:00:00.000,10607.463560702125,22814710058.30296,189302289398.0001,bitcoin,2019,7,22,0,30,3,10380.27738002076,31023355849.620655,185001768382.37796,11222.975674980995,34681041215.79703,199699556838.33582,10774.281137633849,10536.565849576118,10636.155728360647,10380.27738002076,11222.975674980995
2019-07-23 00:00:00.000,10343.318139598356,21903683695.255173,184582963699.30176,bitcoin,2019,7,23,1,30,3,10299.130663062006,28787718232.181705,183481411712.83023,11210.922208030417,34071492449.086723,199509937104.8424,10607.463560702125,10774.281137633849,10536.565849576118,10299.130663062006,11210.922208030417
2019-07-24 00:00:00.000,9936.380762347031,22986552398.15293,177060329754.31393,bitcoin,2019,7,24,2,30,3,10355.924039933885,27155822164.955086,184475689413.72025,11180.597396787061,33867429926.079697,198978413884.95078,10343.318139598356,10607.463560702125,10774.281137633849,10355.924039933885,11180.597396787061
2019-07-25 00:00:00.000,9799.306312967936,33861034798.8304,175298806837.89883,bitcoin,2019,7,25,3,30,3,10376.210213026581,27231915492.699917,184913129674.21848,11139.055926558833,34078472371.341057,198280888608.91922,9936.380762347031,10343.318139598356,10607.463560702125,10376.210213026581,11139.055926558833
2019-07-26 00:00:00.000,9878.23193291115,21622492404.321915,176569486287.9306,bitcoin,2019,7,26,4,30,3,10267.935385105224,25458706851.141365,183053207136.7454,11074.71632752001,33681074571.20314,197169645914.54303,9799.306312967936,9936.380762347031,10343.318139598356,10267.935385105224,11074.71632752001
2019-07-27 00:00:00.000,9845.999447078504,19942172080.922203,175634298896.93475,bitcoin,2019,7,27,5,30,3,10169.283041891278,24184931381.560272,181326827127.6535,10969.712164329672,32447514824.18503,195320637349.94202,9878.23193291115,9799.306312967936,9936.380762347031,10169.283041891278,10969.712164329672
2019-07-28 00:00:00.000,9447.678401413306,21257664351.47119,168472890623.8368,bitcoin,2019,7,28,6,30,3,9979.768365288344,23484044255.322395,178131580785.45953,10912.012011103898,31501819490.467236,194309555987.01248,9845.999447078504,9878.23193291115,9799.306312967936,9979.768365288344,10912.012011103898
2019-07-29 00:00:00.000,9534.755426833231,18649152592.72144,170325673262.38525,bitcoin,2019,7,29,0,31,3,9826.524346164215,22888964617.38218,175420635623.22885,10818.097296467917,30627724470.873074,192663728538.22443,9447.678401413306,9845.999447078504,9878.23193291115,9826.524346164215,10818.097296467917
2019-07-30 00:00:00.000,9510.593552181648,18424113909.50432,169247002246.27844,bitcoin,2019,7,30,1,31,3,9707.563690818974,22391883219.417767,173229783987.08267,10736.031892633273,29984367450.95897,191204598623.9294,9534.755426833231,9447.678401413306,9845.999447078504,9707.563690818974,10736.031892633273
2019-07-31 00:00:00.000,9568.437452164317,20138691741.084118,170790961770.58182,bitcoin,2019,7,31,2,31,3,9655.00036079287,21985045982.693657,172334159989.40665,10692.04323498276,29491650136.814945,190440795355.81787,9510.593552181648,9534.755426833231,9447.678401413306,9655.00036079287,10692.04323498276
2019-08-01 00:00:00.000,10062.996285663326,22957330875.71389,179525433372.0441,bitcoin,2019,8,1,3,31,3,9692.670356892211,20427373993.67701,172937963779.9988,10672.841568097134,29008114018.11773,190122455716.50723,9568.437452164317,9510.593552181648,9534.755426833231,9692.670356892211,10672.841568097134
2019-08-02 00:00:00.000,10361.312000080692,23668036460.12257,185025579624.96027,bitcoin,2019,8,2,4,31,3,9761.68179505929,20719594573.077106,174145977113.8602,10657.45982882061,28488225381.47496,189898581627.53992,10062.996285663326,9568.437452164317,9510.593552181648,9761.68179505929,10657.45982882061
2019-08-03 00:00:00.000,10529.17190742764,24128945574.57856,187993708173.329,bitcoin,2019,8,3,5,31,3,9859.277860823451,21317705072.170868,175911607010.48798,10609.244312607572,27961039713.905148,189060374681.9293,10361.312000080692,10062.996285663326,9568.437452164317,9859.277860823451,10609.244312607572
2019-08-04 00:00:00.000,10791.200523159,22296222952.509827,192658484290.18,bitcoin,2019,8,4,6,31,3,10051.20959250141,21466070586.604958,179366691819.96555,10594.630809408709,27621336645.666668,188820009886.70724,10529.17190742764,10361.312000080692,10062.996285663326,10051.20959250141,10594.630809408709
2019-08-05 00:00:00.000,10951.593834840049,23160251364.75935,195575205441.64883,bitcoin,2019,8,5,0,32,3,10253.615079359526,22110513268.324665,182973767845.57465,10593.442308696223,27348373447.930607,188822018481.49506,10791.200523159,10529.17190742764,10361.312000080692,10253.615079359526,10593.442308696223
2019-08-06 00:00:00.000,11818.525531066103,30944497414.37189,210831100251.74985,bitcoin,2019,8,6,1,32,3,10583.319647771588,23899139483.305744,188914353274.9277,10611.410613809343,27446080699.05665,189150081556.46768,10951.593834840049,10791.200523159,10529.17190742764,10583.319647771588,10611.410613809343
2019-08-07 00:00:00.000,11510.164154730011,31588470767.84309,204493918413.86813,bitcoin,2019,8,7,2,32,3,10860.709176709544,25534822201.414173,193729061366.8257,10613.868394069548,27638073043.08649,189185178394.60086,11818.525531066103,10951.593834840049,10791.200523159,10860.709176709544,10613.868394069548
2019-08-08 00:00:00.000,11970.657556451994,30083670251.80272,213446022648.57452,bitcoin,2019,8,8,3,32,3,11133.232215393642,26552870683.712574,198574859834.90152,10604.21422268886,27610282090.280285,189036411577.28226,11510.164154730011,11818.525531066103,10951.593834840049,11133.232215393642,10604.21422268886
2019-08-09 00:00:00.000,12024.331570998236,26678574728.13537,214023992147.5213,bitcoin,2019,8,9,4,32,3,11370.806439810432,26982947579.14297,202717490195.26736,10586.886366331828,27303389839.11671,188734447147.44534,11970.657556451994,11510.164154730011,11818.525531066103,11370.806439810432,10586.886366331828
2019-08-10 00:00:00.000,11852.561606995518,26240065034.99351,211775940827.03265,bitcoin,2019,8,10,5,32,3,11559.862111177275,27284536073.487965,206114952002.9393,10576.425143602724,26772604470.677746,188563043031.3495,12024.331570998236,11970.657556451994,11510.164154730011,11559.862111177275,10576.425143602724
2019-08-11 00:00:00.000,11327.842642233223,24949094386.512787,202567916483.04468,bitcoin,2019,8,11,6,32,3,11636.525271045019,27663517706.916958,207530585173.34857,10574.517881991684,26368845674.47727,188573836800.74384,11852.561606995518,12024.331570998236,11970.657556451994,11636.525271045019,10574.517881991684
2019-08-12 00:00:00.000,11549.998354322472,23042219585.47862,206323428608.19785,bitcoin,2019,8,12,0,33,3,11722.011630971081,27646656024.16257,209066045625.7127,10566.03240067225,26134301364.662193,188449341070.89557,11327.842642233223,11852.561606995518,12024.331570998236,11722.011630971081,10566.03240067225
2019-08-13 00:00:00.000,11381.241355678554,19933740545.556496,203438784510.78015,bitcoin,2019,8,13,1,33,3,11659.542463058573,26073690757.188942,208010000519.8599,10564.790050678484,25849257857.09929,188464666830.21146,11549.998354322472,11327.842642233223,11852.561606995518,11659.542463058573,10564.790050678484
2019-08-14 00:00:00.000,10903.6549918801,22886684527.86748,194716791550.1683,bitcoin,2019,8,14,2,33,3,11572.898296937157,24830578437.192425,206613268110.75995,10585.396513438924,25616895112.99515,188846369946.64023,11381.241355678554,11549.998354322472,11327.842642233223,11572.898296937157,10585.396513438924
2019-08-15 00:00:00.000,10016.217389275296,26620934497.854107,178691691521.25024,bitcoin,2019,8,15,3,33,3,11293.692558769055,24335901900.914055,201648363663.99933,10555.55892113778,25252488029.012688,188295244317.81073,10903.6549918801,11381.241355678554,11549.998354322472,11293.692558769055,10555.55892113778
2019-08-16 00:00:00.000,10295.87714290961,31003755661.55879,183808182261.62988,bitcoin,2019,8,16,4,33,3,11046.77049761354,24953784891.40311,197331819394.58624,10580.793921759969,25138952388.77334,188752170864.92892,10016.217389275296,10903.6549918801,11381.241355678554,11046.77049761354,10580.793921759969
2019-08-17 00:00:00.000,10324.993597415598,28168163140.752064,184635409004.2465,bitcoin,2019,8,17,5,33,3,10828.546496244979,25229227477.940052,193454600562.75967,10603.050271629854,24966945109.977856,189165460331.25677,10295.87714290961,10016.217389275296,10903.6549918801,10828.546496244979,10603.050271629854
2019-08-18 00:00:00.000,10224.218706633936,20998246406.66276,182893178091.06567,bitcoin,2019,8,18,6,33,3,10670.885934016509,24664820623.67576,190643923649.6198,10589.319037572299,24532388227.02556,188942268132.61755,10324.993597415598,10295.87714290961,10016.217389275296,10670.885934016509,10589.319037572299
2019-08-19 00:00:00.000,10309.872435928555,19708814223.24016,184381498343.8289,bitcoin,2019,8,19,0,34,3,10493.725088531664,24188619857.641693,187509362183.2814,10581.762590450711,24227395355.5339,188831019445.39258,10224.218706633936,10324.993597415598,10295.87714290961,10493.725088531664,10581.762590450711
2019-08-20 00:00:00.000,10895.97184442924,22097997941.55373,194884121164.64297,bitcoin,2019,8,20,1,34,3,10424.400872638904,24497799485.641296,186287267419.54752,10585.81894734389,24091866145.747814,188965836316.90753,10309.872435928555,10224.218706633936,10324.993597415598,10424.400872638904,10585.81894734389
2019-08-21 00:00:00.000,10743.78931330206,19460170323.01464,192182485883.75177,bitcoin,2019,8,21,2,34,3,10401.562918556328,24008297456.376606,185925223752.91653,10590.363139097224,23980048154.571537,189061842866.4326,10895.97184442924,10309.872435928555,10224.218706633936,10401.562918556328,10590.363139097224
2019-08-22 00:00:00.000,10124.058214168905,22757336326.19253,181094936743.7679,bitcoin,2019,8,22,3,34,3,10416.968750683985,23456354860.424953,186268544498.9905,10583.054474916242,24008503242.26945,188945575301.24814,10743.78931330206,10895.97184442924,10309.872435928555,10416.968750683985,10583.054474916242
2019-08-23 00:00:00.000,10127.78985767835,20144228964.473103,181311699889.6721,bitcoin,2019,8,23,4,34,3,10392.956281365234,21904993903.69843,185911904160.1394,10589.434778093952,23913759127.813457,189087287639.09338,10124.058214168905,10743.78931330206,10895.97184442924,10392.956281365234,10589.434778093952
2019-08-24 00:00:00.000,10385.509090033882,18313019852.750786,187878412535.86252,bitcoin,2019,8,24,5,34,3,10401.601351739275,20497116291.126812,186375190378.94168,10608.974870662816,23395491962.944134,189506607829.0255,10127.78985767835,10124.058214168905,10743.78931330206,10401.601351739275,10608.974870662816
2019-08-25 00:00:00.000,10145.01247970698,21187546608.0018,181764456091.20227,bitcoin,2019,8,25,6,34,3,10390.286176463997,20524159177.03239,186213944378.9612,10617.867555556011,23380993769.733463,189679773489.13458,10385.509090033882,10127.78985767835,10124.058214168905,10390.286176463997,10617.867555556011
2019-08-26 00:00:00.000,10090.061576030994,17899166778.010113,180491202154.3331,bitcoin,2019,8,26,0,35,3,10358.88462505006,20265638113.4281,185658187780.46176,10626.002959854428,23312893592.969727,189841670264.3812,10145.01247970698,10385.509090033882,10127.78985767835,10358.88462505006,10626.002959854428
2019-08-27 00:00:00.000,10334.911854471333,23392461462.60586,184989701185.5528,bitcoin,2019,8,27,1,35,3,10278.733197913214,20450561473.578403,184244699212.02036,10655.577408289693,23384053496.674213,190392230616.4384,10090.061576030994,10145.01247970698,10385.509090033882,10278.733197913214,10655.577408289693
2019-08-28 00:00:00.000,10167.889390020262,20937236587.026714,181891056658.03235,bitcoin,2019,8,28,2,35,3,10196.46178030153,20661570939.865845,182774495036.91757,10676.681873729261,23460322963.15106,190777743396.2933,10334.911854471333,10090.061576030994,10145.01247970698,10196.46178030153,10676.681873729261
2019-08-29 00:00:00.000,9753.48704889705,22948105441.570866,174174790993.24042,bitcoin,2019,8,29,3,35,3,10143.52304240555,20688823670.63418,181785902786.84222,10684.778323619777,23611122680.88661,190942003021.19202,10167.889390020262,10334.911854471333,10090.061576030994,10143.52304240555,10684.778323619777
2019-08-30 00:00:00.000,9485.141423780757,20461661030.393738,169825879929.63724,bitcoin,2019,8,30,4,35,3,10051.716123277323,20734171108.622837,180145071363.98013,10682.001789340322,23621888323.863598,190909833626.49387,9753.48704889705,10167.889390020262,10334.911854471333,10051.716123277323,10682.001789340322
2019-08-31 00:00:00.000,9588.98750205815,16388578393.607964,171703455568.1713,bitcoin,2019,8,31,5,35,3,9937.927324995075,20459250900.173862,177834363225.7385,10666.201496553485,23402929907.7934,190649101033.03143,9485.141423780757,9753.48704889705,10167.889390020262,9937.927324995075,10666.201496553485
2019-09-01 00:00:00.000,9607.289264302584,15364904438.864746,172069023390.1022,bitcoin,2019,9,1,6,35,3,9861.109722794446,19627444876.01143,176449301411.29562,10641.06740536088,23126158840.41814,190217215825.20282,9588.98750205815,9485.141423780757,9753.48704889705,9861.109722794446,10641.06740536088
2019-09-02 00:00:00.000,9729.266231867814,15003447441.307947,174169160998.9338,bitcoin,2019,9,2,0,36,3,9809.567530771135,19213770685.053978,175546152674.81003,10614.40388284222,22821975569.30912,189756397586.0563,9607.289264302584,9588.98750205815,9485.141423780757,9809.567530771135,10614.40388284222
2019-09-03 00:00:00.000,10323.022660378076,20258697359.12371,184367332385.84332,bitcoin,2019,9,3,1,36,3,9807.869074472099,18766090098.84224,175457242846.2801,10598.797954082856,22754058049.529583,189480025855.91177,9729.266231867814,9607.289264302584,9588.98750205815,9807.869074472099,10598.797954082856
2019-09-04 00:00:00.000,10620.165189356909,23588848898.31653,190297653628.6036,bitcoin,2019,9,4,2,36,3,9872.479902948762,19144891857.597927,176658185270.64743,10587.750332566751,22768344633.981487,189304107462.14362,10323.022660378076,9729.266231867814,9607.289264302584,9872.479902948762,10587.750332566751
2019-09-05 00:00:00.000,10573.515179027892,21198071664.662186,189378108188.9303,bitcoin,2019,9,5,3,36,3,9989.626778681739,18894887032.32526,178830087727.17453,10546.249987498812,22443463775.65783,188589007726.7163,10620.165189356909,10323.022660378076,9729.266231867814,9989.626778681739,10546.249987498812
2019-09-06 00:00:00.000,10570.249940786203,18952591605.050835,189354988380.25543,bitcoin,2019,9,6,4,36,3,10144.642281111092,18679305685.847706,181619960362.9771,10514.919513700685,22022267803.564754,188084376725.59586,10573.515179027892,10620.165189356909,10323.022660378076,10144.642281111092,10514.919513700685
2019-09-07 00:00:00.000,10350.748325717244,23555216964.15641,185513074361.89188,bitcoin,2019,9,7,5,36,3,10253.465255919533,19703111195.926052,183592763047.79437,10460.92253934286,21804652693.976547,187153278449.3731,10570.249940786203,10573.515179027892,10620.165189356909,10253.465255919533,10460.92253934286
2019-09-08 00:00:00.000,10461.547731202416,18658457493.74892,187490153206.3296,bitcoin,2019,9,8,6,36,3,10375.502179762365,20173618775.19522,185795781592.96973,10408.829744682998,21537315452.83033,186268817151.3334,10350.748325717244,10570.249940786203,10573.515179027892,10375.502179762365,10408.829744682998
2019-09-09 00:00:00.000,10404.333900445994,16804085431.159666,186487925900.29572,bitcoin,2019,9,9,0,37,3,10471.940418130676,20430852773.745464,187555605150.30713,10360.555487798014,21222782799.3692,185425883320.44217,10461.547731202416,10350.748325717244,10570.249940786203,10471.940418130676,10360.555487798014
2019-09-10 00:00:00.000,10321.931613525778,21012460993.656765,185101736449.4789,bitcoin,2019,9,10,1,37,3,10471.784554294634,20538533292.964474,187660520016.5408,10327.025120174432,21091561686.274,184843677319.32327,10404.333900445994,10461.547731202416,10350.748325717244,10471.784554294634,10327.025120174432
2019-09-11 00:00:00.000,10121.102297214318,17425806760.661724,181228983504.8709,bitcoin,2019,9,11,2,37,3,10400.489855417121,19658098701.87093,186364995713.1504,10279.395251604163,20904347925.446774,184007195815.87906,10321.931613525778,10404.333900445994,10461.547731202416,10400.489855417121,10279.395251604163
2019-09-12 00:00:00.000,10150.71002363705,19989784060.802094,182006412816.34204,bitcoin,2019,9,12,3,37,3,10340.089118932714,19485486187.033775,185311896374.20923,10238.377540536112,20906216042.621628,183292783426.06445,10121.102297214318,10321.931613525778,10404.333900445994,10340.089118932714,10238.377540536112
2019-09-13 00:00:00.000,10401.319919342226,17986804176.941467,186490286819.086,bitcoin,2019,9,13,4,37,3,10315.956258726434,19347516554.44672,184902653294.04214,10221.633038118183,20742886697.590755,183018566601.69504,10150.71002363705,10121.102297214318,10321.931613525778,10315.956258726434,10221.633038118183
2019-09-14 00:00:00.000,10355.626898620032,16650634275.92447,185791118116.526,bitcoin,2019,9,14,5,37,3,10316.653197712545,18361147598.985016,184942373830.41846,10232.946688429673,20410543356.859768,183255214154.8709,10401.319919342226,10150.71002363705,10121.102297214318,10316.653197712545,10232.946688429673
2019-09-15 00:00:00.000,10349.551958231765,16529697331.07751,185709926005.0556,bitcoin,2019,9,15,6,37,3,10300.65380157388,18057039004.317673,184688055658.80786,10234.735848940412,19928074745.843727,183318605612.98508,10355.626898620032,10401.319919342226,10150.71002363705,10300.65380157388,10234.735848940412
2019-09-16 00:00:00.000,10305.675020156998,13781855194.274492,184860740267.84445,bitcoin,2019,9,16,0,38,3,10286.55967581831,17625291827.61979,184455600568.4577,10234.091896365126,19448531147.627808,183326116655.10504,10349.551958231765,10355.626898620032,10401.319919342226,10286.55967581831,10234.091896365126
2019-09-17 00:00:00.000,10268.421696882157,17580630287.953926,184216635305.296,bitcoin,2019,9,17,1,38,3,10278.915402012079,17135030298.23367,184329157547.86014,10235.5653293734,19334610610.337517,183370231895.5794,10305.675020156998,10349.551958231765,10355.626898620032,10278.915402012079,10235.5653293734
2019-09-18 00:00:00.000,10203.071046816189,17279102873.152096,183148194810.27164,bitcoin,2019,9,18,2,38,3,10290.625223383773,17114072600.018007,184603330591.4888,10232.005283069653,19253620232.001244,183329121777.79413,10268.421696882157,10305.675020156998,10349.551958231765,10290.625223383773,10232.005283069653
2019-09-19 00:00:00.000,10158.854517376083,18848349197.54596,182304851001.81525,bitcoin,2019,9,19,3,38,3,10291.78872248935,16951010476.695704,184645964617.98495,10207.434705501215,19145298607.200985,182909812772.36658,10203.071046816189,10268.421696882157,10305.675020156998,10291.78872248935,10207.434705501215
2019-09-20 00:00:00.000,10253.232374680329,23532550737.76059,183793185092.94284,bitcoin,2019,9,20,4,38,3,10270.63335896622,17743259985.384148,184260664371.3931,10191.082807547156,19281044621.025852,182630169412.6729,10158.854517376083,10203.071046816189,10268.421696882157,10270.63335896622,10191.082807547156
2019-09-21 00:00:00.000,10178.442572698175,17281137871.79277,182621118150.38165,bitcoin,2019,9,21,5,38,3,10245.321312405957,17833331927.65105,183807807233.3725,10192.895619498133,19098504672.545856,182681042126.22668,10253.232374680329,10158.854517376083,10203.071046816189,10245.321312405957,10192.895619498133
2019-09-22 00:00:00.000,9997.199887816778,15973816316.06345,179541584400.57428,bitcoin,2019,9,22,6,38,3,10194.985302346671,17753920354.07761,182926615575.58945,10188.542620502749,18959490917.59887,182622038276.59012,10178.442572698175,10253.232374680329,10158.854517376083,10194.985302346671,10188.542620502749
2019-09-23 00:00:00.000,10041.304200624943,16268084726.893106,180261864537.8744,bitcoin,2019,9,23,0,39,3,10157.21804241352,18109096001.594555,182269633328.45087,10177.069124189116,18891326413.403614,182368153343.32382,9997.199887816778,10178.442572698175,10253.232374680329,10157.21804241352,10177.069124189116
2019-09-24 00:00:00.000,9699.504938095955,17797331461.86323,174073117682.94675,bitcoin,2019,9,24,1,39,3,10075.94421972978,18140053312.153027,180820559382.40097,10162.218872802081,18778319241.86566,182111775396.382,10041.304200624943,9997.199887816778,10178.442572698175,10075.94421972978,10162.218872802081
2019-09-25 00:00:00.000,8702.713528026236,27762368999.14865,158225996381.2368,bitcoin,2019,9,25,2,39,3,9861.607431331215,19637662758.723965,177260245321.1103,10115.973937868588,19107092649.236946,181369601870.61212,9699.504938095955,10041.304200624943,9997.199887816778,9861.607431331215,10115.973937868588
2019-09-26 00:00:00.000,8446.244115548528,25000732108.2125,151968918856.4794,bitcoin,2019,9,26,3,39,3,9616.948802498706,20516574603.1049,172926540728.91943,10053.018346571163,19160701670.757168,180268909126.30966,8702.713528026236,9699.504938095955,10041.304200624943,9616.948802498706,10053.018346571163
2019-09-27 00:00:00.000,8098.80982048931,22627889543.82238,145450672156.79562,bitcoin,2019,9,27,4,39,3,9309.17415189999,20387337289.685154,167449038880.8984,9984.049027586798,19217056769.317024,179054229642.93512,8446.244115548528,8702.713528026236,9699.504938095955,9309.17415189999,9984.049027586798
2019-09-28 00:00:00.000,8183.482347567026,19755414533.472134,147034755881.78366,bitcoin,2019,9,28,5,39,3,9024.179834024111,20740805384.21078,162365272842.52728,9931.715537542465,19110633739.047066,178149561805.88657,8098.80982048931,8446.244115548528,8702.713528026236,9024.179834024111,9931.715537542465
2019-09-29 00:00:00.000,8225.11037185192,17936691398.41125,147518938470.12482,bitcoin,2019,9,29,6,39,3,8771.024188886275,21021216110.260464,157790609138.17734,9889.71450247817,19026468084.64765,177405997090.56946,8183.482347567026,8098.80982048931,8446.244115548528,8771.024188886275,9889.71450247817
2019-09-30 00:00:00.000,8064.380983385267,16673592219.88411,144886125387.55658,bitcoin,2019,9,30,0,40,3,8488.606586423464,21079145752.116325,152736932116.70337,9838.894285189073,19035968545.523518,176512086084.54895,8225.11037185192,8183.482347567026,8098.80982048931,8488.606586423464,9838.894285189073
2019-10-01 00:00:00.000,8271.290855465355,21681424234.680668,148699326425.13895,bitcoin,2019,10,1,1,40,4,8284.576003190521,21634016148.2331,149112104794.1594,9794.361004894501,19246519205.38405,175733096185.7169,8064.380983385267,8225.11037185192,8183.482347567026,8284.576003190521,9794.361004894501
2019-10-02 00:00:00.000,8366.503905663569,17832872037.116558,150346803070.61414,bitcoin,2019,10,2,2,40,4,8236.54605713871,20215516582.228516,147986505749.78473,9748.935594021024,19340833358.577675,174939017588.10623,8271.290855465355,8064.380983385267,8225.11037185192,8236.54605713871,9748.935594021024
2019-10-03 00:00:00.000,8350.132163242944,17676173879.14879,150093691781.89334,bitcoin,2019,10,3,3,40,4,8222.815778237913,19169151120.933697,147718616167.70102,9683.172577449854,19254749242.578506,173796562901.3079,8366.503905663569,8271.290855465355,8064.380983385267,8222.815778237913,9683.172577449854
2019-10-04 00:00:00.000,8176.354679406582,17383555314.276905,146959035399.77228,bitcoin,2019,10,4,4,40,4,8233.893615226096,18419960516.712914,147934096630.9834,9601.712227118176,19047906123.11052,172351942293.68018,8350.132163242944,8366.503905663569,8271.290855465355,8233.893615226096,9601.712227118176
2019-10-05 00:00:00.000,8156.519553840962,16931274118.12778,146603545122.07248,bitcoin,2019,10,5,5,40,4,8230.041787550943,18016511885.949436,147872495093.8818,9521.145706278612,18905679538.226036,170926123524.78488,8176.354679406582,8350.132163242944,8366.503905663569,8230.041787550943,9521.145706278612
2019-10-06 00:00:00.000,8140.242484268429,16751341177.800287,146326858013.4359,bitcoin,2019,10,6,6,40,4,8217.917803610444,17847176140.14787,147702197885.7834,9440.145457728016,18832304523.984356,169491852512.55762,8156.519553840962,8176.354679406582,8350.132163242944,8217.917803610444,9440.145457728016
2019-10-07 00:00:00.000,7890.234349864658,16860212059.076086,141846566055.1005,bitcoin,2019,10,7,0,41,4,8193.039713107499,17873836117.175297,147267975124.00394,9358.1283251996,18609137693.81501,168036302235.66455,8140.242484268429,8156.519553840962,8176.354679406582,8193.039713107499,9358.1283251996
2019-10-08 00:00:00.000,8182.251593084191,21702135918.512657,147113201630.43686,bitcoin,2019,10,8,1,41,4,8180.319818481619,17876794929.151295,147041385867.61792,9282.151787262326,18710593641.307137,166690403849.80145,7890.234349864658,8140.242484268429,8156.519553840962,8180.319818481619,9282.151787262326
2019-10-09 00:00:00.000,8180.69113018462,19349468269.498783,147101302074.693,bitcoin,2019,10,9,2,41,4,8153.775136270341,18093451533.777325,146577742868.20062,9208.030361586945,18795439735.91844,165377516388.94806,8182.251593084191,7890.234349864658,8140.242484268429,8153.775136270341,9208.030361586945
2019-10-10 00:00:00.000,8573.060086448735,21622617282.771305,154173400068.15204,bitcoin,2019,10,10,3,41,4,8185.621982442598,18657229162.86626,147160558337.66617,9149.73464401771,18815778278.888924,164346571842.9038,8180.69113018462,8182.251593084191,7890.234349864658,8185.621982442598,9149.73464401771
2019-10-11 00:00:00.000,8561.51932921772,21307956536.769917,153974523119.16272,bitcoin,2019,10,11,4,41,4,8240.645503844187,19217857908.936687,148162770869.00763,9097.74854508449,18945183271.42586,163438089830.04688,8573.060086448735,8180.69113018462,8182.251593084191,8240.645503844187,9097.74854508449
2019-10-12 00:00:00.000,8277.848351085042,22522161253.606262,148684409190.17136,bitcoin,2019,10,12,5,41,4,8257.97818916477,20016556071.1479,148460037164.45035,9035.31982266609,19029595844.519337,162327356375.8412,8561.51932921772,8573.060086448735,8180.69113018462,8257.97818916477,9035.31982266609
2019-10-13 00:00:00.000,8308.470967433434,18009645880.918533,149460560799.4891,bitcoin,2019,10,13,6,41,4,8282.010829616915,20196313885.879078,148907708991.02936,8965.558190935797,19030357234.651905,161093032175.18796,8277.848351085042,8561.51932921772,8573.060086448735,8282.010829616915,8965.558190935797
2019-10-14 00:00:00.000,8289.497236618896,17006193531.89216,149295847366.54712,bitcoin,2019,10,14,0,42,4,8339.04838486752,20217168381.995663,149971892035.52173,8896.687202202425,19042209209.85083,159876523150.18863,8308.470967433434,8277.848351085042,8561.51932921772,8339.04838486752,8896.687202202425
2019-10-15 00:00:00.000,8347.350350085451,17384052860.807076,150188449071.35995,bitcoin,2019,10,15,1,42,4,8362.633921581986,19600299373.752007,150411213098.51077,8829.94714859755,19070687727.50848,158692473919.06546,8289.497236618896,8308.470967433434,8277.848351085042,8362.633921581986,8829.94714859755
2019-10-16 00:00:00.000,8175.8631121051185,17879549108.634247,147132917995.71127,bitcoin,2019,10,16,2,42,4,8361.944204713485,19390310922.19993,150415729658.65622,8758.953418329154,19207277524.653805,157434879843.32767,8347.350350085451,8289.497236618896,8308.470967433434,8361.944204713485,8758.953418329154
2019-10-17 00:00:00.000,8010.3021797941665,18700096464.78663,144153894666.31094,bitcoin,2019,10,17,3,42,4,8281.550218048547,18972807948.202118,148984371744.10748,8683.682767759554,19244593063.881565,156099455155.3615,8175.8631121051185,8347.350350085451,8289.497236618896,8281.550218048547,8683.682767759554
2019-10-18 00:00:00.000,8079.931459479744,17154383746.943811,145395122717.3465,bitcoin,2019,10,18,4,42,4,8212.751950943122,18379440406.79839,147758743115.2766,8612.911448181672,19240435759.67462,154841019418.9307,8010.3021797941665,8175.8631121051185,8347.350350085451,8212.751950943122,8612.911448181672
2019-10-19 00:00:00.000,7957.314093995798,18867966948.33369,143241128773.44717,bitcoin,2019,10,19,5,42,4,8166.961342787516,17857412648.902306,146981131627.17316,8539.526767402329,19241089684.700874,153538895344.65173,8079.931459479744,8010.3021797941665,8175.8631121051185,8166.961342787516,8539.526767402329
2019-10-20 00:00:00.000,7949.802268609832,16704267725.143393,143016860664.09183,bitcoin,2019,10,20,6,42,4,8115.722957241286,17670930055.220142,146060603036.4021,8462.745763866646,19013480250.94697,152179684530.35672,7957.314093995798,8079.931459479744,8010.3021797941665,8115.722957241286,8462.745763866646
2019-10-21 00:00:00.000,8208.362621758712,18477598769.79049,147845092519.85434,bitcoin,2019,10,21,0,43,4,8104.132297975545,17881130803.491337,145853352344.01743,8397.076432168664,19053362280.88023,151020483676.0058,7949.802268609832,7957.314093995798,8079.931459479744,8104.132297975545,8397.076432168664
2019-10-22 00:00:00.000,8220.91853113097,17608633115.73991,147972317568.96027,bitcoin,2019,10,22,1,43,4,8086.070609553478,17913213697.05317,145536762129.38892,8337.86705361247,19107856174.202774,149968174781.61868,8208.362621758712,7949.802268609832,7957.314093995798,8086.070609553478,8337.86705361247
2019-10-23 00:00:00.000,8045.294246807262,19789278104.487,144778678025.77008,bitcoin,2019,10,23,2,43,4,8067.417914510927,18186032125.03213,145200442133.683,8271.333388485215,19225229286.789238,148785401897.88187,8220.91853113097,8208.362621758712,7949.802268609832,8067.417914510927,8271.333388485215
2019-10-24 00:00:00.000,7468.5325324369,23372887462.736748,134533554377.15782,bitcoin,2019,10,24,3,43,4,7990.022250602745,18853573696.167862,143826107806.66116,8196.967641629913,19411081153.485027,147467416454.35556,8045.294246807262,8220.91853113097,8208.362621758712,7990.022250602745,8196.967641629913
2019-10-25 00:00:00.000,7433.915345679171,18827850066.723927,133881191476.35275,bitcoin,2019,10,25,4,43,4,7897.734234345521,19092640313.27931,142181260486.5192,8154.67436888501,19113263855.737534,146655922957.5261,7468.5325324369,8045.294246807262,8220.91853113097,7897.734234345521,8154.67436888501
2019-10-26 00:00:00.000,8652.030029867461,33573878835.9482,155391555503.11636,bitcoin,2019,10,26,5,43,4,7996.979368041473,21193484868.65281,143917035733.61478,8161.533899362309,19399035413.328724,146770010845.74734,7433.915345679171,7468.5325324369,8045.294246807262,7996.979368041473,8161.533899362309
2019-10-27 00:00:00.000,9217.236031536286,49973845766.74797,166118326255.2487,bitcoin,2019,10,27,6,43,4,8178.041334173823,25946281731.739178,147217245103.78006,8198.814773063874,20310567287.426243,147458932649.0291,8652.030029867461,7433.915345679171,7468.5325324369,8178.041334173823,8198.814773063874
2019-10-28 00:00:00.000,9502.020114436127,38396780063.80312,171191596562.45987,bitcoin,2019,10,28,0,44,4,8362.849547413452,28791879059.45527,150552459967.00943,8242.76603195951,20931946138.437275,148264160671.7183,9217.236031536286,8652.030029867461,7433.915345679171,8362.849547413452,8242.76603195951
2019-10-29 00:00:00.000,9239.897283779665,36102429175.35568,166074573773.0519,bitcoin,2019,10,29,1,44,4,8508.417940648982,31433849925.114666,153138496567.59393,8276.592262357102,21537470731.002087,148882681848.4825,9502.020114436127,9217.236031536286,8652.030029867461,8508.417940648982,8276.592262357102
2019-10-30 00:00:00.000,9407.163351459429,32395177164.64729,169552821617.46747,bitcoin,2019,10,30,2,44,4,8702.970669885006,33234692647.99471,156677659937.8364,8321.351674626241,22061523562.494198,149704905056.1462,9239.897283779665,9502.020114436127,9217.236031536286,8702.970669885006,8321.351674626241
2019-10-31 00:00:00.000,9171.874474054188,30846909824.024616,165289440818.62827,bitcoin,2019,10,31,3,44,4,8946.305232973189,34302410128.178688,161071358000.9036,8351.371128579201,22367039748.805664,150257908869.26254,9407.163351459429,9239.897283779665,9502.020114436127,8946.305232973189,8351.371128579201
2019-11-01 00:00:00.000,9151.824594459767,30452200168.00832,165197797836.50772,bitcoin,2019,11,1,4,44,4,9191.720839941847,35963031571.219315,165545158909.49716,8377.548484872408,22787684019.83539,150752942028.12564,9171.874474054188,9407.163351459429,9239.897283779665,9191.720839941847,8377.548484872408
2019-11-02 00:00:00.000,9233.413801605904,28239184318.818405,166428932044.73645,bitcoin,2019,11,2,5,44,4,9274.775664475908,35200932354.48649,167121926986.8715,8406.991206151175,23139784367.824375,151297450036.88712,9151.824594459767,9171.874474054188,9407.163351459429,9274.775664475908,8406.991206151175
2019-11-03 00:00:00.000,9302.83461784109,24723381192.255867,167702162283.47888,bitcoin,2019,11,3,6,44,4,9287.004033948024,31593723129.559044,167348189276.61865,8444.540537432324,23384445230.42367,151988887599.6773,9233.413801605904,9151.824594459767,9171.874474054188,9287.004033948024,8444.540537432324
2019-11-04 00:00:00.000,9204.286350451268,24204135432.76037,166118344447.8207,bitcoin,2019,11,4,0,45,4,9244.470639093044,29566202467.981506,166623438974.52734,8479.466097319335,23626873940.911427,152639380910.5356,9302.83461784109,9233.413801605904,9151.824594459767,9244.470639093044,8479.466097319335
2019-11-05 00:00:00.000,9378.95391433092,30915689705.65933,169099256441.51648,bitcoin,2019,11,5,1,45,4,9264.335872028938,28825239686.596313,167055536498.59372,8520.756478321417,24099018891.84006,153398460858.13828,9204.286350451268,9302.83461784109,9233.413801605904,9264.335872028938,8520.756478321417
2019-11-06 00:00:00.000,9300.373963047075,30247351915.79828,167676477990.56866,bitcoin,2019,11,6,2,45,4,9249.080245112887,28518407508.189312,166787487409.03677,8567.761132094165,24545256887.064137,154259457922.65387,9378.95391433092,9204.286350451268,9302.83461784109,9249.080245112887,8567.761132094165
2019-11-07 00:00:00.000,9340.048651574896,28787468129.58143,168462131862.39618,bitcoin,2019,11,7,3,45,4,9273.105127615845,28224201551.840282,167240728986.71786,8606.354367377187,24781434627.433094,154971088930.38586,9300.373963047075,9378.95391433092,9204.286350451268,9273.105127615845,8606.354367377187
2019-11-08 00:00:00.000,9221.073784983802,27099310469.653824,166326340114.0134,bitcoin,2019,11,8,4,45,4,9282.99786911928,27745217309.21822,167401949312.07584,8641.033789203828,25039762700.771595,155611923531.6965,9340.048651574896,9300.373963047075,9378.95391433092,9282.99786911928,8641.033789203828
2019-11-09 00:00:00.000,8795.896069400225,30263888374.64715,158619022798.02048,bitcoin,2019,11,9,5,45,4,9220.49533594704,28034460745.765175,166286247991.11642,8648.461655302212,25327805070.500786,155760110956.02548,9221.073784983802,9340.048651574896,9300.373963047075,9220.49533594704,8648.461655302212
2019-11-10 00:00:00.000,8809.78367388588,22726115538.66086,159050488591.96796,bitcoin,2019,11,10,6,45,4,9150.05948681058,27749137080.96589,165050294606.61484,8656.737133457815,25375077037.230484,155929309805.11902,8795.896069400225,9221.073784983802,9340.048651574896,9150.05948681058,8656.737133457815
2019-11-11 00:00:00.000,9043.673292397065,24973742612.68736,162996713000.82236,bitcoin,2019,11,11,0,46,4,9127.114764231408,27859080963.812603,164604347257.04364,8682.26463150155,25456796415.866524,156406386598.8074,8809.78367388588,8795.896069400225,9221.073784983802,9127.114764231408,8682.26463150155
2019-11-12 00:00:00.000,8729.917418490728,24569575079.59694,157759659438.00317,bitcoin,2019,11,12,1,46,4,9034.395264825667,26952493160.089405,162984404827.9703,8696.312846536794,25675460722.489136,156683023220.0912,9043.673292397065,8809.78367388588,8795.896069400225,9034.395264825667,8696.312846536794
2019-11-13 00:00:00.000,8806.751998954014,25677565875.96828,158722325407.9381,bitcoin,2019,11,13,2,46,4,8963.877841383803,26299666582.970833,161705240173.3088,8713.554671947964,25964506467.29167,156997239154.8042,8729.917418490728,9043.673292397065,8809.78367388588,8963.877841383803,8713.554671947964
2019-11-14 00:00:00.000,8770.78082523136,22919706604.19164,158380664653.97025,bitcoin,2019,11,14,3,46,4,8882.553866191867,25461414936.486576,160265030572.10507,8727.669021119495,26149028258.737827,157270313007.5579,8806.751998954014,8729.917418490728,9043.673292397065,8882.553866191867,8727.669021119495
2019-11-15 00:00:00.000,8652.025288272329,24149531741.878155,156230551241.27246,bitcoin,2019,11,15,4,46,4,8801.261223804515,25040017975.375767,158822775018.8564,8743.541093658401,26358027679.845955,157573567449.0766,8770.78082523136,8806.751998954014,8729.917418490728,8801.261223804515,8743.541093658401
2019-11-16 00:00:00.000,8480.435541874604,27102692384.575447,152925645908.6678,bitcoin,2019,11,16,5,46,4,8756.195434157997,24588418548.222668,158009435463.2346,8759.21220572775,26638114210.50558,157865959157.15515,8652.025288272329,8770.78082523136,8806.751998954014,8756.195434157997,8759.21220572775
2019-11-17 00:00:00.000,8496.376959145864,21153024163.074257,153343011226.43033,bitcoin,2019,11,17,6,46,4,8711.423046337995,24363691208.853153,157194081553.87207,8773.093722383286,26771402224.376595,158130888774.12457,8480.435541874604,8652.025288272329,8770.78082523136,8711.423046337995,8773.093722383286
2019-11-18 00:00:00.000,8508.499434051764,22808991914.56344,153491320212.84177,bitcoin,2019,11,18,0,47,4,8634.96963800295,24054441109.121162,155836168298.44626,8791.466567051819,26902769723.250923,158472561822.10443,8496.376959145864,8480.435541874604,8652.025288272329,8634.96963800295,8791.466567051819
2019-11-19 00:00:00.000,8202.834446107912,25563738775.736923,148089631526.6356,bitcoin,2019,11,19,1,47,4,8559.672070519693,24196464494.284023,154454735739.67947,8799.900972968422,27198085424.937374,158641654184.18924,8508.499434051764,8496.376959145864,8480.435541874604,8559.672070519693,8799.900972968422
2019-11-20 00:00:00.000,8138.831605359057,24993518393.55118,146797393103.30997,bitcoin,2019,11,20,2,47,4,8464.254871434698,24098743425.36729,152751173981.87546,8797.583272421767,27415282745.729393,158606730870.3044,8202.834446107912,8508.499434051764,8496.376959145864,8464.254871434698,8797.583272421767
2019-11-21 00:00:00.000,8095.865638011639,23442272034.865948,146173851045.95633,bitcoin,2019,11,21,3,47,4,8367.838416117596,24173395629.749336,151007343466.4449,8793.414842651122,27609737376.366932,158546781986.20425,8138.831605359057,8202.834446107912,8508.499434051764,8367.838416117596,8793.414842651122
2019-11-22 00:00:00.000,7632.494765498649,26390689050.10068,137741605692.4732,bitcoin,2019,11,22,4,47,4,8222.1911985785,24493560959.49541,148366065530.90216,8779.654859940834,27829784407.88739,158312212908.42773,8095.865638011639,8138.831605359057,8202.834446107912,8222.1911985785,8779.654859940834
2019-11-23 00:00:00.000,7293.013949172297,39111609334.13761,131796120680.40384,bitcoin,2019,11,23,5,47,4,8052.5595424781695,26209120523.718575,145347561926.86444,8773.80424049868,28354408470.267414,158220965118.53592,7632.494765498649,8095.865638011639,8138.831605359057,8052.5595424781695,8773.80424049868
2019-11-24 00:00:00.000,7309.689243566324,23984198665.43141,132153647357.58482,bitcoin,2019,11,24,6,47,4,7883.0327259668065,26613574024.055317,142320509945.6008,8769.663370428254,28526286756.891,158163380314.577,7293.013949172297,7632.494765498649,8095.865638011639,7883.0327259668065,8769.663370428254
2019-11-25 00:00:00.000,6935.73862740252,25073885715.215588,126056411448.4486,bitcoin,2019,11,25,0,48,4,7658.3526107312,26937130281.291332,138401237264.9732,8712.453657012755,28242953652.866577,157185542179.4214,7309.689243566324,7293.013949172297,7632.494765498649,7658.3526107312,8712.453657012755
2019-11-26 00:00:00.000,7118.264883393205,34693320000.26776,128442554040.63124,bitcoin,2019,11,26,1,48,4,7503.414101771957,28241356170.51003,135594511909.82971,8642.487952074653,27733602793.983906,155929683105.6008,6935.73862740252,7309.689243566324,7293.013949172297,7503.414101771957,8642.487952074653
2019-11-27 00:00:00.000,7157.684731054473,25650766567.61929,129550686418.96344,bitcoin,2019,11,27,2,48,4,7363.250262585587,28335248766.80547,133130696669.20877,8564.343439295264,27308735677.444443,154541652767.48425,7118.264883393205,6935.73862740252,7309.689243566324,7363.250262585587,8564.343439295264
2019-11-28 00:00:00.000,7483.754192176799,28972696169.33813,135280930611.90536,bitcoin,2019,11,28,3,48,4,7275.805770323467,29125309357.444355,131574565178.63008,8505.805336241834,27071077910.577194,153515197995.446,7157.684731054473,7118.264883393205,6935.73862740252,7275.805770323467,8505.805336241834
2019-11-29 00:00:00.000,7438.621769308849,22282583660.62635,134540136588.5858,bitcoin,2019,11,29,4,48,4,7248.109628010638,28538437158.948025,131117212449.5033,8440.187283503483,26733991460.44316,152348108494.4833,7483.754192176799,7157.684731054473,7118.264883393205,7248.109628010638,8440.187283503483
2019-11-30 00:00:00.000,7720.865011260837,23595242633.932213,139585890644.02713,bitcoin,2019,11,30,5,48,4,7309.231208309001,26321813344.63296,132230036730.0209,8391.820301410371,26492269220.773415,151491323488.66327,7438.621769308849,7483.754192176799,7157.684731054473,7309.231208309001,8391.820301410371
2019-12-01 00:00:00.000,7556.397585815771,19070509164.52246,136619988247.82372,bitcoin,2019,12,1,6,48,4,7344.47525720178,25619857701.64597,132868085428.62646,8338.639401122236,26112879520.65722,150538729835.70712,7720.865011260837,7438.621769308849,7483.754192176799,7344.47525720178,8338.639401122236
2019-12-02 00:00:00.000,7405.808478752477,22892863739.73771,133806709251.17143,bitcoin,2019,12,2,0,49,4,7411.628093108915,25308283133.720562,133975270829.01546,8277.71922369379,25934668834.687862,149451322409.25497,7556.397585815771,7720.865011260837,7438.621769308849,7411.628093108915,8277.71922369379
2019-12-03 00:00:00.000,7308.982444423794,19403364522.996704,132186853223.4845,bitcoin,2019,12,3,1,49,4,7438.873458970428,23124003779.8247,134510170712.2802,8211.257484579879,25757334945.71256,148267478773.92184,7405.808478752477,7556.397585815771,7720.865011260837,7438.873458970428,8211.257484579879
2019-12-04 00:00:00.000,7286.080951511441,17246866850.787033,131920184619.24728,bitcoin,2019,12,4,2,49,4,7457.215776178566,21923446677.420086,134848670455.17789,8147.31730461522,25525425992.980114,147127540112.9694,7308.982444423794,7405.808478752477,7556.397585815771,7457.215776178566,8147.31730461522
2019-12-05 00:00:00.000,7209.971417454778,24794733347.334072,130707605071.54596,bitcoin,2019,12,5,3,49,4,7418.103951218278,21326594845.70522,134195338235.12656,8075.017888052681,25321394114.36927,145847818400.63705,7286.080951511441,7308.982444423794,7405.808478752477,7418.103951218278,8075.017888052681
2019-12-06 00:00:00.000,7373.782498577651,22344057773.817043,133644089121.62453,bitcoin,2019,12,6,4,49,4,7408.841198256678,21335376861.875317,134067331454.13208,8010.798172570367,25057950976.30323,144713405438.3389,7209.971417454778,7286.080951511441,7308.982444423794,7408.841198256678,8010.798172570367
2019-12-07 00:00:00.000,7530.922830404948,20930338571.63358,135763797983.31136,bitcoin,2019,12,7,5,49,4,7381.706600991551,20954676281.54694,133521318216.88696,7950.493978531368,24796046657.704967,143623460975.70273,7373.782498577651,7209.971417454778,7286.080951511441,7381.706600991551,7950.493978531368
2019-12-08 00:00:00.000,7493.545154556748,17579259210.777077,135655571430.9959,bitcoin,2019,12,8,6,49,4,7372.727682240262,20741640573.86903,133383544385.91158,7892.909690850467,24478711615.742413,142601102019.60214,7530.922830404948,7373.782498577651,7209.971417454778,7372.727682240262,7892.909690850467
2019-12-09 00:00:00.000,7508.315669139108,17330633418.24195,135886870643.2531,bitcoin,2019,12,9,0,50,4,7387.371566581211,19947036242.22678,133680710299.06607,7849.990344175096,24047603117.19557,141843363614.44324,7493.545154556748,7530.922830404948,7373.782498577651,7387.371566581211,7849.990344175096
2019-12-10 00:00:00.000,7347.036951245358,19646929698.93577,133091781420.79082,bitcoin,2019,12,10,1,50,4,7392.807924698575,19981831267.36093,133809985755.82413,7801.232120087079,23944963589.204735,140978073375.404,7508.315669139108,7493.545154556748,7530.922830404948,7392.807924698575,7801.232120087079
2019-12-11 00:00:00.000,7233.950487171398,19546221321.50625,130970047495.47797,bitcoin,2019,12,11,2,50,4,7385.360715507142,20310310477.463676,133674251880.99995,7740.908026579556,23764046212.83203,139910517858.5592,7347.036951245358,7508.315669139108,7493.545154556748,7385.360715507142,7740.908026579556
2019-12-12 00:00:00.000,7197.426825880834,18016936696.22855,130242932604.26936,bitcoin,2019,12,12,3,50,4,7383.568630996578,19342053813.02003,133607870099.96043,7689.825006825893,23545624933.386417,138993293630.76807,7233.950487171398,7347.036951245358,7508.315669139108,7383.568630996578,7689.825006825893
2019-12-13 00:00:00.000,7200.7070180298015,19829801017.961727,130489545691.80916,bitcoin,2019,12,13,4,50,4,7358.843562346885,18982874276.469273,133157221038.55823,7636.2901741284195,23350699438.11953,138052200973.56378,7197.426825880834,7233.950487171398,7347.036951245358,7358.843562346885,7636.2901741284195
2019-12-14 00:00:00.000,7247.350277010915,18535665729.09757,131188243085.0565,bitcoin,2019,12,14,5,50,4,7318.333197576309,18640778156.106983,132503570338.80753,7585.5091558544045,23204564742.283066,137145786921.26663,7200.7070180298015,7197.426825880834,7233.950487171398,7318.333197576309,7585.5091558544045
2019-12-15 00:00:00.000,7081.740255265727,19497758114.150417,128114177662.37695,bitcoin,2019,12,15,6,50,4,7259.50392624902,18914849428.017464,131426228371.86197,7533.166321420851,23049505621.358807,136208574468.63678,7247.350277010915,7200.7070180298015,7197.426825880834,7259.50392624902,7533.166321420851
2019-12-16 00:00:00.000,7108.563021778046,18896096612.075874,128886696696.6067,bitcoin,2019,12,16,0,51,4,7202.39640519744,19138487027.136593,130426203522.34106,7487.437237417633,22775952428.942154,135407276161.56808,7081.740255265727,7247.350277010915,7200.7070180298015,7202.39640519744,7487.437237417633
2019-12-17 00:00:00.000,6901.036915336086,22208927988.54228,124984942945.9272,bitcoin,2019,12,17,1,51,4,7138.682114353258,19504486782.794666,129268083740.21768,7434.259235957306,22811149223.124424,134462007218.88466,7108.563021778046,7081.740255265727,7247.350277010915,7138.682114353258,7434.259235957306
2019-12-18 00:00:00.000,6627.162514553135,26481385708.660343,119931733577.11955,bitcoin,2019,12,18,2,51,4,7051.998118264934,20495224552.38811,127691181751.88077,7371.548005307353,22933562349.594315,133343354331.02725,6901.036915336086,7108.563021778046,7081.740255265727,7051.998118264934,7371.548005307353
2019-12-19 00:00:00.000,7274.768503792503,57308255783.65001,131230049166.53404,bitcoin,2019,12,19,3,51,4,7063.046929395174,26108270136.305458,127832198403.63286,7340.612473896839,23991712916.524754,132781368252.35718,6627.162514553135,6901.036915336086,7108.563021778046,7063.046929395174,7340.612473896839
2019-12-20 00:00:00.000,7152.558691632884,23539013331.219044,129498636860.963,bitcoin,2019,12,20,4,51,4,7056.168597052756,26638157609.627934,127690639999.22629,7307.736710105966,23943229414.447018,132204743044.27898,7274.768503792503,6627.162514553135,6901.036915336086,7056.168597052756,7307.736710105966
2019-12-21 00:00:00.000,7185.439179630756,22483207163.876167,130122764301.36632,bitcoin,2019,12,21,5,51,4,7047.3241545698775,27202092100.31059,127538428744.4134,7277.38916149327,23911260585.41402,131669706819.45929,7152.558691632884,7274.768503792503,6627.162514553135,7047.3241545698775,7277.38916149327
2019-12-22 00:00:00.000,7141.554857046259,18632480432.842224,129342305760.32504,bitcoin,2019,12,22,6,51,4,7055.869097681381,27078481002.980846,127713875615.54884,7261.024497878191,23652653631.50541,131389730155.05437,7185.439179630756,7152.558691632884,7274.768503792503,7055.869097681381,7261.024497878191
2019-12-23 00:00:00.000,7488.196174601466,24325792143.84145,135086328271.26212,bitcoin,2019,12,23,0,52,4,7110.102405227583,27854151793.233074,128599537269.07104,7267.530572059162,23159793058.495537,131499403741.41629,7141.554857046259,7185.439179630756,7152.558691632884,7110.102405227583,7267.530572059162
2019-12-24 00:00:00.000,7335.207616177015,30235862118.677437,132931613272.25092,bitcoin,2019,12,24,1,52,4,7172.126791062003,29000856668.966667,129734775887.1173,7268.381184479519,23368181840.2704,131525335938.57182,7488.196174601466,7141.554857046259,7185.439179630756,7172.126791062003,7268.381184479519
2019-12-25 00:00:00.000,7266.60819662888,26519710985.47972,131358497318.59528,bitcoin,2019,12,25,2,52,4,7263.476174215682,29006331708.51229,131367170707.32811,7279.410170120397,23416376015.945873,131702072134.24338,7335.207616177015,7488.196174601466,7141.554857046259,7263.476174215682,7279.410170120397
2019-12-26 00:00:00.000,7204.1848756885975,23546783550.72025,130643567866.7924,bitcoin,2019,12,26,3,52,4,7253.392798772265,24183264246.665184,131283387664.50786,7282.274169863578,23044824800.960957,131775439261.78209,7266.60819662888,7335.207616177015,7488.196174601466,7253.392798772265,7282.274169863578
2019-12-27 00:00:00.000,7208.489307892152,24771695136.045387,130768750218.36032,bitcoin,2019,12,27,4,52,4,7261.382886809304,24359361647.354664,131464832429.85034,7283.967655758168,23015522419.908493,131816041388.42867,7204.1848756885975,7266.60819662888,7335.207616177015,7261.382886809304,7283.967655758168
2019-12-28 00:00:00.000,7247.62371236525,25893684880.003197,131349923253.42535,bitcoin,2019,12,28,5,52,4,7270.266391485659,24846572749.65852,131640140851.57307,7276.09663976445,22912888710.263996,131685007809.81265,7208.489307892152,7204.1848756885975,7266.60819662888,7270.266391485659,7276.09663976445
2019-12-29 00:00:00.000,7307.887522683333,21437778061.8769,132567576727.86806,bitcoin,2019,12,29,6,52,4,7294.028200862384,25247329553.806335,132100893846.93636,7271.738831543598,22884728523.639015,131619255814.4554,7247.62371236525,7208.489307892152,7204.1848756885975,7294.028200862384,7271.738831543598
2019-12-30 00:00:00.000,7394.029285530991,22035194451.00931,133997529973.30914,bitcoin,2019,12,30,0,1,4,7280.575788138032,24920101311.973175,131945351232.94307,7260.844307352603,22832726917.54158,131432977125.43146,7307.887522683333,7247.62371236525,7208.489307892152,7280.575788138032,7260.844307352603
2019-12-31 00:00:00.000,7240.428912251818,22320671263.717125,131377523457.072,bitcoin,2019,12,31,1,1,4,7267.035973291575,23789359761.264553,131723338402.20323,7250.312018233805,22941065654.181404,131258228299.07307,7394.029285530991,7307.887522683333,7247.62371236525,7267.035973291575,7250.312018233805
2020-01-01 00:00:00.000,7195.153895430029,21187883711.18498,130394101535.60994,bitcoin,2020,1,1,2,1,1,7256.828215977453,23027670150.651024,131585567576.06247,7243.290198789723,22884232986.56298,131144474708.55437,7240.428912251818,7394.029285530991,7307.887522683333,7256.828215977453,7243.290198789723
2020-01-02 00:00:00.000,7193.7546679601,18123516838.8979,130422953817.668,bitcoin,2020,1,2,3,1,1,7255.338186301953,22252917763.24783,131554051283.33041,7239.4492729076,22841571397.09302,131085678061.69382,7195.153895430029,7240.428912251818,7394.029285530991,7255.338186301953,7239.4492729076
2020-01-03 00:00:00.000,6963.853353983485,20313194628.09452,126280790200.20206,bitcoin,2020,1,3,4,1,1,7220.390192886429,21615989119.25485,130912914137.87923,7228.708352990001,22943782323.00327,130897698247.72563,7193.7546679601,7195.153895430029,7240.428912251818,7220.390192886429,7228.708352990001
2020-01-04 00:00:00.000,7300.34693530511,31015776262.21867,132766262579.09486,bitcoin,2020,1,4,5,1,1,7227.9220818778385,22347716459.571342,131115248327.26057,7231.720870251679,23151150420.166092,130966320164.64394,6963.853353983485,7193.7546679601,7195.153895430029,7227.9220818778385,7231.720870251679
2020-01-05 00:00:00.000,7351.377053166627,20611640058.34164,133474716218.18332,bitcoin,2020,1,5,6,1,1,7234.134871946881,22229696744.78059,131244839683.0199,7230.974022071312,23093403162.983574,130960674401.19588,7300.34693530511,6963.853353983485,7193.7546679601,7234.134871946881,7230.974022071312
2020-01-06 00:00:00.000,7349.972248050628,21929224570.56102,133388991086.87988,bitcoin,2020,1,6,0,2,1,7227.841009449685,22214558190.43084,131157905556.38716,7224.942335992835,23126699362.947823,130881514171.31485,7351.377053166627,7300.34693530511,6963.853353983485,7227.841009449685,7224.942335992835
2020-01-07 00:00:00.000,7734.675515785289,28148518761.51164,140557168287.4443,bitcoin,2020,1,7,1,2,1,7298.447667097324,23047107832.972908,132469283389.29749,7232.9800147004535,23479008014.638977,131044900733.19646,7349.972248050628,7351.377053166627,7300.34693530511,7298.447667097324,7232.9800147004535
2020-01-08 00:00:00.000,8147.415237636371,34823187724.289955,147798610895.50055,bitcoin,2020,1,8,2,2,1,7434.48500169823,24995008406.27362,134955641869.28185,7254.283333650362,24062093158.17391,131441958741.60472,7734.675515785289,7349.972248050628,7351.377053166627,7434.48500169823,7254.283333650362
2020-01-09 00:00:00.000,8045.789124592971,39971512000.06816,146089575425.2795,bitcoin,2020,1,9,3,2,1,7556.20420978864,28116150572.155087,137193730670.36922,7277.575072761948,24739579234.87832,131875218541.75433,8147.415237636371,7734.675515785289,7349.972248050628,7556.20420978864,7277.575072761948
2020-01-10 00:00:00.000,7832.795643840387,29276053440.88472,141913856953.47913,bitcoin,2020,1,10,4,2,1,7680.33882262534,29396558973.982258,139427025920.83737,7297.536577984249,25063906972.190937,132240012190.35435,8045.789124592971,8147.415237636371,7734.675515785289,7680.33882262534,7297.536577984249
2020-01-11 00:00:00.000,8180.513169803805,35777298156.26295,146879934259.3087,bitcoin,2020,1,11,5,2,1,7806.076856125154,30076776387.417156,141443264732.29648,7330.306122781681,25655919020.858753,132794578912.189,7832.795643840387,8045.789124592971,8147.415237636371,7806.076856125154,7330.306122781681
2020-01-12 00:00:00.000,8012.085781814529,31504583511.03613,145561586658.57422,bitcoin,2020,1,12,6,2,1,7900.463817360568,31632911166.373512,143169960509.49518,7357.352081574504,26045078437.294567,133296980277.74783,8180.513169803805,7832.795643840387,8045.789124592971,7900.463817360568,7357.352081574504
2020-01-13 00:00:00.000,8171.401185320944,27533390875.51989,148204228775.38776,bitcoin,2020,1,13,0,3,1,8017.810808399185,32433506352.796204,145286423036.42487,7388.153778518173,26345002608.841976,133864179800.75888,8012.085781814529,8180.513169803805,7832.795643840387,8017.810808399185,7388.153778518173
2020-01-14 00:00:00.000,8110.647964503772,27962176780.62824,147446058196.45944,bitcoin,2020,1,14,1,3,1,8071.521158216112,32406886069.812866,146270550166.28418,7422.450702159441,26627149897.724567,134508575818.56163,8171.401185320944,8012.085781814529,8180.513169803805,8071.521158216112,7422.450702159441
2020-01-15 00:00:00.000,8801.871213137745,55384169405.51928,159481192213.82108,bitcoin,2020,1,15,2,3,1,8165.014869002022,35344169167.13133,147939490354.6157,7478.894308538098,27843418990.839348,135528392335.80211,8110.647964503772,8171.401185320944,8012.085781814529,8165.014869002022,7478.894308538098
2020-01-16 00:00:00.000,8820.85010599613,48160401007.254,159960761751.8495,bitcoin,2020,1,16,3,3,1,8275.737866345331,36514010453.87217,149921088401.26855,7542.888081560099,28708468091.463074,136694252962.6662,8801.871213137745,8110.647964503772,8171.401185320944,8275.737866345331,7542.888081560099
2020-01-17 00:00:00.000,8720.91950137424,36462155571.2176,158412991117.64667,bitcoin,2020,1,17,4,3,1,8402.612703135881,37540596472.49115,152278107567.5782,7612.679981120802,29041160420.214985,137976961547.35043,8820.85010599613,8801.871213137745,8110.647964503772,8402.612703135881,7612.679981120802
2020-01-18 00:00:00.000,8902.568995225329,41671910798.34088,161848747742.1508,bitcoin,2020,1,18,5,3,1,8505.763535338954,38382683992.788,154416509493.6985,7666.939997501896,28519948920.704678,138997584833.2043,8720.91950137424,8820.85010599613,8801.871213137745,8505.763535338954,7666.939997501896
2020-01-19 00:00:00.000,8906.902675151074,36801813631.51236,161823609428.34625,bitcoin,2020,1,19,6,3,1,8633.59452010132,39139431152.85603,156739655603.66592,7725.418130285836,28962042264.047787,140075083918.78375,8902.568995225329,8720.91950137424,8820.85010599613,8633.59452010132,7725.418130285836
2020-01-20 00:00:00.000,8690.380569544623,39242297095.94223,157906057309.30655,bitcoin,2020,1,20,0,4,1,8707.734432133273,40812132041.4878,158125631108.51144,7775.582843282965,29520678595.116657,141001193685.71512,8906.902675151074,8902.568995225329,8720.91950137424,8707.734432133273,7775.582843282965
2020-01-21 00:00:00.000,8631.253954333763,29527689342.88548,156848009983.54858,bitcoin,2020,1,21,1,4,1,8782.1067163947,41035776693.23883,159468767078.09564,7825.239479859215,29883852225.45143,141918050493.15588,8690.380569544623,8906.902675151074,8902.568995225329,8782.1067163947,7825.239479859215
2020-01-22 00:00:00.000,8724.818622931474,27057681779.746685,158564958350.98007,bitcoin,2020,1,22,2,4,1,8771.099203508089,36989135603.84275,159337876526.2612,7866.4602281368825,29974915213.31494,142700671495.81317,8631.253954333763,8690.380569544623,8906.902675151074,8771.099203508089,7866.4602281368825
2020-01-23 00:00:00.000,8665.436914096897,25628542094.50134,157502652064.02246,bitcoin,2020,1,23,3,4,1,8748.897318951056,33770298616.306652,158986717999.42874,7910.801204734211,29821337879.17574,143519706122.20554,8724.818622931474,8631.253954333763,8690.380569544623,8748.897318951056,7910.801204734211
2020-01-24 00:00:00.000,8415.956027335538,30696020541.207973,152984928858.5764,bitcoin,2020,1,24,4,4,1,8705.331108374101,32946565040.590992,158211280533.84732,7949.1127990911,29960548197.700016,144240587173.53824,8665.436914096897,8724.818622931474,8631.253954333763,8705.331108374101,7949.1127990911
2020-01-25 00:00:00.000,8432.096675789418,30691734305.128677,153294353936.51035,bitcoin,2020,1,25,5,4,1,8638.120777026114,31377968398.703533,156989224275.89865,7990.043192427794,30198713222.846962,144995613375.86218,8415.956027335538,8665.436914096897,8724.818622931474,8638.120777026114,7990.043192427794
2020-01-26 00:00:00.000,8348.665665079325,26582198966.298725,151794495723.25214,bitcoin,2020,1,26,6,4,1,8558.372632730148,29918023446.530155,155556493746.59952,8028.0490710007,30259063350.522076,145696471559.35858,8432.096675789418,8415.956027335538,8665.436914096897,8558.372632730148,8028.0490710007
2020-01-27 00:00:00.000,8595.728298493115,30241155463.2706,156302144661.30927,bitcoin,2020,1,27,0,5,1,8544.85087972279,28632146070.434208,155327363368.31418,8072.985890538295,30403979036.630985,146528212272.9547,8348.665665079325,8432.096675789418,8415.956027335538,8544.85087972279,8072.985890538295
2020-01-28 00:00:00.000,8879.335548714553,39661537339.92209,161473602737.4275,bitcoin,2020,1,28,1,5,1,8580.291107491475,30079838641.43944,155988162333.15402,8125.367491406002,31011437679.23249,147491746473.27335,8595.728298493115,8348.665665079325,8432.096675789418,8580.291107491475,8125.367491406002
2020-01-29 00:00:00.000,9320.805853868467,49812761504.1306,169518428144.8912,bitcoin,2020,1,29,2,5,1,8665.432140482473,33330564316.351433,157552943732.28418,8189.593377017252,31937356581.0032,148675776412.32608,8879.335548714553,8595.728298493115,8348.665665079325,8665.432140482473,8189.593377017252
2020-01-30 00:00:00.000,9276.893821086494,47273353143.75747,168738228801.50467,bitcoin,2020,1,30,3,5,1,8752.783127195273,36422680180.530876,159158026123.35306,8257.475540645075,32769112643.67121,149921133257.1405,9320.805853868467,8879.335548714553,8595.728298493115,8752.783127195273,8257.475540645075
2020-01-31 00:00:00.000,9509.80513557522,51037775414.9802,172993102966.37723,bitcoin,2020,1,31,4,5,1,8909.047285515227,39328645162.49834,162016336710.18173,8334.630581983247,33764109033.79772,151341099971.49942,9276.893821086494,9320.805853868467,8879.335548714553,8909.047285515227,8334.630581983247
2020-02-01 00:00:00.000,9308.060285564778,50102814005.68021,169340144566.23718,bitcoin,2020,2,1,5,5,1,9034.184944054565,42101656548.29142,164308592514.42847,8405.107435903403,34830085606.023796,152638339663.11838,9509.80513557522,9276.893821086494,9320.805853868467,9034.184944054565,8405.107435903403
2020-02-02 00:00:00.000,9363.22420680057,48307978233.84802,170361167834.16483,bitcoin,2020,2,2,6,5,1,9179.121878586171,45205339300.798454,166960974244.55884,8485.08646433064,35763245059.54892,154107685584.2505,9308.060285564778,9509.80513557522,9276.893821086494,9179.121878586171,8485.08646433064
2020-02-03 00:00:00.000,9338.416631939404,55025402183.68224,169926610304.08496,bitcoin,2020,2,3,0,6,1,9285.22021193564,48745945975.14297,168907326479.24106,8553.022120885116,36563565923.597694,155346363841.75015,9363.22420680057,9308.060285564778,9509.80513557522,9285.22021193564,8553.022120885116
2020-02-04 00:00:00.000,9308.91270229121,56824765307.81458,169406963182.6937,bitcoin,2020,2,4,1,6,1,9346.588376732307,51197835684.8419,170040663685.7077,8618.27330918927,37770670098.58013,156544105407.23383,9338.416631939404,9363.22420680057,9308.060285564778,9346.588376732307,8618.27330918927
2020-02-05 00:00:00.000,9179.95928107711,55377658455.62325,167075369075.11478,bitcoin,2020,2,5,2,6,1,9326.467437762112,51992820963.62657,169691655247.16818,8679.272876956818,38885617894.74888,157666984673.5083,9308.91270229121,9338.416631939404,9363.22420680057,9326.467437762112,8679.272876956818
2020-02-06 00:00:00.000,9592.18387389791,65675565620.91084,174596806174.2994,bitcoin,2020,2,6,3,6,1,9371.50887387803,54621708460.36277,170528594871.85318,8741.189822227238,40136519456.72884,158801639269.73682,9179.95928107711,9308.91270229121,9338.416631939404,9371.50887387803,8741.189822227238
2020-02-07 00:00:00.000,9744.636578159389,71141695218.03949,177388314197.5645,bitcoin,2020,2,7,4,6,1,9405.056222818623,57493697003.656944,171156482190.5942,8794.430533578006,41347136373.18716,159787962713.13898,9592.18387389791,9179.95928107711,9308.91270229121,9405.056222818623,8794.430533578006
2020-02-08 00:00:00.000,9799.448455824684,69495711755.62915,178414902529.15167,bitcoin,2020,2,8,5,6,1,9475.254532855755,60264110967.93537,172452876185.29623,8852.885844619064,42331276365.03919,160865473616.60138,9744.636578159389,9592.18387389791,9179.95928107711,9475.254532855755,8852.885844619064
2020-02-09 00:00:00.000,9890.701658194865,71561797135.19986,180081607384.42255,bitcoin,2020,2,9,6,6,1,9550.608454483512,63586085096.69991,173841510406.76166,8921.48271176421,43740801154.8497,162137731964.29947,9799.448455824684,9744.636578159389,9592.18387389791,9550.608454483512,8921.48271176421
2020-02-10 00:00:00.000,10148.379719131784,78110955304.52135,184792100015.1636,bitcoin,2020,2,10,0,7,1,9666.317466939565,66884021256.819786,175965151794.0586,8987.078263408479,45151923059.79164,163401470822.828,9890.701658194865,9799.448455824684,9744.636578159389,9666.317466939565,8987.078263408479
2020-02-11 00:00:00.000,9890.121224019967,81406687324.35088,180145850760.05316,bitcoin,2020,2,11,1,7,1,9749.347255757957,70395724402.03926,177499278590.82425,9049.679444815327,46815326520.235466,164554279626.2106,10148.379719131784,9890.701658194865,9799.448455824684,9749.347255757957,9049.679444815327
2020-02-12 00:00:00.000,10226.925769215322,38930644711.90421,186262984851.99292,bitcoin,2020,2,12,2,7,1,9898.913896920561,68046151010.0794,180240366558.94968,9118.196930945142,47195234981.44828,165822904828.76413,9890.121224019967,10148.379719131784,9890.701658194865,9898.913896920561,9118.196930945142
2020-02-13 00:00:00.000,10328.897565836414,45456624047.83392,188132988212.86743,bitcoin,2020,2,13,3,7,1,10004.158710054633,65157730785.354126,182174106850.17368,9192.138584322895,47778383223.68848,167179135829.31104,10226.925769215322,9890.121224019967,10148.379719131784,10004.158710054633,9192.138584322895
2020-02-14 00:00:00.000,10221.260309201634,54151236617.55855,186190344916.03287,bitcoin,2020,2,14,4,7,1,10072.247814489237,62730522413.85685,183431539809.95486,9239.45155419169,47737285464.08979,168069440919.38477,10328.897565836414,10226.925769215322,9890.121224019967,10072.247814489237,9239.45155419169
2020-02-15 00:00:00.000,10320.157140513991,50206573483.049774,187680301470.7393,bitcoin,2020,2,15,5,7,1,10146.634769444852,59974931232.05979,184755168230.1817,9289.428455342286,47805491213.28297,168993425576.68112,10221.260309201634,10328.897565836414,10226.925769215322,10146.634769444852,9289.428455342286
2020-02-16 00:00:00.000,9894.136123789158,51460340288.898056,180265718400.5704,bitcoin,2020,2,16,6,7,1,10147.125407386895,57103294539.73096,184781469803.91708,9328.535676089448,48305430703.87232,169721849819.44522,10320.157140513991,10221.260309201634,10328.897565836414,10147.125407386895,9328.535676089448
2020-02-17 00:00:00.000,9943.673602578743,42364906261.0548,181221481668.7407,bitcoin,2020,2,17,0,8,1,10117.881676450746,51996716104.95003,184271381468.71384,9363.239163001232,48328530552.62945,170367607616.9982,9894.136123789158,10320.157140513991,10221.260309201634,10117.881676450746,9363.239163001232
2020-02-18 00:00:00.000,9723.605026422496,48517591137.468,176547652266.39673,bitcoin,2020,2,18,1,8,1,10094.093648222537,47298273792.53819,183757353112.4772,9390.462574710276,48719056469.49464,170858409044.93323,9943.673602578743,9894.136123789158,10320.157140513991,10094.093648222537,9390.462574710276
2020-02-19 00:00:00.000,10133.817417084678,54648014949.72496,184918071499.10077,bitcoin,2020,2,19,2,8,1,10080.792455061017,49543612397.94115,183565222633.4926,9438.577136294945,49232580397.95407,171758809517.9264,9723.605026422496,9943.673602578743,9894.136123789158,10080.792455061017,9438.577136294945
2020-02-20 00:00:00.000,9618.409248250406,50502739123.75383,175312937106.92148,bitcoin,2020,2,20,3,8,1,9979.294123977303,50264485980.215416,181733786761.2146,9471.482312758833,49931748723.98301,172374307088.70547,10133.817417084678,9723.605026422496,9943.673602578743,9979.294123977303,9471.482312758833
2020-02-21 00:00:00.000,9608.16918128246,53579139400.80847,174871048291.16623,bitcoin,2020,2,21,4,8,1,9891.709677131705,50182757806.39398,180116744386.23364,9500.927331370534,50815797311.35174,172917843420.045,9618.409248250406,10133.817417084678,9723.605026422496,9891.709677131705,9500.927331370534
2020-02-22 00:00:00.000,9673.011800270346,37678167400.71924,176701844101.55685,bitcoin,2020,2,22,5,8,1,9799.260342811185,48392985508.9182,178548393333.49332,9534.513160909648,51217451488.22567,173557816487.96283,9608.16918128246,9618.409248250406,10133.817417084678,9799.260342811185,9534.513160909648
2020-02-23 00:00:00.000,9658.606058375472,32555342237.08436,176097270350.4831,bitcoin,2020,2,23,6,8,1,9765.61319060923,45692271501.516235,177952900754.9094,9575.93482861098,51279428878.08821,174328227871.02637,9673.011800270346,9608.16918128246,9618.409248250406,9765.61319060923,9575.93482861098
2020-02-24 00:00:00.000,9946.716123467522,38743680759.32858,181368043820.0941,bitcoin,2020,2,24,0,9,1,9766.047836450482,45174953572.698204,177973838205.10275,9626.422143533582,51547827093.2282,175264017533.8125,9658.606058375472,9673.011800270346,9608.16918128246,9766.047836450482,9626.422143533582
2020-02-25 00:00:00.000,9670.9608064677,41928789500.12296,175872097740.40662,bitcoin,2020,2,25,1,9,1,9758.527233599798,44233696195.93462,177877330415.67557,9670.498648246528,52059380111.022354,176066604267.71765,9946.716123467522,9658.606058375472,9673.011800270346,9758.527233599798,9670.498648246528
2020-02-26 00:00:00.000,9345.342701734848,39441760776.3185,170478976467.6238,bitcoin,2020,2,26,2,9,1,9645.88798854982,42061374171.16228,175814602554.03604,9695.485795021255,52366066954.79062,176539165327.92816,9670.9608064677,9946.716123467522,9658.606058375472,9645.88798854982,9695.485795021255
2020-02-27 00:00:00.000,8801.657129472504,45140119229.63602,160731785487.8149,bitcoin,2020,2,27,3,9,1,9529.209114438692,41295285614.85973,173731580894.16364,9692.896514379852,52548686351.11441,176514438086.27438,9345.342701734848,9670.9608064677,9946.716123467522,9529.209114438692,9692.896514379852
2020-02-28 00:00:00.000,8781.175282202359,43045469000.97675,160149975301.41962,bitcoin,2020,2,28,4,9,1,9411.067128855822,39790475557.74091,171628570467.05698,9674.908828657648,52323109934.34261,176202156324.82532,8801.657129472504,9345.342701734848,9670.9608064677,9411.067128855822,9674.908828657648
2020-02-29 00:00:00.000,8717.331431359424,41297721067.30182,159030381910.26715,bitcoin,2020,2,29,5,9,1,9274.541361868547,40307554652.966995,169104075868.3013,9656.256749000078,52123922198.46077,175878561428.45074,8781.175282202359,8801.657129472504,9345.342701734848,9274.541361868547,9656.256749000078
2020-03-01 00:00:00.000,8552.989118581636,33291626663.006737,156047250857.11172,bitcoin,2020,3,1,6,9,1,9116.596084755141,40412738142.384476,166239787369.24826,9624.362881766958,51532383906.72831,175313699691.47522,8717.331431359424,8781.175282202359,8801.657129472504,9116.596084755141,9624.362881766958
2020-03-02 00:00:00.000,8567.802248679225,34310775733.322155,155934421965.2728,bitcoin,2020,3,2,0,10,1,8919.608388356814,39779465995.81213,162606412818.5595,9599.687613870774,51005982630.98305,174866842271.44305,8552.989118581636,8717.331431359424,8781.175282202359,8919.608388356814,9599.687613870774
2020-03-03 00:00:00.000,8905.876104262194,59776629742.57125,162521881368.8758,bitcoin,2020,3,3,1,10,1,8810.310573756027,42329157459.019035,160699239051.19797,9584.442677119494,51388271014.607155,174605532722.6001,8567.802248679225,8552.989118581636,8717.331431359424,8810.310573756027,9584.442677119494
2020-03-04 00:00:00.000,8756.718576742549,68336042797.3885,159816567727.14258,bitcoin,2020,3,4,2,10,1,8726.221413042842,46456912033.4576,159176037802.5578,9565.052741946267,51831959035.06403,174268531303.36868,8905.876104262194,8567.802248679225,8552.989118581636,8726.221413042842,9565.052741946267
2020-03-05 00:00:00.000,8758.646993191916,38832067216.87788,159869936941.09732,bitcoin,2020,3,5,3,10,1,8720.077107859901,45555761745.92072,159052916581.59814,9546.710551642956,51232202432.03281,173950630428.64883,8756.718576742549,8905.876104262194,8567.802248679225,8720.077107859901,9546.710551642956
2020-03-06 00:00:00.000,9038.870323233425,38122635173.15044,165070261612.788,bitcoin,2020,3,6,4,10,1,8756.890685150052,44852499770.51697,159755814626.07935,9542.007586381502,50657034989.28371,173883793513.23795,8758.646993191916,8756.718576742549,8905.876104262194,8756.890685150052,9542.007586381502
2020-03-07 00:00:00.000,9135.84506603321,41388087588.44269,166791067805.42844,bitcoin,2020,3,7,5,10,1,8816.678347246308,44865409273.537094,160864484039.6738,9526.796292786012,49847452388.20144,173623602234.27557,9038.870323233425,8758.646993191916,8756.718576742549,8816.678347246308,9526.796292786012
2020-03-08 00:00:00.000,8902.20195010789,36764763103.12236,162543409238.00458,bitcoin,2020,3,8,6,10,1,8866.565894607202,45361571622.12504,161792506665.51562,9498.71513851763,48701554651.03753,173128772068.9569,9135.84506603321,9038.870323233425,8758.646993191916,8866.565894607202,9498.71513851763
2020-03-09 00:00:00.000,8041.365538071835,39132209137.69724,147076617271.6885,bitcoin,2020,3,9,0,11,1,8791.360650234716,46050347822.75005,160527105995.0036,9440.112374592534,47689437897.10647,172084162560.37482,8902.20195010789,9135.84506603321,9038.870323233425,8791.360650234716,9440.112374592534
2020-03-10 00:00:00.000,7921.33200691072,45678665163.11017,144664117909.4077,bitcoin,2020,3,10,1,11,1,8650.71149347022,44036352882.827034,157975996929.3653,9374.466719549728,46826666831.37015,170903579577.87433,8041.365538071835,8902.20195010789,9135.84506603321,8650.71149347022,9374.466719549728
2020-03-11 00:00:00.000,7906.731528510632,40882213633.94649,144410718987.88852,bitcoin,2020,3,11,2,11,1,8529.284772294233,40114377288.04961,155775161395.18616,9299.745113195688,45585708775.68432,169557533543.6318,7921.33200691072,8041.365538071835,8902.20195010789,8529.284772294233,9299.745113195688
2020-03-12 00:00:00.000,7935.522040170545,38689036552.81125,144948460093.29614,bitcoin,2020,3,12,3,11,1,8411.69549329118,40093944336.04009,153643521845.50027,9234.591807067374,44161787083.29967,168384287188.07324,7906.731528510632,7921.33200691072,8041.365538071835,8411.69549329118,9234.591807067374
2020-03-13 00:00:00.000,5142.990459018316,50009548492.07486,93092131086.97026,bitcoin,2020,3,13,4,11,1,7855.141226974736,41792074810.17214,143360931770.38345,9065.127296727474,44531083875.97202,165278592062.57245,7935.522040170545,7906.731528510632,7921.33200691072,7855.141226974736,9065.127296727474
2020-03-14 00:00:00.000,5542.819542373153,74329688818.10397,101262945297.35812,bitcoin,2020,3,14,5,11,1,7341.851866451871,46498017842.9809,133999771412.08768,8905.591362612033,45493519368.314354,162382923965.38882,5142.990459018316,7935.522040170545,7906.731528510632,7341.851866451871,8905.591362612033
2020-03-15 00:00:00.000,5214.189112383918,36054625746.82817,95216478864.65564,bitcoin,2020,3,15,6,11,1,6814.99288963416,46396569649.2246,124381638501.60927,8738.688989384775,44890299005.95667,159350461763.67624,5542.819542373153,5142.990459018316,7935.522040170545,6814.99288963416,8738.688989384775
2020-03-16 00:00:00.000,5397.93335743919,32985693209.74783,98632587514.00249,bitcoin,2020,3,16,0,12,1,6437.359720972354,45518495945.23182,117461062821.93983,8574.614863282282,44316269663.51328,156382204631.78503,5214.189112383918,5542.819542373153,5142.990459018316,6437.359720972354,8574.614863282282
2020-03-17 00:00:00.000,5032.501351487721,44034438467.96684,91962797384.28252,bitcoin,2020,3,17,1,12,1,6024.669627340497,45283606417.3542,109932302746.92197,8412.560370872236,44068739602.81557,153438773931.2421,5397.93335743919,5214.189112383918,5542.819542373153,6024.669627340497,8412.560370872236
2020-03-18 00:00:00.000,5389.41577503409,36007089253.82256,98079756006.79294,bitcoin,2020,3,18,2,12,1,5665.053091129562,44587160077.3365,103313593749.62259,8260.751776620746,43856812369.241165,150667383075.84384,5032.501351487721,5397.93335743919,5214.189112383918,5665.053091129562,8260.751776620746
2020-03-19 00:00:00.000,5376.280747845438,37618067230.41405,98259998309.05324,bitcoin,2020,3,19,3,12,1,5299.447192225975,44434164459.85119,96643813494.73074,8115.840967334845,43493494905.6727,148057794610.59906,5389.41577503409,5032.501351487721,5397.93335743919,5299.447192225975,8115.840967334845
2020-03-20 00:00:00.000,6170.200600237675,48056214948.15649,112778383593.4914,bitcoin,2020,3,20,4,12,1,5446.1914981144555,44155116810.719986,99456135281.37662,7983.720406773278,43273768238.95374,145653138347.07877,5376.280747845438,5389.41577503409,5032.501351487721,5446.1914981144555,7983.720406773278
2020-03-21 00:00:00.000,6195.603505257629,50936770688.25396,113030383272.51408,bitcoin,2020,3,21,5,12,1,5539.446349955094,40813271363.59856,101137197849.25606,7869.626882006851,43288235957.770424,143577053219.26517,6170.200600237675,5376.280747845438,5389.41577503409,5539.446349955094,7869.626882006851
2020-03-22 00:00:00.000,6145.770891252399,40189198131.46317,112349835902.32983,bitcoin,2020,3,22,6,12,1,5672.529461222021,41403924561.40356,103584820283.2095,7754.213605672516,42841904582.12558,141493012806.30396,6195.603505257629,6170.200600237675,5376.280747845438,5672.529461222021,7754.213605672516
2020-03-23 00:00:00.000,5859.647430299388,37255748385.30394,107128564670.89128,bitcoin,2020,3,23,0,13,1,5738.488614487763,42013932443.62586,104798531305.6222,7627.101460006817,42827823948.278404,139173903491.94843,6145.770891252399,6195.603505257629,6170.200600237675,5738.488614487763,7627.101460006817
2020-03-24 00:00:00.000,6456.347485963419,45578824447.64577,118046727572.5451,bitcoin,2020,3,24,1,13,1,5941.895205127148,42234559012.15142,108524807046.80257,7520.359507593082,43261940021.96378,137238885399.35051,5859.647430299388,6145.770891252399,6195.603505257629,5941.895205127148,7520.359507593082
2020-03-25 00:00:00.000,6730.173782371188,45846522059.373184,123064256188.85924,bitcoin,2020,3,25,2,13,1,6133.432063318162,43640192270.08722,112094021358.52629,7413.141429556537,43498701398.631935,135295425811.64267,6456.347485963419,5859.647430299388,6145.770891252399,6133.432063318162,7413.141429556537
2020-03-26 00:00:00.000,6695.900618397724,42082295491.03078,122445336599.19923,bitcoin,2020,3,26,3,13,1,6321.949187682775,44277939164.461044,115549069685.69002,7313.972756620872,43503818264.99552,133514533773.60245,6730.173782371188,6456.347485963419,5859.647430299388,6321.949187682775,7313.972756620872
2020-03-27 00:00:00.000,6765.56207892991,34840544710.10888,123732739823.4625,bitcoin,2020,3,27,4,13,1,6407.00082749595,42389986273.311386,117113977718.54305,7227.980069194041,43350444396.121864,131956325885.46371,6695.900618397724,6730.173782371188,6456.347485963419,6407.00082749595,7227.980069194041
2020-03-28 00:00:00.000,6397.826328325604,32910551599.472366,117019679177.8136,bitcoin,2020,3,28,5,13,1,6435.889802219948,39814812117.77116,117683877133.58582,7147.852375822477,42942792141.78308,130499255675.13034,6765.56207892991,6695.900618397724,6730.173782371188,6435.889802219948,7147.852375822477
2020-03-29 00:00:00.000,6255.000398693634,35231848358.55144,114171796491.49911,bitcoin,2020,3,29,6,13,1,6451.494017568695,39106619293.06948,117944157217.75285,7063.646546372186,42682338120.36891,128966649714.79965,6397.826328325604,6765.56207892991,6695.900618397724,6451.494017568695,7063.646546372186
2020-03-30 00:00:00.000,5915.337154791903,25923471292.176422,108551603303.50957,bitcoin,2020,3,30,0,14,1,6459.449692496198,37487722565.479836,118147448450.98404,6970.246737153268,42169863127.86472,127284023761.24107,6255.000398693634,6397.826328325604,6765.56207892991,6459.449692496198,6970.246737153268
2020-03-31 00:00:00.000,6403.141235565223,34907149977.57921,117151628726.53436,bitcoin,2020,3,31,1,14,1,6451.84879958217,35963197641.18461,118019577187.26823,6898.585141052723,42223713905.01714,125987503023.55516,5915.337154791903,6255.000398693634,6397.826328325604,6451.84879958217,6898.585141052723
2020-04-01 00:00:00.000,6421.70541388854,32287674952.1782,117750205634.39989,bitcoin,2020,4,1,2,14,2,6407.781889798935,34026219483.013897,117260427108.05977,6827.048579893032,42156277212.31235,124714695812.52606,6403.141235565223,5915.337154791903,6255.000398693634,6407.781889798935,6827.048579893032
2020-04-02 00:00:00.000,6640.797666310131,35886963977.71526,120921617010.34784,bitcoin,2020,4,2,3,14,2,6399.910039500706,33141172123.968822,117042752881.08096,6751.54596529463,41359955020.15048,123328020333.90848,6421.70541388854,6403.141235565223,5915.337154791903,6399.910039500706,6751.54596529463
2020-04-03 00:00:00.000,6807.897017890566,47638672293.73783,124719708453.63536,bitcoin,2020,4,3,4,14,2,6405.957887923658,34969476064.48724,117183748399.67711,6686.585246666231,40670042670.02879,122158125024.79156,6640.797666310131,6421.70541388854,6403.141235565223,6405.957887923658,6686.585246666231
2020-04-04 00:00:00.000,6732.852018394612,39867535857.25387,123234164427.70816,bitcoin,2020,4,4,5,14,2,6453.818700790658,35963330958.45603,118071532006.8049,6619.058747506321,40704558291.37466,120936932607.67857,6807.897017890566,6640.797666310131,6421.70541388854,6453.818700790658,6619.058747506321
2020-04-05 00:00:00.000,6859.424923721944,35009177102.13241,125564427826.17566,bitcoin,2020,4,5,6,14,2,6540.165061508989,35931520778.9676,119699050768.90154,6546.410567522605,40600776355.67406,119620071481.45818,6732.852018394612,6807.897017890566,6640.797666310131,6540.165061508989,6546.410567522605
2020-04-06 00:00:00.000,6788.048272605917,31885662165.01491,124272363451.93964,bitcoin,2020,4,6,0,15,2,6664.838078339561,36783262332.23024,121944873647.2487,6468.150674408362,40284028841.5598,118202781336.34187,6859.424923721944,6732.852018394612,6807.897017890566,6664.838078339561,6468.150674408362
2020-04-07 00:00:00.000,7297.635558289496,45370138560.82485,133484854333.44952,bitcoin,2020,4,7,1,15,2,6792.622981585887,38277974986.97962,124278191591.09372,6414.665128014415,40570874690.14989,117234162839.52339,6788.048272605917,6859.424923721944,6732.852018394612,6792.622981585887,6414.665128014415
2020-04-08 00:00:00.000,7196.782202442051,43386074290.71468,131782164465.85344,bitcoin,2020,4,8,2,15,2,6903.348237093531,39863460606.770546,126282757138.44423,6386.512350160089,40712670195.250465,116724347745.99556,7297.635558289496,6788.048272605917,6859.424923721944,6903.348237093531,6386.512350160089
2020-04-09 00:00:00.000,7342.291601148024,38922547592.862114,134518720640.0234,bitcoin,2020,4,9,3,15,2,7003.561656356086,40297115408.93438,128225200514.11217,6367.211003301332,40487466276.24219,116386167837.01608,7196.782202442051,7297.635558289496,6788.048272605917,7003.561656356086,6367.211003301332
2020-04-10 00:00:00.000,7294.488875121554,34921486435.060486,133598651281.71776,bitcoin,2020,4,10,4,15,2,7073.074778817657,38480374571.98048,129493620918.12393,6346.80291485503,40288775369.61266,116025765580.14372,7342.291601148024,7196.782202442051,7297.635558289496,7073.074778817657,6346.80291485503
2020-04-11 00:00:00.000,6864.694257006497,37828011010.9016,125740858699.27551,bitcoin,2020,4,11,5,15,2,7091.90938433364,38189013879.64444,129851720099.77641,6311.108655416228,40260074518.215675,115385512200.34302,7294.488875121554,7342.291601148024,7196.782202442051,7091.90938433364,6311.108655416228
2020-04-12 00:00:00.000,6878.781212589853,30280054180.28837,125980543742.365,bitcoin,2020,4,12,6,15,2,7094.674568457626,37513424890.80958,129911165230.66061,6368.968347201947,39602424707.822784,116481792622.18951,6864.694257006497,7294.488875121554,7342.291601148024,7094.674568457626,6368.968347201947
2020-04-13 00:00:00.000,6913.158787469097,34544392366.04943,126655463658.31229,bitcoin,2020,4,13,0,16,2,7112.547499152367,37893243490.95736,130251608117.28528,6414.646322038478,38276248159.42097,117328209900.88799,6878.781212589853,6864.694257006497,7294.488875121554,7112.547499152367,6414.646322038478
2020-04-14 00:00:00.000,6857.538537511484,38062368291.08157,125651103790.21223,bitcoin,2020,4,14,1,16,2,7049.67649618408,36849276309.56547,129132500896.8228,6469.424636209396,38343172910.89609,118342697398.40654,6913.158787469097,6878.781212589853,6864.694257006497,7049.67649618408,6469.424636209396
2020-04-15 00:00:00.000,6860.17853570111,33837365577.44977,125713883015.64565,bitcoin,2020,4,15,2,16,2,7001.59025807823,35485175064.81334,128265603546.7931,6518.166142151461,38371561989.81948,119245407248.46132,6857.538537511484,6913.158787469097,6878.781212589853,7001.59025807823,6518.166142151461
2020-04-16 00:00:00.000,6629.431738031291,29692916171.011845,121499498109.80827,bitcoin,2020,4,16,3,16,2,6899.753134775841,34166656290.263298,126405714613.90524,6571.397155036246,37893511246.58765,120229963939.31216,6860.17853570111,6857.538537511484,6913.158787469097,6899.753134775841,6571.397155036246
2020-04-17 00:00:00.000,7059.92622475854,45752002264.27432,129402884477.95892,bitcoin,2020,4,17,4,16,2,6866.244184723982,35713872837.293846,125806319356.22542,6627.080836693728,38218341680.26938,121274068221.68436,6629.431738031291,6860.17853570111,6857.538537511484,6866.244184723982,6627.080836693728
2020-04-18 00:00:00.000,7035.261503989225,31701906839.621475,128961704237.38852,bitcoin,2020,4,18,5,16,2,6890.610934292942,34838715098.53954,126266440147.38441,6682.3801952318545,38021136333.90963,122297458419.29555,7059.92622475854,6629.431738031291,6860.17853570111,6890.610934292942,6682.3801952318545
2020-04-19 00:00:00.000,7242.5109294929825,30035235468.3311,132775323305.43571,bitcoin,2020,4,19,6,16,2,6942.572322421962,34803740996.83136,127237122942.10881,6718.123872873697,37420437017.915436,122964023076.36035,7035.261503989225,7059.92622475854,6629.431738031291,6942.572322421962,6718.123872873697
2020-04-20 00:00:00.000,7127.511949689152,29714765522.325317,130680700686.31036,bitcoin,2020,4,20,0,17,2,6973.194202739112,34113794304.87077,127812156803.25137,6749.187487688081,36713036845.71782,123552366990.15356,7242.5109294929825,7035.261503989225,7059.92622475854,6973.194202739112,6749.187487688081
2020-04-21 00:00:00.000,6856.456278354705,35276609104.457115,125724610427.89977,bitcoin,2020,4,21,1,17,2,6973.039594288144,33715828706.781563,127822657751.49246,6772.877000591493,36549283878.150955,123998192807.67258,7127.511949689152,7242.5109294929825,7035.261503989225,6973.039594288144,6772.877000591493
2020-04-22 00:00:00.000,6842.038597634602,30093303601.39072,125473149029.1152,bitcoin,2020,4,22,2,17,2,6970.448174564357,33180962710.2017,127788267181.98811,6805.623372835998,36310535718.68718,124609678952.9467,6856.456278354705,7127.511949689152,7242.5109294929825,6970.448174564357,6805.623372835998
2020-04-23 00:00:00.000,7109.995291181778,30819547915.3444,130398643209.39326,bitcoin,2020,4,23,3,17,2,7039.100110728711,33341910102.249207,129059573624.78596,6827.411633009945,35818559834.27713,125021409474.17497,6842.038597634602,6856.456278354705,7127.511949689152,7039.100110728711,6827.411633009945
2020-04-24 00:00:00.000,7382.793144116689,41032858925.23595,135414822709.73112,bitcoin,2020,4,24,4,17,2,7085.223956351306,32667746768.100864,129918421943.61058,6849.165611734795,35658104396.47256,125433095024.87068,7109.995291181778,6842.038597634602,6856.456278354705,7085.223956351306,6849.165611734795
2020-04-25 00:00:00.000,7495.393587498606,33233126912.999897,137493716065.4006,bitcoin,2020,4,25,5,17,2,7150.95711113836,32886492492.869213,131137280776.18373,6875.815377371491,35363132110.53819,125934707673.74408,7382.793144116689,7109.995291181778,6842.038597634602,7150.95711113836,6875.815377371491
2020-04-26 00:00:00.000,7538.557687279841,31610167152.118294,138298135122.85803,bitcoin,2020,4,26,6,17,2,7193.24950510791,33111482733.41024,131926253892.95833,6901.581897649822,35255452858.60517,126420220850.3906,7495.393587498606,7382.793144116689,7109.995291181778,7193.24950510791,6901.581897649822
2020-04-27 00:00:00.000,7683.867415083342,33760863612.125053,140977260141.33173,bitcoin,2020,4,27,0,18,2,7272.728857307081,33689496746.238773,133397190957.9614,6944.449933875079,35283796592.36027,127218806882.50786,7538.557687279841,7495.393587498606,7382.793144116689,7272.728857307081,6944.449933875079
2020-04-28 00:00:00.000,7774.281554448049,35205525351.89531,142649802462.8293,bitcoin,2020,4,28,1,18,2,7403.846753891844,33679341924.444233,135815075534.3799,6995.092639066894,35282919158.80506,128168073748.21889,7683.867415083342,7538.557687279841,7495.393587498606,7403.846753891844,6995.092639066894
2020-04-29 00:00:00.000,7758.230255185947,32855687796.969097,142370212777.1421,bitcoin,2020,4,29,2,18,2,7534.7312763991795,34073968238.098286,138228941784.09802,7056.522409080029,35513993042.29815,129295360730.6733,7774.281554448049,7683.867415083342,7538.557687279841,7534.7312763991795,7056.522409080029
2020-04-30 00:00:00.000,8744.430287016561,60399592065.54053,160483573440.17792,bitcoin,2020,4,30,3,18,2,7768.221990089862,38299688830.983444,142526788959.9244,7134.565377461739,36363741111.89686,130739758887.79474,7758.230255185947,7774.281554448049,7683.867415083342,7768.221990089862,7134.565377461739
2020-05-01 00:00:00.000,8610.63580374089,65838312160.09067,158042623264.3916,bitcoin,2020,5,1,4,18,2,7943.628084321891,41843325007.39127,145759331896.30447,7207.529723790151,37482095685.493935,132082839475.46114,8744.430287016561,7758.230255185947,7774.281554448049,7943.628084321891,7207.529723790151
2020-05-02 00:00:00.000,8824.818413551968,44773967197.55202,161989355178.82224,bitcoin,2020,5,2,5,18,2,8133.545916615229,43492016476.61299,149258708912.50757,7280.33041536488,37778329126.15517,133451764081.07693,8610.63580374089,8744.430287016561,7758.230255185947,8133.545916615229,7280.33041536488
2020-05-03 00:00:00.000,8966.307014689282,39177855720.33245,164603123455.99927,bitcoin,2020,5,3,6,18,2,8337.510106245149,44573114843.50073,153016564388.6706,7352.27741525817,37496301907.04166,134781211247.82242,8824.818413551968,8610.63580374089,8744.430287016561,8337.510106245149,7352.27741525817
2020-05-04 00:00:00.000,8888.671912686868,45617019157.37323,163036842346.68604,bitcoin,2020,5,4,0,19,2,8509.625034474224,46266851349.96476,156167933275.14978,7424.1380784012445,37687951350.37896,136107967178.45502,8966.307014689282,8824.818413551968,8610.63580374089,8509.625034474224,7424.1380784012445
2020-05-05 00:00:00.000,8884.407813577056,44698213713.39127,162341412439.88123,bitcoin,2020,5,5,1,19,2,8668.214500064083,47622949687.32133,158981020414.7286,7491.637508063082,38010919237.42093,137333866665.57852,8888.671912686868,8966.307014689282,8824.818413551968,8668.214500064083,7491.637508063082
2020-05-06 00:00:00.000,9003.240557621584,43436234291.97107,165335617639.04947,bitcoin,2020,5,6,2,19,2,8846.073114697745,49134456329.46447,162261792537.85825,7565.477250896937,38395938308.319466,138702641805.14886,8884.407813577056,8888.671912686868,8966.307014689282,8846.073114697745,7565.477250896937
2020-05-07 00:00:00.000,9144.68703972007,48538811466.802704,167950864937.1468,bitcoin,2020,5,7,3,19,2,8903.252650798246,47440059101.07334,163328548465.99664,7627.045633611289,38501560738.51872,139851508825.2721,9003.240557621584,8884.407813577056,8888.671912686868,8903.252650798246,7627.045633611289
2020-05-08 00:00:00.000,9959.166416261767,61712313964.69186,182927847431.44943,bitcoin,2020,5,8,4,19,2,9095.89988115837,46850630787.44495,166883580489.86206,7719.125107405282,39112435394.31797,141556364924.1253,9144.68703972007,9003.240557621584,8884.407813577056,9095.89988115837,7719.125107405282
2020-05-09 00:00:00.000,9821.81131529702,50955646313.40579,180421762956.3486,bitcoin,2020,5,9,5,19,2,9238.327438550521,47733727803.99548,169516781600.93726,7801.77576454358,39513538685.00276,143086466334.66946,9959.166416261767,9144.68703972007,9003.240557621584,9238.327438550521,7801.77576454358
2020-05-10 00:00:00.000,9566.777187205966,46706541180.09866,175752574354.63544,bitcoin,2020,5,10,6,19,2,9324.10889176719,48809254298.2478,171109560300.74243,7877.5187082797265,39906373843.17069,144491597103.76672,9821.81131529702,9959.166416261767,9144.68703972007,9324.10889176719,7877.5187082797265
2020-05-11 00:00:00.000,8752.617087745832,61704475184.53314,160814678353.7077,bitcoin,2020,5,11,0,20,2,9304.672488204185,51107462302.12779,170792108301.74554,7940.449469304372,40702255982.29175,145660724425.58112,9566.777187205966,9821.81131529702,9959.166416261767,9304.672488204185,7940.449469304372
2020-05-12 00:00:00.000,8604.75159101983,57996080837.490005,158113540964.46692,bitcoin,2020,5,12,1,20,2,9264.721599267437,53007157605.57046,170188126662.40063,7997.981815252037,41626123537.53181,146731824332.9845,8752.617087745832,9566.777187205966,9821.81131529702,9264.721599267437,7997.981815252037
2020-05-13 00:00:00.000,8788.466749414652,39515455755.72524,161474125336.405,bitcoin,2020,5,13,2,20,2,9234.039626666448,52447046386.106766,169636484904.87997,8060.492080650223,41791825650.520996,147892446388.92096,8604.75159101983,8752.617087745832,9566.777187205966,9234.039626666448,8060.492080650223
2020-05-14 00:00:00.000,9283.08601265873,44239951916.52319,170593350055.82486,bitcoin,2020,5,14,3,20,2,9253.810908514828,51832923593.2097,170013982778.97684,8141.343663155131,41997745104.70238,149390521264.44138,8788.466749414652,8604.75159101983,8752.617087745832,9253.810908514828,8141.343663155131
2020-05-15 00:00:00.000,9796.494527024528,52076585310.72393,179398095871.3398,bitcoin,2020,5,15,4,20,2,9230.572067195224,50456390928.35713,169509732556.10403,8239.220862865912,42605719095.81152,151179995026.29785,9283.08601265873,8788.466749414652,8604.75159101983,9230.572067195224,8239.220862865912
2020-05-16 00:00:00.000,9309.29535940684,44866846516.37974,170983863891.47488,bitcoin,2020,5,16,5,20,2,9157.355502068054,49586562385.92485,168161461261.1221,8328.549650245097,43111516773.990456,152829473885.6867,9796.494527024528,9283.08601265873,8788.466749414652,9157.355502068054,8328.549650245097
2020-05-17 00:00:00.000,9375.29710843331,34146492788.290558,172309401206.74423,bitcoin,2020,5,17,6,20,2,9130.001205100532,47792269758.52368,167669579382.8519,8405.728679700922,42724666458.12432,154259691109.97955,9309.29535940684,9796.494527024528,9283.08601265873,9130.001205100532,8405.728679700922
2020-05-18 00:00:00.000,9666.32719340344,35650032953.969925,177224284369.1316,bitcoin,2020,5,18,0,21,2,9260.531220194476,44070206582.72894,170013808813.62674,8493.430869348063,42856270661.935936,155868443781.0377,9375.29710843331,9309.29535940684,9796.494527024528,9260.531220194476,8493.430869348063
2020-05-19 00:00:00.000,9708.439858793108,38922896809.95441,178446153576.46417,bitcoin,2020,5,19,1,21,2,9418.200972733515,41345466007.366714,172918467758.19778,8575.628500324734,43152526039.99004,157390804790.07193,9666.32719340344,9375.29710843331,9309.29535940684,9418.200972733515,8575.628500324734
2020-05-20 00:00:00.000,9760.198937162191,37077538114.72087,179127815802.66245,bitcoin,2020,5,20,2,21,2,9557.019856697449,40997192058.6518,175440423539.09174,8663.384733240502,43397951793.06991,159005708627.2837,9708.439858793108,9666.32719340344,9375.29710843331,9557.019856697449,8663.384733240502
2020-05-21 00:00:00.000,9526.50759300584,34829170074.82492,175227227252.9058,bitcoin,2020,5,21,3,21,2,9591.79436817561,39652794652.69491,176102405995.81757,8752.386443728872,43383037158.748825,160655795854.78387,9760.198937162191,9708.439858793108,9666.32719340344,9591.79436817561,8752.386443728872
2020-05-22 00:00:00.000,9059.962506871729,35965016693.72406,166569335290.8396,bitcoin,2020,5,22,4,21,2,9486.575508153779,37351141993.1235,174269725912.88895,8826.317240703444,43578760928.49328,162025668730.1747,9526.50759300584,9760.198937162191,9708.439858793108,9486.575508153779,8826.317240703444
2020-05-23 00:00:00.000,9131.767275081991,27700943119.83718,168309812992.5134,bitcoin,2020,5,23,5,21,2,9461.214353250229,34898870079.3317,173887718641.60873,8893.709640166784,43474807435.3097,163289374389.61203,9059.962506871729,9526.50759300584,9760.198937162191,9461.214353250229,8893.709640166784
2020-05-24 00:00:00.000,9170.361063506129,26159735072.083897,168614573110.75775,bitcoin,2020,5,24,6,21,2,9431.93777540349,33757904691.30218,173359886056.4678,8953.295237479764,42979036640.20463,164396032736.31293,9131.767275081991,9059.962506871729,9526.50759300584,9431.93777540349,8953.295237479764
2020-05-25 00:00:00.000,8731.848525870651,29437505507.203728,161407638875.36517,bitcoin,2020,5,25,0,22,2,9298.440822898805,32870400770.33558,171100365271.64404,8994.510402092166,42852515926.67809,165193163496.64508,9170.361063506129,9131.767275081991,9059.962506871729,9298.440822898805,8994.510402092166
2020-05-26 00:00:00.000,8883.691769863415,29130957734.103832,163333743988.58344,bitcoin,2020,5,26,1,22,2,9180.61966733742,31471552330.928352,168941449616.2325,9039.348204844953,42769875612.74428,166027683792.16928,8731.848525870651,9170.361063506129,9131.767275081991,9180.61966733742,9039.348204844953
2020-05-27 00:00:00.000,8839.130663273247,26860828302.61543,162547226896.53772,bitcoin,2020,5,27,2,22,2,9049.038485353285,30012022357.770435,166572794058.2147,9077.856979784616,42539874435.76063,166746682684.00943,8883.691769863415,8731.848525870651,9170.361063506129,9049.038485353285,9077.856979784616
2020-05-28 00:00:00.000,9174.118563996424,28916177009.890636,168615778509.82266,bitcoin,2020,5,28,3,22,2,8998.697195494799,29167309062.77982,165628301380.6314,9124.51821343623,42330229491.02713,167612215218.90924,8839.130663273247,8883.691769863415,8731.848525870651,8998.697195494799,9124.51821343623
2020-05-29 00:00:00.000,9546.04563503715,31771100326.33337,175534414971.32306,bitcoin,2020,5,29,4,22,2,9068.137642375574,28568178153.15258,166909027049.2719,9184.112059431269,42294076575.33927,168717688625.38196,9174.118563996424,8839.130663273247,8883.691769863415,9068.137642375574,9184.112059431269
2020-05-30 00:00:00.000,9427.120373393418,28880265574.93268,173355014878.4796,bitcoin,2020,5,30,5,22,2,9110.330942134347,28736652789.594795,167629770175.83847,9206.868395643833,41243432358.98569,169146736673.32532,9546.04563503715,9174.118563996424,8839.130663273247,9110.330942134347,9206.868395643833
2020-05-31 00:00:00.000,9662.70587254818,30231487421.644287,177978616382.68933,bitcoin,2020,5,31,6,22,2,9180.66591485464,29318331696.674854,168967490643.2573,9241.937397937407,40056538201.037476,169811269777.2686,9427.120373393418,9546.04563503715,9174.118563996424,9180.66591485464,9241.937397937407
2020-06-01 00:00:00.000,9466.961781429516,27396663221.15232,174105710752.04755,bitcoin,2020,6,1,0,23,2,9285.682094220192,29026782798.667507,170781500911.35477,9263.34217686666,39477294735.157486,170215148296.37607,9662.70587254818,9427.120373393418,9546.04563503715,9285.682094220192,9263.34217686666
2020-06-02 00:00:00.000,10167.93069332851,33702539853.509117,186932702065.96875,bitcoin,2020,6,2,1,23,2,9469.144797572348,29679865958.58255,174152780636.69553,9303.396299487968,39294784206.263374,170959467583.37506,9466.961781429516,9662.70587254818,9427.120373393418,9469.144797572348,9303.396299487968
2020-06-03 00:00:00.000,9515.243858655718,36841150778.6441,175463166971.51956,bitcoin,2020,6,3,2,23,2,9565.732396912703,31105626312.30093,175997914933.12152,9324.28203102026,39002255260.30573,171373678404.20285,10167.93069332851,9466.961781429516,9662.70587254818,9565.732396912703,9324.28203102026
2020-06-04 00:00:00.000,9645.227869360308,25222025158.95508,177416480472.83005,bitcoin,2020,6,4,3,23,2,9633.0337262504,30577890333.59585,177255158070.694,9349.642699546368,38353048975.15785,171876180671.9678,9515.243858655718,10167.93069332851,9466.961781429516,9633.0337262504,9349.642699546368
2020-06-05 00:00:00.000,9776.20299178848,24903069188.39716,179830985954.85498,bitcoin,2020,6,5,4,23,2,9665.913348643446,29596743028.17639,177868953925.48428,9375.408114018599,37735276805.03873,172359359615.82803,9645.227869360308,9515.243858655718,10167.93069332851,9665.913348643446,9375.408114018599
2020-06-06 00:00:00.000,9636.965527050055,23447982002.19483,177373937377.29663,bitcoin,2020,6,6,5,23,2,9695.891227737253,28820702517.78527,178443085711.02954,9391.8173969296,36898915822.88513,172673462030.49966,9776.20299178848,9645.227869360308,9515.243858655718,9695.891227737253,9391.8173969296
2020-06-07 00:00:00.000,9662.85870900224,19374357195.06036,177901732349.93213,bitcoin,2020,6,7,6,23,2,9695.913061516405,27269683913.987568,178432102277.77853,9381.940473354281,35487650597.23074,172505924861.11575,9636.965527050055,9776.20299178848,9645.227869360308,9695.913061516405,9381.940473354281
2020-06-08 00:00:00.000,9738.603356828591,23856639264.76249,179167717944.46164,bitcoin,2020,6,8,0,24,2,9734.719000859128,26763966205.931877,179155246162.40912,9379.166874738668,34584350362.27597,172464123360.71954,9662.85870900224,9636.965527050055,9776.20299178848,9734.719000859128,9379.166874738668
2020-06-09 00:00:00.000,9773.02951309516,21154971285.09144,179810911053.20026,bitcoin,2020,6,9,1,24,2,9678.30454654008,24971456410.443638,178137847446.29932,9386.041952268308,33732631365.775734,172599401250.6717,9738.603356828591,9662.85870900224,9636.965527050055,9678.30454654008,9386.041952268308
2020-06-10 00:00:00.000,9767.00531665552,22844271951.20621,179709840753.7975,bitcoin,2020,6,10,2,24,2,9714.270469111478,22971902292.238224,178744515129.4819,9419.854893231965,32437291257.998165,173229239997.34134,9773.02951309516,9738.603356828591,9662.85870900224,9714.270469111478,9419.854893231965
2020-06-11 00:00:00.000,9874.898681832236,24398738299.650776,181705166673.57465,bitcoin,2020,6,11,3,24,2,9747.080585178895,22854289883.766182,179357184586.7311,9462.193129592377,31317379840.07019,174015627520.9783,9767.00531665552,9773.02951309516,9738.603356828591,9747.080585178895,9462.193129592377
2020-06-12 00:00:00.000,9325.996856202635,31225155444.61979,171615707160.27472,bitcoin,2020,6,12,4,24,2,9682.765422952349,23757445063.22656,178183573330.36252,9480.110799818643,31041036496.366676,174353680248.44058,9874.898681832236,9767.00531665552,9773.02951309516,9682.765422952349,9480.110799818643
2020-06-13 00:00:00.000,9469.533297509908,23601462338.138702,174266571295.67957,bitcoin,2020,6,13,5,24,2,9658.846533018042,23779370825.504253,177739663890.1315,9486.325709313682,30353086843.75386,174476120956.43573,9325.996856202635,9874.898681832236,9767.00531665552,9658.846533018042,9486.325709313682
2020-06-14 00:00:00.000,9469.473456163696,19693461096.502857,174275005803.05463,bitcoin,2020,6,14,6,24,2,9631.22006832682,23824957097.138893,177221560097.72043,9475.425006951653,29273649369.94649,174305351287.4929,9469.533297509908,9325.996856202635,9874.898681832236,9631.22006832682,9475.425006951653
2020-06-15 00:00:00.000,9345.960907722065,18836155988.901707,172116372679.33923,bitcoin,2020,6,15,0,25,2,9575.12828988303,23107745200.58736,176214225059.84576,9476.647191895494,28405959685.697224,174343101580.42172,9469.473456163696,9469.533297509908,9325.996856202635,9575.12828988303,9476.647191895494
2020-06-16 00:00:00.000,9431.719262201745,29160908896.896835,173598215783.88248,bitcoin,2020,6,16,1,25,2,9526.369682612543,24251450573.70241,175326697164.22897,9478.527930354443,28239773555.984104,174386062066.32632,9345.960907722065,9469.473456163696,9469.533297509908,9526.369682612543,9478.527930354443
2020-06-17 00:00:00.000,9524.92661691022,26391020757.045525,175075304218.30185,bitcoin,2020,6,17,2,25,2,9491.787011220356,24758128974.5366,174664620516.30103,9473.814577804671,27931139816.08662,174314429394.632,9431.719262201745,9345.960907722065,9469.473456163696,9491.787011220356,9473.814577804671
2020-06-18 00:00:00.000,9463.361414311788,23643218251.13749,174231189757.1904,bitcoin,2020,6,18,3,25,2,9432.995973003151,24650197539.0347,173596909528.24612,9465.645296321958,27421817197.459393,174173930600.65622,9524.92661691022,9431.719262201745,9345.960907722065,9432.995973003151,9465.645296321958
2020-06-19 00:00:00.000,9399.767217129216,20601074385.50321,173034439845.62103,bitcoin,2020,6,19,4,25,2,9443.534595992662,23132471673.446617,173799585626.15277,9453.630905654192,26872601739.818798,173970818068.75485,9463.361414311788,9524.92661691022,9431.719262201745,9443.534595992662,9453.630905654192
2020-06-20 00:00:00.000,9312.780104497786,23738525501.71876,171101646024.0128,bitcoin,2020,6,20,5,25,2,9421.141282705215,23152052125.386623,173347453444.48605,9446.506656037258,26502913587.381924,173833298694.4584,9399.767217129216,9463.361414311788,9524.92661691022,9421.141282705215,9446.506656037258
2020-06-21 00:00:00.000,9360.247968201687,19774464252.766605,172323213442.3655,bitcoin,2020,6,21,6,25,2,9405.537641567787,23163624004.85288,173068625964.38763,9456.516171414924,25963228506.016678,174025094632.8426,9312.780104497786,9399.767217129216,9463.361414311788,9405.537641567787,9456.516171414924
2020-06-22 00:00:00.000,9298.360829121417,18986237382.053703,171192409474.1401,bitcoin,2020,6,22,0,26,2,9398.737630339123,23185064203.874584,172936631220.78775,9462.069289882902,25672738314.75723,174121181182.23016,9360.247968201687,9312.780104497786,9399.767217129216,9398.737630339123,9462.069289882902
2020-06-23 00:00:00.000,9678.683208975835,24768621256.83892,178128652479.62244,bitcoin,2020,6,23,1,26,2,9434.018194163991,22557594541.009174,173583836463.03632,9479.013361398562,25626367854.249065,174438317161.19232,9298.360829121417,9360.247968201687,9312.780104497786,9434.018194163991,9479.013361398562
2020-06-24 00:00:00.000,9624.684291831398,17756804210.055347,177187041226.59833,bitcoin,2020,6,24,2,26,2,9448.269290581304,21324135034.29629,173885513178.50723,9508.774553597254,25237011144.344116,174964297239.56677,9678.683208975835,9298.360829121417,9360.247968201687,9448.269290581304,9508.774553597254
2020-06-25 00:00:00.000,9288.061774486938,23183760291.75444,171028279701.5032,bitcoin,2020,6,25,3,26,2,9423.22648489204,21258498182.955853,173427954599.12332,9522.253553751369,25038771229.59914,175220781763.33072,9624.684291831398,9678.683208975835,9298.360829121417,9423.22648489204,9522.253553751369
2020-06-26 00:00:00.000,9258.667161007706,23499175984.21671,170495281892.45944,bitcoin,2020,6,26,4,26,2,9403.069334017538,21672512697.05778,173065217748.6717,9536.238103675852,24926716152.31918,175485716929.86148,9288.061774486938,9624.684291831398,9678.683208975835,9403.069334017538,9536.238103675852
2020-06-27 00:00:00.000,9166.486360416233,22429204010.63552,168807143703.19455,bitcoin,2020,6,27,5,26,2,9382.170227720173,21485466769.76018,172737431702.8405,9535.983696889843,24710483719.010677,175492095769.64053,9258.667161007706,9288.061774486938,9624.684291831398,9382.170227720173,9535.983696889843
2020-06-28 00:00:00.000,9013.90556467614,21515626881.09779,166004979429.79742,bitcoin,2020,6,28,6,26,2,9332.692741502238,21734204288.093204,171834826843.9022,9518.24569454448,24368634604.16949,175174447918.25632,9166.486360416233,9258.667161007706,9288.061774486938,9332.692741502238,9518.24569454448
2020-06-29 00:00:00.000,9139.903276297824,19665935216.70147,168334049772.4726,bitcoin,2020,6,29,0,27,2,9310.055948241725,21831303978.75717,171426489743.664,9508.671791307957,24061490258.895123,175007082414.72275,9013.90556467614,9166.486360416233,9258.667161007706,9310.055948241725,9508.671791307957
2020-06-30 00:00:00.000,9185.166540651147,19754459582.74716,169175896894.16483,bitcoin,2020,6,30,1,27,2,9239.553567052484,21114995168.172634,170147524660.0272,9492.753813578056,23712255997.59855,174713658431.77194,9139.903276297824,9013.90556467614,9166.486360416233,9239.553567052484,9492.753813578056
2020-07-01 00:00:00.000,9149.721996758017,19741435780.48584,168558715595.07886,bitcoin,2020,7,1,2,27,3,9171.70181061343,21398513963.948418,168914906712.66727,9482.179154089008,23457081749.576332,174528758593.20636,9185.166540651147,9139.903276297824,9013.90556467614,9171.70181061343,9482.179154089008
2020-07-02 00:00:00.000,9230.672998590804,20005031554.019035,170031996602.76715,bitcoin,2020,7,2,3,27,3,9163.503414056839,20944409858.557648,168772580555.705,9450.937230931082,23000498139.593327,173965401744.43298,9149.721996758017,9185.166540651147,9139.903276297824,9163.503414056839,9450.937230931082
2020-07-03 00:00:00.000,9094.318072166903,19379463385.296654,167604994105.34857,bitcoin,2020,7,3,4,27,3,9140.024972793868,20355879487.28335,168359682300.4034,9436.906371381458,22418441893.148415,173703462648.89392,9230.672998590804,9149.721996758017,9185.166540651147,9140.024972793868,9436.906371381458
2020-07-04 00:00:00.000,9071.3850427828,17420495829.39433,167116284671.21997,bitcoin,2020,7,4,5,27,3,9126.439070274806,19640349747.10604,168118131010.12134,9417.778277162206,22158390915.49639,173360122788.84027,9094.318072166903,9230.672998590804,9149.721996758017,9126.439070274806,9417.778277162206
2020-07-05 00:00:00.000,9132.908369533492,16643732672.69214,168258822207.29507,bitcoin,2020,7,5,6,27,3,9143.439470968713,18944364860.190945,168440108549.7639,9396.335123087041,21883079698.30622,172974383997.2549,9071.3850427828,9094.318072166903,9230.672998590804,9143.439470968713,9396.335123087041
2020-07-06 00:00:00.000,9087.407312582163,17324463886.377956,167429736492.90482,bitcoin,2020,7,6,0,28,3,9135.940047580762,18609868955.859016,168310920938.39703,9378.016515938109,21678962427.77899,172642910634.44183,9132.908369533492,9071.3850427828,9094.318072166903,9135.940047580762,9378.016515938109
2020-07-07 00:00:00.000,9342.376492626678,21987059041.689262,172136257752.3712,bitcoin,2020,7,7,1,28,3,9158.398612148694,18928811735.70789,168733829632.4265,9367.333775392259,21766052489.33329,172450728147.8565,9087.407312582163,9132.908369533492,9071.3850427828,9158.398612148694,9367.333775392259
2020-07-08 00:00:00.000,9253.630980242331,18945747769.31741,170510411872.0138,bitcoin,2020,7,8,2,28,3,9173.242752646453,18815142019.826683,169012643386.27438,9351.168029506049,21602356106.151787,172162151278.7749,9342.376492626678,9087.407312582163,9132.908369533492,9173.242752646453,9351.168029506049
2020-07-09 00:00:00.000,9432.17251582794,20708592426.03485,173809293389.63837,bitcoin,2020,7,9,3,28,3,9202.028397966043,18915650715.82894,169552257212.97025,9339.80612959714,21587476810.8499,171962097356.65616,9253.630980242331,9342.376492626678,9087.407312582163,9202.028397966043,9339.80612959714
2020-07-10 00:00:00.000,9235.716302064242,19480413474.236183,170198606143.6283,bitcoin,2020,7,10,4,28,3,9222.228145094236,18930072157.10602,169922773218.43878,9322.096495777432,21475348194.9509,171645056202.9839,9432.17251582794,9253.630980242331,9342.376492626678,9222.228145094236,9322.096495777432
2020-07-11 00:00:00.000,9282.913638839902,18224423467.7428,171104767641.88345,bitcoin,2020,7,11,5,28,3,9252.446515959537,19044918962.584373,170492556499.96216,9302.36366101102,21269537700.553967,171291709568.59415,9235.716302064242,9432.17251582794,9253.630980242331,9252.446515959537,9302.36366101102
2020-07-12 00:00:00.000,9234.314674712628,16167064476.282871,170191069703.26535,bitcoin,2020,7,12,6,28,3,9266.933130985126,18976823505.954475,170768591856.5293,9299.30758829469,20767601334.942738,171244221653.3605,9282.913638839902,9235.716302064242,9432.17251582794,9266.933130985126,9299.30758829469
2020-07-13 00:00:00.000,9297.479635872663,17173962879.687658,171364106456.32056,bitcoin,2020,7,13,0,29,3,9296.94346288377,18955323362.14158,171330644708.44586,9293.572466240113,20553351352.99437,171147472825.38187,9234.314674712628,9282.913638839902,9235.716302064242,9296.94346288377,9293.572466240113
2020-07-14 00:00:00.000,9240.76251972468,18245667827.00536,170370727819.23874,bitcoin,2020,7,14,1,29,3,9282.427181040626,18420838902.90102,171078426146.5698,9285.948768358814,20505091577.344448,171017330225.92136,9297.479635872663,9234.314674712628,9282.913638839902,9282.427181040626,9285.948768358814
2020-07-15 00:00:00.000,9247.060695963812,19147263017.229504,170451532161.73575,bitcoin,2020,7,15,2,29,3,9281.48856900084,18449626795.459892,171070014759.3872,9282.652094633539,20515461811.622047,170961835542.00125,9240.76251972468,9297.479635872663,9234.314674712628,9281.48856900084,9282.652094633539
2020-07-16 00:00:00.000,9203.3714351797,16565948994.90621,169758848797.9732,bitcoin,2020,7,16,3,29,3,9248.802700336804,17857820591.012943,170491379817.72076,9275.040500399471,20095629814.889023,170833856642.47092,9247.060695963812,9240.76251972468,9297.479635872663,9248.802700336804,9275.040500399471
2020-07-17 00:00:00.000,9136.483376363976,18760484380.276333,168496782960.8989,bitcoin,2020,7,17,4,29,3,9234.626568093909,17754973577.590107,170248262220.188,9262.09239238126,19841278602.33005,170614572600.5575,9203.3714351797,9247.060695963812,9240.76251972468,9234.626568093909,9262.09239238126
2020-07-18 00:00:00.000,9156.276583115488,16500659021.756384,168760444137.05035,bitcoin,2020,7,18,5,29,3,9216.535560133278,17508721513.877758,169913358862.3547,9251.856231341384,19603193294.684013,170432214413.2195,9136.483376363976,9203.3714351797,9247.060695963812,9216.535560133278,9251.856231341384
2020-07-19 00:00:00.000,9168.402736564132,15638459042.903372,169031588403.36658,bitcoin,2020,7,19,6,29,3,9207.119568969209,17433206451.966404,169747718676.65485,9244.144081989216,19437772783.264023,170298786031.811,9156.276583115488,9136.483376363976,9203.3714351797,9207.119568969209,9244.144081989216
2020-07-20 00:00:00.000,9202.615839500108,16085385661.984406,169692625141.8043,bitcoin,2020,7,20,0,30,3,9193.567598058842,17277695420.86594,169508935631.72397,9240.471939822626,19182668121.93954,170251818669.07074,9168.402736564132,9156.276583115488,9136.483376363976,9193.567598058842,9240.471939822626
2020-07-21 00:00:00.000,9163.159654576915,17080393205.34609,168936986921.46805,bitcoin,2020,7,21,1,30,3,9182.481474466304,17111227617.771757,169304115503.471,9233.902329368466,19092865753.692192,170138944451.7075,9202.615839500108,9168.402736564132,9156.276583115488,9182.481474466304,9233.902329368466
2020-07-22 00:00:00.000,9384.379751903269,20048075731.25112,173036757675.6725,bitcoin,2020,7,22,2,30,3,9202.098482457655,17239915148.346275,169673433434.03342,9236.76962679453,19128260365.332104,170200422725.0919,9163.159654576915,9202.615839500108,9168.402736564132,9202.098482457655,9236.76962679453
2020-07-23 00:00:00.000,9514.304987626969,19702428931.32856,175370017196.6754,bitcoin,2020,7,23,3,30,3,9246.517561378694,17687983710.692326,170475028919.5623,9231.29035274957,18959387287.81509,170108468215.6603,9384.379751903269,9163.159654576915,9202.615839500108,9246.517561378694,9231.29035274957
2020-07-24 00:00:00.000,9589.81771944117,26966148756.408127,176821599773.56787,bitcoin,2020,7,24,4,30,3,9311.279610389722,18860221478.71115,171664288464.22928,9230.128133669892,19266365439.360184,170096286833.89264,9514.304987626969,9384.379751903269,9163.159654576915,9311.279610389722,9230.128133669892
2020-07-25 00:00:00.000,9535.93879573746,35810926084.94321,175865705417.72916,bitcoin,2020,7,25,5,30,3,9365.517069335718,21618831059.166412,172679325790.04053,9238.39070104491,19687270965.79981,170257534357.7668,9589.81771944117,9514.304987626969,9384.379751903269,9365.517069335718,9238.39070104491
2020-07-26 00:00:00.000,9691.825138917147,36726067828.3661,178740874539.49573,bitcoin,2020,7,26,6,30,3,9440.29169824329,24631346599.9468,174066366666.63043,9252.829300308558,20128167360.60479,170532387446.00137,9535.93879573746,9589.81771944117,9514.304987626969,9440.29169824329,9252.829300308558
2020-07-27 00:00:00.000,9925.751397476346,19713211084.56171,183064851468.00015,bitcoin,2020,7,27,0,31,3,9543.596777954182,25149607374.6007,175976684713.22983,9278.138134877228,20037634263.068996,171007644371.4949,9691.825138917147,9535.93879573746,9589.81771944117,9543.596777954182,9278.138134877228
2020-07-28 00:00:00.000,10962.258481207356,34694788843.590096,202191797991.40768,bitcoin,2020,7,28,1,31,3,9800.610896044245,27665949608.63556,180727372008.9355,9343.083232094936,20476939661.81874,172213871656.8819,9925.751397476346,9691.825138917147,9535.93879573746,9800.610896044245,9343.083232094936
2020-07-29 00:00:00.000,10904.916526918994,27637575180.45096,201144184191.06567,bitcoin,2020,7,29,2,31,3,10017.830435332206,28750163815.664104,184742718653.99167,9401.91700711564,20742660993.94372,173307542804.16837,10962.258481207356,9925.751397476346,9691.825138917147,10017.830435332206,9401.91700711564
2020-07-30 00:00:00.000,11093.612240442404,23642111784.048485,204969785090.6761,bitcoin,2020,7,30,3,31,3,10243.445757162981,29312975651.766956,188971256924.5632,9465.53186377535,20872249400.653767,174500672410.71872,10904.916526918994,10962.258481207356,9925.751397476346,10243.445757162981,9465.53186377535
2020-07-31 00:00:00.000,11116.307163685276,22265381996.186665,205200775318.2176,bitcoin,2020,7,31,4,31,3,10461.515677769285,28641437543.163887,193025424859.51318,9531.084702672926,20956380941.177128,175722074401.49002,11093.612240442404,10904.916526918994,10962.258481207356,10461.515677769285,9531.084702672926
2020-08-01 00:00:00.000,11325.5515272739,22329797905.441616,208933774575.1489,bitcoin,2020,8,1,5,31,3,10717.174639417348,26715562088.949375,197749434739.14453,9600.913986962363,21033873152.891216,177018800333.90274,11116.307163685276,11093.612240442404,10904.916526918994,10717.174639417348,9600.913986962363
2020-08-02 00:00:00.000,11812.094307268517,26198946496.27784,217741425308.62857,bitcoin,2020,8,2,6,31,3,11020.070234896115,25211687612.936768,203320941991.87784,9691.506528132415,21261189256.590588,178690014707.3454,11325.5515272739,11116.307163685276,11093.612240442404,11020.070234896115,9691.506528132415
2020-08-03 00:00:00.000,11066.306240590267,27584591853.069736,204126077224.646,bitcoin,2020,8,3,0,32,3,11183.006641055244,26336170579.866486,206329688528.5415,9758.003901392665,21599992457.379765,179923674459.12628,11812.094307268517,11325.5515272739,11116.307163685276,11183.006641055244,9758.003901392665
2020-08-04 00:00:00.000,11230.907762749295,20583344056.841503,207218525401.74573,bitcoin,2020,8,4,1,32,3,11221.38510984695,24320249896.045254,207047792444.30405,9827.937214499858,21731312836.851414,181222331232.2746,11066.306240590267,11812.094307268517,11325.5515272739,11221.38510984695,9827.937214499858
2020-08-05 00:00:00.000,11181.917508034883,20527193170.963608,206583502227.5565,bitcoin,2020,8,5,2,32,3,11260.95667857779,23304481037.547066,207824837878.08847,9897.754221014948,21838070479.670937,182527456756.76303,11230.907762749295,11066.306240590267,11812.094307268517,11260.95667857779,9897.754221014948
2020-08-06 00:00:00.000,11719.26352395155,22359870185.20913,216249264843.7021,bitcoin,2020,8,6,3,32,3,11350.335433364813,23121303666.2843,209436192128.52078,9976.983788725778,21850497517.788265,183997890326.47406,11181.917508034883,11230.907762749295,11066.306240590267,11350.335433364813,9976.983788725778
2020-08-07 00:00:00.000,11768.127742240007,21793317050.968628,217128467890.10895,bitcoin,2020,8,7,4,32,3,11443.452658872631,23053865816.967438,211140148210.2195,10060.800347459033,21945416493.843304,185551825527.0772,11719.26352395155,11181.917508034883,11230.907762749295,11443.452658872631,10060.800347459033
2020-08-08 00:00:00.000,11571.487980683192,21624736673.079872,213579066889.2504,bitcoin,2020,8,8,5,32,3,11478.5864379311,22953142783.7729,211803761397.9483,10132.110862954209,21975954635.411472,186877484643.73096,11768.127742240007,11719.26352395155,11181.917508034883,11478.5864379311,10132.110862954209
2020-08-09 00:00:00.000,11739.131006414418,17286825185.217506,216526346494.0801,bitcoin,2020,8,9,6,32,3,11468.16310923766,21679982596.47857,211630178710.1557,10215.558019765882,21902835025.777515,188421742655.41266,11571.487980683192,11768.127742240007,11719.26352395155,11468.16310923766,10215.558019765882
2020-08-10 00:00:00.000,11682.85146915494,17051550190.814676,215621627427.59085,bitcoin,2020,8,10,0,33,3,11556.240999032612,20175262359.01356,213272400167.71924,10295.55594744305,21863739249.87991,189905637981.60294,11739.131006414418,11571.487980683192,11768.127742240007,11556.240999032612,10295.55594744305
2020-08-11 00:00:00.000,11862.938012702563,24145919191.344177,218920276229.41245,bitcoin,2020,8,11,1,33,3,11646.531034740223,20684201663.942513,214944078857.38593,10383.176725376046,22129701073.715286,191529944865.8078,11682.85146915494,11739.131006414418,11571.487980683192,11646.531034740223,10383.176725376046
2020-08-12 00:00:00.000,11398.671060896631,24448699831.26472,210825577055.42203,bitcoin,2020,8,12,2,33,3,11677.495828006186,21244416901.128387,215550089547.081,10453.216439543514,22372192305.43452,192845327219.11124,11862.938012702563,11682.85146915494,11739.131006414418,11677.495828006186,10453.216439543514
2020-08-13 00:00:00.000,11579.867951602137,22803776234.97776,213770877597.9049,bitcoin,2020,8,13,3,33,3,11657.582174813415,21307832051.095333,215196034226.25278,10531.186620606093,22524129252.366936,194291998878.40005,11398.671060896631,11862.938012702563,11682.85146915494,11657.582174813415,10531.186620606093
2020-08-14 00:00:00.000,11817.164038803396,24755770184.13853,217185020504.78036,bitcoin,2020,8,14,4,33,3,11664.587360036752,21731039641.548176,215204113171.20587,10616.856732034083,22711079491.263905,195849781823.16824,11579.867951602137,11398.671060896631,11862.938012702563,11664.587360036752,10616.856732034083
2020-08-15 00:00:00.000,11777.391322489924,21650925951.996807,216916952670.3025,bitcoin,2020,8,15,5,33,3,11694.002123152002,21734780967.10774,215680953997.0705,10702.657394944421,22880578723.166924,197421718618.91254,11817.164038803396,11579.867951602137,11398.671060896631,11694.002123152002,10702.657394944421
2020-08-16 00:00:00.000,11864.905810156475,21285690552.515503,219049736823.3334,bitcoin,2020,8,16,6,33,3,11711.969952258009,22306047448.15031,216041438329.8209,10793.60480940417,22964752262.24156,199106817080.99368,11777.391322489924,11817.164038803396,11579.867951602137,11711.969952258009,10793.60480940417
2020-08-17 00:00:00.000,11901.77648830246,19209711614.40851,219750735622.69547,bitcoin,2020,8,17,0,34,3,11743.24495499337,22614356222.94943,216631310929.12158,10885.121472910403,23055054015.329967,200806493463.84854,11864.905810156475,11777.391322489924,11817.164038803396,11743.24495499337,10885.121472910403
2020-08-18 00:00:00.000,12272.465808160425,25481896190.555748,226536103501.8635,bitcoin,2020,8,18,1,34,3,11801.748925773065,22805210079.979652,217719286253.75748,10988.590241963613,23383168586.91838,202723310633.79843,11901.77648830246,11864.905810156475,11777.391322489924,11801.748925773065,10988.590241963613
2020-08-19 00:00:00.000,11949.610970628191,24825715158.705486,220980135332.214,bitcoin,2020,8,19,2,34,3,11880.454627163286,22859069412.47119,219169937436.15628,11080.15674633455,23674512903.47575,204432894306.81207,12272.465808160425,11901.77648830246,11864.905810156475,11880.454627163286,11080.15674633455
2020-08-20 00:00:00.000,11733.278970862082,23384200655.888924,216660276172.5052,bitcoin,2020,8,20,3,34,3,11902.370487057564,22941987186.887074,219582708661.09918,11165.827390210723,23884639818.493843,206023670615.18,11949.610970628191,12272.465808160425,11901.77648830246,11902.370487057564,11165.827390210723
2020-08-21 00:00:00.000,11861.83657727968,20353349054.591465,219044968220.88757,bitcoin,2020,8,21,4,34,3,11908.752278268465,22313069882.666065,219848415477.68594,11248.409284389934,23894815595.938522,207557277633.35382,11733.278970862082,11949.610970628191,12272.465808160425,11908.752278268465,11248.409284389934
2020-08-22 00:00:00.000,11515.124298729215,23406354443.011192,212896669545.7498,bitcoin,2020,8,22,5,34,3,11871.285560588361,22563845381.382404,219274089317.03555,11315.103261426675,24018279779.661274,208808166044.98965,11861.83657727968,11733.278970862082,11949.610970628191,11871.285560588361,11315.103261426675
2020-08-23 00:00:00.000,11676.385305081289,19572783953.57896,215641597239.98148,bitcoin,2020,8,23,6,34,3,11844.354059863335,22319144438.677185,218787212233.69955,11384.655514281349,23771834286.23364,210102165960.53674,11515.124298729215,11861.83657727968,11733.278970862082,11844.354059863335,11384.655514281349
2020-08-24 00:00:00.000,11647.928120934364,18467219109.18413,215347356765.4613,bitcoin,2020,8,24,0,35,3,11808.090007382178,22213074080.787987,218158158111.23755,11455.055158454577,23193710720.375,211418221005.46115,11676.385305081289,11515.124298729215,11861.83657727968,11808.090007382178,11455.055158454577
2020-08-25 00:00:00.000,11758.828120368864,20061559392.103256,217410678530.3584,bitcoin,2020,8,25,1,35,3,11734.713194840528,21438740252.43763,216854525972.4511,11523.955257836302,22638227105.832905,212707214471.82324,11647.928120934364,11676.385305081289,11515.124298729215,11734.713194840528,11523.955257836302
2020-08-26 00:00:00.000,11350.753473213,23423332918.936924,209658632328.37,bitcoin,2020,8,26,2,35,3,11649.162123781212,21238399932.470695,215237168400.4734,11571.455327027525,22761897833.64541,213593673833.83557,11758.828120368864,11647.928120934364,11676.385305081289,11649.162123781212,11571.455327027525
2020-08-27 00:00:00.000,11465.002564032086,20869928785.800804,211778947737.22385,bitcoin,2020,8,27,3,35,3,11610.836922805498,20879218236.743816,214539835766.8618,11588.213463121681,22301069165.052437,213913245492.02942,11350.753473213,11758.828120368864,11647.928120934364,11610.836922805498,11588.213463121681
2020-08-28 00:00:00.000,11300.398363810944,21595917446.04397,208747591910.15524,bitcoin,2020,8,28,4,35,3,11530.631463738537,21056728006.95132,213068782008.18573,11601.396191018079,22099680573.905537,214166692415.99908,11465.002564032086,11350.753473213,11758.828120368864,11530.631463738537,11601.396191018079
2020-08-29 00:00:00.000,11519.118388160729,19271253870.82992,212799723684.94672,bitcoin,2020,8,29,5,35,3,11531.20204794304,20465999353.782566,213054932599.49957,11615.579729275358,21953985310.131588,214427690369.14148,11300.398363810944,11465.002564032086,11350.753473213,11531.20204794304,11615.579729275358
2020-08-30 00:00:00.000,11481.481823317012,18415439613.538937,212114842611.5429,bitcoin,2020,8,30,6,35,3,11503.358693405286,20300664448.06256,212551110509.72266,11627.752217929748,21825653897.37666,214658159278.91898,11519.118388160729,11300.398363810944,11465.002564032086,11503.358693405286,11627.752217929748
2020-08-31 00:00:00.000,11701.004008657852,19909556666.601448,216179629567.1804,bitcoin,2020,8,31,0,36,3,11510.94096308007,20506712670.55075,212670006624.2539,11640.267300642545,21744979189.415325,214899687778.65335,11481.481823317012,11519.118388160729,11300.398363810944,11510.94096308007,11640.267300642545
2020-09-01 00:00:00.000,11672.324104943627,21077276617.8664,215921598551.3304,bitcoin,2020,9,1,1,36,3,11498.58324659075,20651815131.374058,212457280912.9642,11635.608293898384,21574256860.13494,214839026886.74344,11701.004008657852,11481.481823317012,11519.118388160729,11498.58324659075,11635.608293898384
2020-09-02 00:00:00.000,11895.225345345636,25232603061.53493,221315690777.34525,bitcoin,2020,9,2,2,36,3,11576.364942609698,20910282294.60235,214122574977.10355,11663.238930723563,21495857233.750446,215412014005.1667,11672.324104943627,11701.004008657852,11481.481823317012,11576.364942609698,11663.238930723563
2020-09-03 00:00:00.000,11418.254756916149,26038738388.79888,210746091569.71368,bitcoin,2020,9,3,3,36,3,11569.68668445028,21648683666.45921,213975024096.03067,11669.483830529123,21677703711.48236,215529599544.099,11895.225345345636,11672.324104943627,11701.004008657852,11569.68668445028,11669.483830529123
2020-09-04 00:00:00.000,10197.459822768922,49411126240.51858,188438095255.46017,bitcoin,2020,9,4,4,36,3,11412.124035729988,25622284922.812725,211073667431.07422,11636.668574353593,22640501480.467525,214924752645.0291,11418.254756916149,11895.225345345636,11672.324104943627,11412.124035729988,11636.668574353593
2020-09-05 00:00:00.000,10484.470392265588,27623487077.06882,194040447575.9313,bitcoin,2020,9,5,5,36,3,11264.31717917354,26815461095.13257,208393770844.07202,11595.508803297393,22815955376.86285,214184458736.10342,10197.459822768922,11418.254756916149,11895.225345345636,11264.31717917354,11595.508803297393
2020-09-06 00:00:00.000,10177.789718049991,56430042198.69171,188092098308.3525,bitcoin,2020,9,6,6,36,3,11078.07544984968,32246118607.29725,204961950229.33057,11542.497535824394,23970512881.78695,213216579750.04486,10484.470392265588,10197.459822768922,11418.254756916149,11078.07544984968,11542.497535824394
2020-09-07 00:00:00.000,10260.0177277544,28801019507.333485,189621410257.03525,bitcoin,2020,9,7,0,37,3,10872.220266863475,33516327584.544685,201167918899.3098,11498.781860726765,24209722309.595406,212417991195.6377,10177.789718049991,10484.470392265588,10197.459822768922,10872.220266863475,11498.781860726765
2020-09-08 00:00:00.000,10359.44521698998,26560146962.23275,191501904758.68695,bitcoin,2020,9,8,1,37,3,10684.666140012952,34299594776.59702,197679391214.64645,11452.79233441262,24518833035.495914,211583843137.7913,10260.0177277544,10177.789718049991,10484.470392265588,10684.666140012952,11452.79233441262
2020-09-09 00:00:00.000,10125.014956069688,47780699209.09236,186825391248.7263,bitcoin,2020,9,9,2,37,3,10431.77894154496,37520751369.105225,192752205567.7009,11400.86445064311,25543138002.771835,210623968598.49576,10359.44521698998,10260.0177277544,10177.789718049991,10431.77894154496,11400.86445064311
2020-09-10 00:00:00.000,10230.154699360752,21357083446.312523,188757938083.84296,bitcoin,2020,9,10,3,37,3,10262.05036189419,36851943520.178604,189611040784.00507,11346.438340198383,25450176811.270786,209618557326.97684,10125.014956069688,10359.44521698998,10260.0177277544,10262.05036189419,11346.438340198383
2020-09-11 00:00:00.000,10342.15939120568,77545788530.61436,191180566587.0585,bitcoin,2020,9,11,4,37,3,10282.721728813727,40871180990.19228,190002822402.80484,11311.221284542018,27220079767.91577,208963723644.69797,10230.154699360752,10125.014956069688,10359.44521698998,10282.721728813727,11311.221284542018
2020-09-12 00:00:00.000,10378.223044584596,20796810115.947914,192111562749.9339,bitcoin,2020,9,12,5,37,3,10267.543536287869,39895941424.31787,189727267427.66232,11271.1664543081,27153180897.28144,208241746483.099,10342.15939120568,10230.154699360752,10125.014956069688,10267.543536287869,11271.1664543081
2020-09-13 00:00:00.000,10439.38467226404,19955498078.251053,192997988416.4807,bitcoin,2020,9,13,6,37,3,10304.914244032732,34685292264.25492,190428108871.68063,11225.240475423454,26993171827.08519,207435512080.15567,10378.223044584596,10342.15939120568,10230.154699360752,10304.914244032732,11225.240475423454
2020-09-14 00:00:00.000,10328.866065987391,21057424433.480133,190922719938.2308,bitcoin,2020,9,14,0,38,3,10314.749720923162,33579064396.561584,190614010254.70856,11176.956300206704,26973388443.13464,206569037655.75327,10439.38467226404,10378.223044584596,10342.15939120568,10314.749720923162,11176.956300206704
2020-09-15 00:00:00.000,10661.096235144483,23526143436.490395,197010021430.2403,bitcoin,2020,9,15,1,38,3,10357.84272351666,33145635321.455536,191400884064.93048,11136.829314372972,27048070205.9338,205834380475.98346,10328.866065987391,10439.38467226404,10378.223044584596,10357.84272351666,11136.829314372972
2020-09-16 00:00:00.000,10787.58020807624,23802088944.396893,199044338127.62628,bitcoin,2020,9,16,2,38,3,10452.494902374741,29720119569.35618,193146447904.77335,11099.68943836543,27201149450.266743,205144167226.14786,10661.096235144483,10328.866065987391,10439.38467226404,10452.494902374741,11099.68943836543
2020-09-17 00:00:00.000,10952.2499691071,24459086808.776905,202524001250.4926,bitcoin,2020,9,17,3,38,3,10555.651369481362,30163262906.851093,195113028357.1519,11055.68224373032,27167055804.20745,204343763817.76883,10787.58020807624,10661.096235144483,10328.866065987391,10555.651369481362,11055.68224373032
2020-09-18 00:00:00.000,10937.996396960929,23547167125.34241,202358479464.18542,bitcoin,2020,9,18,4,38,3,10640.770941732111,22449174134.669384,196709873053.88428,11021.96175794141,27124437536.428684,203723041955.5012,10952.2499691071,10787.58020807624,10661.096235144483,10640.770941732111,11021.96175794141
2020-09-19 00:00:00.000,10927.150310293277,20681771888.399277,202091264904.96927,bitcoin,2020,9,19,5,38,3,10719.189122547637,22432740102.16244,198135544790.3179,10995.090802589115,27034356577.512363,203237408246.58337,10937.996396960929,10952.2499691071,10787.58020807624,10719.189122547637,10995.090802589115
2020-09-20 00:00:00.000,11083.99836119821,18334274060.30012,204994315602.9869,bitcoin,2020,9,20,6,38,3,10811.276792395376,22201136671.02659,199849305816.96167,10969.162862053066,26967054077.70265,202769053159.31998,10927.150310293277,10937.996396960929,10952.2499691071,10811.276792395376,10969.162862053066
2020-09-21 00:00:00.000,10923.32666818137,20161733906.963223,202032519471.26852,bitcoin,2020,9,21,0,39,3,10896.199735565944,22073180881.524174,201436420035.96707,10949.436274368141,26858900059.834385,202406914823.50394,11083.99836119821,10927.150310293277,10937.996396960929,10896.199735565944,10949.436274368141
2020-09-22 00:00:00.000,10439.522488792423,23757059692.357037,193677795064.08533,bitcoin,2020,9,22,1,39,3,10864.546343229935,22106168918.07655,200960387697.9449,10908.207513825177,26998375917.79365,201674788084.3074,10923.32666818137,11083.99836119821,10927.150310293277,10864.546343229935,10908.207513825177
2020-09-23 00:00:00.000,10527.58784673943,19866578108.97796,194731087415.28983,bitcoin,2020,9,23,2,39,3,10827.404577324676,21543953084.44528,200344209024.75397,10870.86283801868,27045021217.78678,200987579105.96835,10439.522488792423,10923.32666818137,11083.99836119821,10827.404577324676,10870.86283801868
2020-09-24 00:00:00.000,10223.784106392732,19981974722.351276,189120580778.46332,bitcoin,2020,9,24,3,39,3,10723.338025508338,20904365643.527332,198429434671.60693,10819.694704219475,27042368395.461716,200044575847.57187,10527.58784673943,10439.522488792423,10923.32666818137,10723.338025508338,10819.694704219475
2020-09-25 00:00:00.000,10726.530083321984,21348447554.09249,198514026300.17917,bitcoin,2020,9,25,4,39,3,10693.128552131346,20590262847.634483,197880227076.74893,10798.887257889775,26973205549.966904,199673088979.96548,10223.784106392732,10527.58784673943,10439.522488792423,10693.128552131346,10798.887257889775
2020-09-26 00:00:00.000,10681.9938481137,19119761059.475536,197616950282.06653,bitcoin,2020,9,26,5,39,3,10658.106200391408,20367118443.50252,197241039273.47708,10772.786967359161,26914866625.756054,199201022398.12692,10726.530083321984,10223.784106392732,10527.58784673943,10658.106200391408,10772.786967359161
2020-09-27 00:00:00.000,10743.19287975935,16886146730.050009,198687083452.04324,bitcoin,2020,9,27,6,39,3,10609.419703042997,20160243110.609646,196340006109.05658,10754.21345122411,26757874268.55626,198865672116.18988,10681.9938481137,10726.530083321984,10223.784106392732,10609.419703042997,10754.21345122411
2020-09-28 00:00:00.000,10765.300521660893,17639951627.948776,199236216251.43555,bitcoin,2020,9,28,0,40,3,10586.84453925436,19799988499.32187,195940534220.509,10729.086189007447,26703497527.126884,198413555201.73947,10743.19287975935,10681.9938481137,10726.530083321984,10586.84453925436,10729.086189007447
2020-09-29 00:00:00.000,10672.02854425897,19869963340.485493,197720212770.89465,bitcoin,2020,9,29,1,40,3,10620.059690035294,19244689020.483078,196518022464.3389,10702.104413038845,26751981651.358437,197933734207.0512,10765.300521660893,10743.19287975935,10681.9938481137,10620.059690035294,10702.104413038845
2020-09-30 00:00:00.000,10837.516586513004,18308943800.63904,200532996047.58585,bitcoin,2020,9,30,2,40,3,10664.335224288661,19022169833.57752,197346866554.66693,10673.321498967352,26698627889.159687,197412179756.39804,10672.02854425897,10765.300521660893,10743.19287975935,10664.335224288661,10673.321498967352
2020-10-01 00:00:00.000,10770.881347466417,18558607662.6852,199310441688.8357,bitcoin,2020,10,1,3,40,4,10742.491973013473,18818831682.19665,198802560970.4344,10643.273407051443,26614672257.32032,196858474527.64822,10837.516586513004,10672.02854425897,10765.300521660893,10742.491973013473,10643.273407051443
2020-10-02 00:00:00.000,10627.97606396318,20889752499.95891,196617081790.5188,bitcoin,2020,10,2,4,40,4,10728.412827390788,18753303817.320423,198531568897.62576,10601.031764338695,26469910571.934452,196035187561.42072,10770.881347466417,10837.516586513004,10672.02854425897,10728.412827390788,10601.031764338695
2020-10-03 00:00:00.000,10572.674843011133,21258724984.47584,195660035179.73257,bitcoin,2020,10,3,5,40,4,10712.79582666185,19058870092.32047,198252009597.29233,10572.845767208528,26310576791.790348,195532319015.08798,10627.97606396318,10770.881347466417,10837.516586513004,10712.79582666185,10572.845767208528
2020-10-04 00:00:00.000,10546.65625537982,16039831144.937496,195188285650.34625,bitcoin,2020,10,4,6,40,4,10684.719166036202,18937967865.875824,197752181339.907,10584.485648295558,25198200288.604313,195757325361.58417,10572.674843011133,10627.97606396318,10770.881347466417,10684.719166036202,10584.485648295558
2020-10-05 00:00:00.000,10670.700811335208,16029160487.55924,197494664453.7935,bitcoin,2020,10,5,0,41,4,10671.204921703962,18707854845.820175,197503388225.9582,10590.693328931211,24811722735.62066,195872465924.1796,10546.65625537982,10572.674843011133,10627.97606396318,10671.204921703962,10590.693328931211
2020-10-06 00:00:00.000,10784.94940309411,17853484006.269306,199530129891.0881,bitcoin,2020,10,6,1,41,4,10687.336472966124,18419786369.50358,197761947814.55728,10610.93198509935,23525837462.539917,196253733643.6041,10670.700811335208,10546.65625537982,10572.674843011133,10687.336472966124,10610.93198509935
2020-10-07 00:00:00.000,10605.95779130622,19419734685.095844,196314284797.01337,bitcoin,2020,10,7,2,41,4,10654.25664507944,18578470781.568832,197159274778.76117,10622.463320551075,23213127968.46533,196476829461.6034,10784.94940309411,10670.700811335208,10546.65625537982,10654.25664507944,10622.463320551075
2020-10-08 00:00:00.000,10668.011010796896,17222472599.6063,197575523784.584,bitcoin,2020,10,8,3,41,4,10639.56088269808,18387594343.986134,196911429363.86807,10632.748847011308,22901872156.377773,196679283429.13327,10605.95779130622,10784.94940309411,10670.700811335208,10639.56088269808,10632.748847011308
2020-10-09 00:00:00.000,10888.666546835811,19767968267.462948,201518932273.67853,bitcoin,2020,10,9,4,41,4,10676.802380251314,18227339453.62957,197611693718.6052,10658.203900036844,21968114458.323467,197169068129.96503,10668.011010796896,10605.95779130622,10784.94940309411,10676.802380251314,10658.203900036844
2020-10-10 00:00:00.000,11063.2523862591,19254933802.105747,204809205392.1796,bitcoin,2020,10,10,5,41,4,10746.884886429596,17941083570.43384,198918718034.66904,10685.973822933456,21898042803.516567,197704110373.57623,10888.666546835811,10668.011010796896,10605.95779130622,10746.884886429596,10685.973822933456
2020-10-11 00:00:00.000,11286.541942043945,19496631246.27072,209268690952.5854,bitcoin,2020,10,11,6,41,4,10852.582841667328,18434912156.33859,200930204506.41748,10717.453241294732,19963070894.038452,198307047852.42715,11063.2523862591,10888.666546835811,10668.011010796896,10852.582841667328,10717.453241294732
2020-10-12 00:00:00.000,11377.814876756858,16270141989.732689,210799352797.1382,bitcoin,2020,10,12,0,42,4,10953.599136727562,18469338085.22051,202830874269.75244,10750.772969033807,19812181956.49794,198929974187.33392,11286.541942043945,11063.2523862591,10888.666546835811,10953.599136727562,10750.772969033807
2020-10-13 00:00:00.000,11543.183760771468,20957733313.86495,213726225963.2052,bitcoin,2020,10,13,1,42,4,11061.91833068147,18912802272.019886,204858887994.34064,10787.566271984055,19845589797.685074,199620915438.89145,11377.814876756858,11286.541942043945,11063.2523862591,11061.91833068147,10787.566271984055
2020-10-14 00:00:00.000,11426.105544220429,19556025069.397404,211576163357.66504,bitcoin,2020,10,14,2,42,4,11179.082295383501,18932272326.92011,207039156360.148,10824.14092125849,19795543152.215645,200309363552.8726,11543.183760771468,11377.814876756858,11286.541942043945,11179.082295383501,10824.14092125849
2020-10-15 00:00:00.000,11435.57243757972,20441486195.023685,211756280001.1405,bitcoin,2020,10,15,3,42,4,11288.733927781048,19392131411.979733,209064978676.79892,10849.956794672999,19692721244.166756,200800905505.2359,11426.105544220429,11543.183760771468,11377.814876756858,11288.733927781048,10849.956794672999
2020-10-16 00:00:00.000,11495.584995733889,20511481706.663586,212878404236.874,bitcoin,2020,10,16,4,42,4,11375.436563337917,19498347617.579826,210687760385.82684,10873.556954261585,19583034336.242313,201262041042.21082,11435.57243757972,11426.105544220429,11543.183760771468,11375.436563337917,10873.556954261585
2020-10-17 00:00:00.000,11319.097785677624,20436703034.239178,209993205751.0232,bitcoin,2020,10,17,5,42,4,11411.98590611199,19667171793.598885,211428331865.66165,10885.785214813937,19448954877.091057,201511014525.56186,11495.584995733889,11435.57243757972,11426.105544220429,11411.98590611199,10885.785214813937
2020-10-18 00:00:00.000,11365.814131026178,15650920221.099894,210421523306.69055,bitcoin,2020,10,18,6,42,4,11423.310504538023,19117784504.28877,211593022201.9624,10900.045805949445,19185746646.94964,201779782653.64536,11319.097785677624,11495.584995733889,11435.57243757972,11423.310504538023,10900.045805949445
2020-10-19 00:00:00.000,11495.899975689872,15569792414.423223,212752326976.49207,bitcoin,2020,10,19,0,43,4,11440.179804385598,19017734564.958843,211872018513.29865,10919.004128129332,19015347331.150436,202135151389.36276,11365.814131026178,11319.097785677624,11495.584995733889,11440.179804385598,10919.004128129332
2020-10-20 00:00:00.000,11752.146863919786,18121468516.27194,217391050812.65872,bitcoin,2020,10,20,1,43,4,11470.031676263929,18612553879.588413,212395564920.36343,10941.275744886718,19008253813.016167,202548375896.35187,11495.899975689872,11365.814131026178,11319.097785677624,11470.031676263929,10941.275744886718
2020-10-21 00:00:00.000,11908.708923246451,21431994055.82887,220404884318.9781,bitcoin,2020,10,21,2,43,4,11538.975016124788,18880549449.078625,213656810771.97955,10974.121820055552,19050595817.97835,203160788057.94217,11752.146863919786,11495.899975689872,11365.814131026178,11538.975016124788,10974.121820055552
2020-10-22 00:00:00.000,12806.435726727444,29314287990.069,236717318526.1569,bitcoin,2020,10,22,3,43,4,11734.812628860178,20148092562.65653,217222673418.4105,11053.018927986723,19235836761.235416,204595438840.01123,11908.708923246451,11752.146863919786,11495.899975689872,11734.812628860178,11053.018927986723
2020-10-23 00:00:00.000,12951.044060038126,25070864646.764915,240257678153.83536,bitcoin,2020,10,23,4,43,4,11942.73535233221,20799432982.671,221133998263.6907,11133.800801763344,19409312979.161648,206112991864.6294,12806.435726727444,11908.708923246451,11752.146863919786,11942.73535233221,11133.800801763344
2020-10-24 00:00:00.000,12928.072296348406,21379873277.585674,239590543523.72256,bitcoin,2020,10,24,5,43,4,12172.588853856609,20934171588.86336,225362189374.07632,11223.943741428531,19455909597.66946,207795323956.13803,12951.044060038126,12806.435726727444,11908.708923246451,12172.588853856609,11223.943741428531
2020-10-25 00:00:00.000,13106.04601925958,19302801174.758503,242785151288.0792,bitcoin,2020,10,25,6,43,4,12421.193409318525,21455868867.957447,229985564799.989,11303.26093929312,19387721385.024998,209271028122.40137,12928.072296348406,12951.044060038126,12806.435726727444,12421.193409318525,11303.26093929312
2020-10-26 00:00:00.000,13021.410842124118,18998745579.318,241326618198.73065,bitcoin,2020,10,26,0,44,4,12639.123533094844,21945719320.085274,234067606403.16592,11381.241505760134,19383687535.686413,210728017052.95688,13106.04601925958,12928.072296348406,12951.044060038126,12639.123533094844,11381.241505760134
2020-10-27 00:00:00.000,13060.79221208406,21507619985.694366,242141178089.60797,bitcoin,2020,10,27,1,44,4,12826.072868546882,22429455244.28848,237603338871.30154,11458.494816837623,19537736644.20789,212176486874.20898,13021.410842124118,13106.04601925958,12928.072296348406,12826.072868546882,11458.494816837623
2020-10-28 00:00:00.000,13655.18541588308,23918511528.069115,253004886697.3608,bitcoin,2020,10,28,2,44,4,13075.569510352116,22784672026.037083,242260482068.21338,11554.824313311696,19747021974.211903,213968775889.07318,13060.79221208406,13021.410842124118,13106.04601925958,13075.569510352116,11554.824313311696
2020-10-29 00:00:00.000,13282.999348292438,26825856788.112816,245661872194.4421,bitcoin,2020,10,29,3,44,4,13143.650027718544,22429181854.32906,243538275449.39694,11641.856673446146,19978885089.132816,215566831203.1914,13655.18541588308,13060.79221208406,13021.410842124118,13143.650027718544,11641.856673446146
2020-10-30 00:00:00.000,13441.878496031612,22860841953.831577,249545455596.3296,bitcoin,2020,10,30,4,44,4,13213.769232860472,22113464326.76715,244865100798.32468,11728.668737096767,20130615027.572567,217200579854.81622,13282.999348292438,13655.18541588308,13060.79221208406,13213.769232860472,11728.668737096767
2020-10-31 00:00:00.000,13537.174271524887,23482756915.113663,250845436637.92023,bitcoin,2020,10,31,5,44,4,13300.783800742825,22413876274.985435,246472942671.78152,11820.87850123205,20294753335.986843,218918413019.7857,13441.878496031612,13282.999348292438,13655.18541588308,13300.783800742825,11820.87850123205
2020-11-01 00:00:00.000,13778.637638352931,22691200479.405403,255329261020.6163,bitcoin,2020,11,1,6,44,4,13396.868317756162,22897933318.506416,248264958347.85822,11925.900553711708,20354801601.968395,220875485660.78894,13537.174271524887,13441.878496031612,13282.999348292438,13396.868317756162,11925.900553711708
2020-11-02 00:00:00.000,13720.361465146289,19771957707.937115,254260250527.50497,bitcoin,2020,11,2,0,45,4,13496.718406759328,23008392194.023438,250112620109.11172,12030.82344111621,20305242692.75044,222828826172.38135,13778.637638352931,13537.174271524887,13441.878496031612,13496.718406759328,12030.82344111621
2020-11-03 00:00:00.000,13558.361795524168,22630851230.49477,251266177558.48047,bitcoin,2020,11,3,1,45,4,13567.799775822203,23168853800.423492,251416191461.80777,12131.21362578769,20524943362.269016,224698089235.98584,13720.361465146289,13778.637638352931,13537.174271524887,13567.799775822203,12131.21362578769
2020-11-04 00:00:00.000,13989.976358180447,22602862338.46403,259277183164.55063,bitcoin,2020,11,4,2,45,4,13615.627053293254,22980903916.194195,252312233814.26346,12241.856144015865,20744066757.299175,226757506526.3444,13558.361795524168,13720.361465146289,13778.637638352931,13615.627053293254,12241.856144015865
2020-11-05 00:00:00.000,14101.716050813722,25857225138.46526,261103557610.74823,bitcoin,2020,11,5,3,45,4,13732.586582224863,22842527966.244545,254518188873.73578,12352.415032273186,21010858128.37237,228809954116.99973,13989.976358180447,13558.361795524168,13720.361465146289,13732.586582224863,12352.415032273186
2020-11-06 00:00:00.000,15553.331701081444,36313255719.023285,288118007577.42645,bitcoin,2020,11,6,4,45,4,14034.222754374841,24764301361.271935,260028553442.4639,12517.327495932359,21573975496.169956,231870078209.68018,14101.716050813722,13989.976358180447,13558.361795524168,14034.222754374841,12517.327495932359
2020-11-07 00:00:00.000,15548.312145063144,34523587704.57108,288563189165.38806,bitcoin,2020,11,7,5,45,4,14321.528164880307,26341562902.62299,265416803803.53073,12680.004200407899,22150679333.002117,234903000389.0403,15553.331701081444,14101.716050813722,13989.976358180447,14321.528164880307,12680.004200407899
2020-11-08 00:00:00.000,14818.45891122149,30369855794.73288,274687727889.983,bitcoin,2020,11,8,6,45,4,14470.074061004387,27438513661.955486,268182299070.5831,12810.997279220757,22504075583.911114,237341960242.9171,15548.312145063144,15553.331701081444,14101.716050813722,14470.074061004387,12810.997279220757
2020-11-09 00:00:00.000,15496.316149147417,24082570971.89149,287116472704.3936,bitcoin,2020,11,9,0,46,4,14723.78187300455,28054315556.806118,272876045095.85297,12958.766071317035,22664996822.903973,240085535819.9909,14818.45891122149,15548.312145063144,15553.331701081444,14723.78187300455,12958.766071317035
2020-11-10 00:00:00.000,15335.342198178862,29501754042.78257,284292217075.7686,bitcoin,2020,11,10,1,46,4,14977.636216240931,29035873101.41866,277594050741.1798,13093.726079854865,22998500916.121033,242586320024.09705,15496.316149147417,14818.45891122149,15548.312145063144,14977.636216240931,13093.726079854865
2020-11-11 00:00:00.000,15278.70965979927,21918753732.66584,283242342238.5137,bitcoin,2020,11,11,2,46,4,15161.74097361505,28938143300.590343,281017644894.6031,13223.75590595628,23186787974.218803,245001086338.80957,15335.342198178862,15496.316149147417,14818.45891122149,15161.74097361505,13223.75590595628
2020-11-12 00:00:00.000,15686.905986213233,23990613793.268227,291215273242.1888,bitcoin,2020,11,12,3,46,4,15388.196678672122,28671484536.990765,285319318556.2375,13361.87998013767,23287883990.19891,247584054581.44232,15278.70965979927,15335.342198178862,15496.316149147417,15388.196678672122,13361.87998013767
2020-11-13 00:00:00.000,16265.149252483356,28001128791.211357,301529322417.4614,bitcoin,2020,11,13,4,46,4,15489.884900300967,27484037833.017635,287235220676.2425,13523.18143707977,23569387447.592712,250582493216.7689,15686.905986213233,15278.70965979927,15335.342198178862,15489.884900300967,13523.18143707977
2020-11-14 00:00:00.000,16326.81487507908,24826304419.55837,302672502422.09,bitcoin,2020,11,14,5,46,4,15601.099576017528,26098711649.444393,289250836855.7713,13686.222851663078,23715548055.0772,253613033964.13388,16265.149252483356,15686.905986213233,15278.70965979927,15601.099576017528,13686.222851663078
2020-11-15 00:00:00.000,16095.561510630652,22096608221.167004,298290647831.24426,bitcoin,2020,11,15,6,46,4,15783.542804504554,24916819138.93498,292622682561.6658,13839.55540215964,23768385605.56065,256460108750.61288,16326.81487507908,16265.149252483356,15686.905986213233,15783.542804504554,13839.55540215964
2020-11-16 00:00:00.000,15984.673784156614,19184714602.510406,296277008765.18964,bitcoin,2020,11,16,0,47,4,15853.308180934438,24217125371.880535,293931330570.3509,13995.074602108938,23726652657.836353,259336235517.75177,16095.561510630652,16326.81487507908,16265.149252483356,15853.308180934438,13995.074602108938
2020-11-17 00:00:00.000,16714.40386322188,24606359052.384533,309857769717.0289,bitcoin,2020,11,17,1,47,4,16050.3169902263,23517783230.395107,297583552376.24524,14173.360926515461,24025167285.54584,262650777064.76306,15984.673784156614,16095.561510630652,16326.81487507908,16050.3169902263,14173.360926515461
2020-11-18 00:00:00.000,17651.82042768171,31572384445.72333,327448838765.29767,bitcoin,2020,11,18,2,47,4,16389.3328142095,24896873332.260464,303898766165.78577,14378.558274915189,24558587019.922512,266473994124.38992,16714.40386322188,15984.673784156614,16095.561510630652,16389.3328142095,14378.558274915189
2020-11-19 00:00:00.000,17829.934958345126,40089857655.31074,330792375072.03064,bitcoin,2020,11,19,3,47,4,16695.479810228346,27196765312.55225,309552637855.76324,14581.151211396034,25290866657.890476,270254038266.36896,17651.82042768171,16714.40386322188,15984.673784156614,16695.479810228346,14581.151211396034
2020-11-20 00:00:00.000,17819.75743096837,30586797551.711708,330526082018.5286,bitcoin,2020,11,20,4,47,4,16917.56669286906,27566146564.0523,313695032084.4871,14778.186161653432,25596026774.419903,273924744856.35397,17829.934958345126,17651.82042768171,16714.40386322188,16917.56669286906,14778.186161653432
2020-11-21 00:00:00.000,18628.8134890362,28731271104.013725,345552251091.15924,bitcoin,2020,11,21,5,47,4,17246.42363772008,28123998947.54592,319820710465.7827,14972.265420397056,25576592878.21806,277552575941.85406,17819.75743096837,17829.934958345126,17651.82042768171,17246.42363772008,14972.265420397056
2020-11-22 00:00:00.000,18689.52865582585,31201880851.778336,346623937352.1668,bitcoin,2020,11,22,6,47,4,17616.99037274796,29424752180.4904,326725466111.6288,15163.548240256647,25780960085.051838,281098117915.1318,18628.8134890362,17819.75743096837,17829.934958345126,17616.99037274796,15163.548240256647
2020-11-23 00:00:00.000,18390.61184379203,33010231293.95878,342078349285.0962,bitcoin,2020,11,23,0,48,4,17960.695809838737,31399825993.55445,333268514757.3297,15345.632891838102,26168638685.59761,284514378107.17755,18689.52865582585,18628.8134890362,17819.75743096837,17960.695809838737,15345.632891838102
2020-11-24 00:00:00.000,18360.693300385865,33389683851.4282,340635146714.39825,bitcoin,2020,11,24,1,48,4,18195.880015147875,32654586679.13212,337665282899.8111,15520.787801208977,26638201441.4866,287776044621.38824,18390.61184379203,18689.52865582585,18628.8134890362,18195.880015147875,15520.787801208977
2020-11-25 00:00:00.000,19091.524181728702,49429532567.3455,354209935573.8031,bitcoin,2020,11,25,2,48,4,18401.551980011736,35205607839.36385,341488296729.59753,15723.124912529132,27652561007.754185,291538821867.22394,18360.693300385865,18390.61184379203,18689.52865582585,18401.551980011736,15723.124912529132
2020-11-26 00:00:00.000,18753.288921684914,32146102840.277466,348158099247.1633,bitcoin,2020,11,26,3,48,4,18533.459689060277,34070785722.93053,343969114468.9022,15912.874802849161,28007177102.906956,295072719239.14246,19091.524181728702,18360.693300385865,18390.61184379203,18533.459689060277,15912.874802849161
2020-11-27 00:00:00.000,17138.029512395206,48738957776.520256,317999016791.45123,bitcoin,2020,11,27,4,48,4,18436.06998640697,36663951469.33175,342179533722.1769,16028.969606066232,28834525311.18866,297239190242.27875,18753.288921684914,19091.524181728702,18360.693300385865,18436.06998640697,16028.969606066232
2020-11-28 00:00:00.000,17140.27555252362,30680336583.3428,318057301370.37897,bitcoin,2020,11,28,5,48,4,18223.42170976231,36942389394.95019,338251683762.0654,16157.545479540602,28963007971.029655,299652371214.81,17138.029512395206,18753.288921684914,19091.524181728702,18223.42170976231,16157.545479540602
2020-11-29 00:00:00.000,17718.972832629497,24501260966.046284,328812520405.74207,bitcoin,2020,11,29,6,48,4,18084.77087787712,35985157982.70275,335707195626.8619,16300.115290760532,29017688604.770145,302294606708.4571,17140.27555252362,17138.029512395206,18753.288921684914,18084.77087787712,16300.115290760532
2020-11-30 00:00:00.000,18169.95420978285,23940328528.71234,336495192223.0139,bitcoin,2020,11,30,0,49,4,18053.24835873295,34689457587.66755,334909601760.8501,16454.541288702465,29032940991.890102,305149598561.2936,17718.972832629497,17140.27555252362,17138.029512395206,18053.24835873295,16454.541288702465
2020-12-01 00:00:00.000,19609.52143957559,36160827241.44173,363927715778.6875,bitcoin,2020,12,1,1,49,4,18231.652378617197,35085335214.81234,338237111627.1772,16648.90408207655,29481928550.624645,308769547053.22925,18169.95420978285,17718.972832629497,17140.27555252362,18231.652378617197,16648.90408207655
2020-12-02 00:00:00.000,18857.417371118165,38614628143.57325,349587593227.14185,bitcoin,2020,12,2,2,49,4,18198.20854852998,33540348868.559162,337576777006.2255,16820.139278942283,30110017565.14585,311947125143.21716,19609.52143957559,18169.95420978285,17718.972832629497,18198.20854852998,16820.139278942283
2020-12-03 00:00:00.000,19208.398191994624,28923102074.82652,356517705143.29443,bitcoin,2020,12,3,3,49,4,18263.224158574223,33079920187.780457,338771006419.95856,17008.4738254913,30319759259.95691,315455509396.0443,18857.417371118165,19609.52143957559,18169.95420978285,18263.224158574223,17008.4738254913
2020-12-04 00:00:00.000,19435.20484740911,24342606870.70896,360661550057.2975,bitcoin,2020,12,4,4,49,4,18591.392063576208,29594727201.235985,344865654029.3652,17189.98144179892,30377750744.365074,318834988292.4692,19208.398191994624,18857.417371118165,19609.52143957559,18591.392063576208,17189.98144179892
2020-12-05 00:00:00.000,18711.226549886927,26369871383.262005,347850442856.6359,bitcoin,2020,12,5,5,49,4,18815.81363462811,28978946458.3673,349121817098.83044,17343.631791768024,30394838952.524963,321726551133.99884,19435.20484740911,19208.398191994624,18857.417371118165,18815.81363462811,17343.631791768024
2020-12-06 00:00:00.000,19139.111575237486,23333284386.26552,355244908734.6481,bitcoin,2020,12,6,6,49,4,19018.69059785782,28812092661.25576,352897872574.3885,17463.15778757323,29962173241.43304,323964114505.9062,18711.226549886927,19435.20484740911,19208.398191994624,19018.69059785782,17463.15778757323
2020-12-07 00:00:00.000,19325.55411859109,21832193872.6986,358762118305.1145,bitcoin,2020,12,7,0,50,4,19183.776299116143,28510930567.539516,356078862014.68854,17589.065853357493,29539126780.37062,326304078810.5637,19139.111575237486,18711.226549886927,19435.20484740911,19183.776299116143,17589.065853357493
2020-12-08 00:00:00.000,19198.806493935343,22034483383.94943,356587934226.10187,bitcoin,2020,12,8,1,50,4,19125.10273545325,26492881445.04061,355030321792.8906,17735.077439447956,29261281033.344505,329034085688.4344,19325.55411859109,19139.111575237486,18711.226549886927,19125.10273545325,17735.077439447956
2020-12-09 00:00:00.000,18336.514581297808,26799991795.55794,340435142947.90857,bitcoin,2020,12,9,2,50,4,19050.6880511932,24805076252.467,353722828895.8573,17829.750720519634,29351861727.466724,330811374696.5515,19198.806493935343,19325.55411859109,19139.111575237486,19050.6880511932,17829.750720519634
2020-12-10 00:00:00.000,18564.986455688137,29806757748.847992,344693077429.9694,bitcoin,2020,12,10,3,50,4,18958.7720888637,24931312777.327206,352033596365.38226,17937.40552910328,29362028517.668903,332824736708.3582,18336.514581297808,19198.806493935343,19325.55411859109,18958.7720888637,17937.40552910328
2020-12-11 00:00:00.000,18262.058384653155,24092658533.60422,339714540194.3479,bitcoin,2020,12,11,4,50,4,18791.17973704142,24895605872.026527,349041166384.9609,18036.850486598407,29434492011.033516,334707143306.886,18564.986455688137,18336.514581297808,19198.806493935343,18791.17973704142,18036.850486598407
2020-12-12 00:00:00.000,18058.027339569555,26080197328.2524,335310805699.2893,bitcoin,2020,12,12,5,50,4,18697.86556413894,24854223864.16802,347249789648.1971,18115.887865043616,29504144795.532993,336176994388.78937,18262.058384653155,18564.986455688137,18336.514581297808,18697.86556413894,18115.887865043616
2020-12-13 00:00:00.000,18807.09540322016,21918803313.730877,349235537025.78625,bitcoin,2020,12,13,6,50,4,18650.43468242218,24652155139.520206,346391307975.50256,18200.61940340151,29301400612.950306,337767201542.4002,18058.027339569555,18262.058384653155,18564.986455688137,18650.43468242218,18200.61940340151
2020-12-14 00:00:00.000,19151.13442340493,23550581096.07456,355642790361.31714,bitcoin,2020,12,14,0,51,4,18625.51758310987,24897639028.573917,345945689697.81726,18294.763388345706,29258876502.167515,339532877807.0411,18807.09540322016,18058.027339569555,18262.058384653155,18625.51758310987,18294.763388345706
2020-12-15 00:00:00.000,19259.97047153096,21638023119.81534,357681110300.36426,bitcoin,2020,12,15,1,51,4,18634.255294194958,24841001847.983334,346101857708.42615,18400.24368704238,29243590332.122456,341512559889.34503,19151.13442340493,18807.09540322016,18058.027339569555,18634.255294194958,18400.24368704238
2020-12-16 00:00:00.000,19432.362456862407,24173322660.107285,360542942204.959,bitcoin,2020,12,16,2,51,4,18790.80499070419,24465763400.06181,348974400459.4333,18515.166642799242,29409877267.375687,343654757670.6707,19259.97047153096,19151.13442340493,18807.09540322016,18790.80499070419,18515.166642799242
2020-12-17 00:00:00.000,21317.66213678684,39062639738.04841,396179736655.63983,bitcoin,2020,12,17,3,51,4,19184.044373718287,25788032255.66187,356329637491.67194,18668.60858525141,29891753290.231148,346532156568.62445,19432.362456862407,19259.97047153096,19151.13442340493,19184.044373718287,18668.60858525141
2020-12-18 00:00:00.000,22805.65580598891,60693764158.56218,423587689809.2768,bitcoin,2020,12,18,4,51,4,19833.129719623394,31016761630.655865,368311516008.09033,18840.403097861643,30862465947.32578,349736784936.7571,21317.66213678684,19432.362456862407,19259.97047153096,19833.129719623394,18840.403097861643
2020-12-19 00:00:00.000,23120.57055156752,37000188847.409645,429459534590.4159,bitcoin,2020,12,19,5,51,4,20556.350178480247,32576760419.1069,381761334421.10846,19016.75761763573,30759476987.062405,353025690254.03656,22805.65580598891,21317.66213678684,19432.362456862407,20556.350178480247,19016.75761763573
2020-12-20 00:00:00.000,23863.85484171969,35252972899.69343,443289431125.4617,bitcoin,2020,12,20,6,51,4,21278.744383980178,34481641788.53012,395197605006.77637,19218.227531327437,30915016165.32847,356784468557.601,23120.57055156752,22805.65580598891,21317.66213678684,21278.744383980178,19218.227531327437
2020-12-21 00:00:00.000,23518.31842054723,32907758817.840942,436893169132.7113,bitcoin,2020,12,21,0,52,4,21902.627812143364,35818381463.06818,406804801974.11835,19381.211029044473,31054232422.456043,359829165825.6527,23863.85484171969,23120.57055156752,22805.65580598891,21902.627812143364,19381.211029044473
2020-12-22 00:00:00.000,22840.991707188357,38423396405.393135,424329939581.7774,bitcoin,2020,12,22,1,52,4,22414.202274380135,38216291932.43643,416326063300.0346,19519.593130756555,31294949607.57653,362419365899.9731,23518.31842054723,23863.85484171969,23120.57055156752,22414.202274380135,19519.593130756555
2020-12-23 00:00:00.000,23794.79330262859,38733771616.273865,441752551013.19135,bitcoin,2020,12,23,2,52,4,23037.406680918164,40296356069.03166,427927435986.92487,19699.732512717776,31485734284.987038,365741839290.9096,22840.991707188357,23518.31842054723,23863.85484171969,23037.406680918164,19699.732512717776
2020-12-24 00:00:00.000,23308.12723217715,42917744239.8244,433051601800.6929,bitcoin,2020,12,24,3,52,4,23321.75883740249,40847085283.57109,433194845293.36096,19864.646977110817,31803336297.933575,368822387793.78613,23794.79330262859,22840.991707188357,23518.31842054723,23321.75883740249,19864.646977110817
2020-12-25 00:00:00.000,23760.28704854296,36826373658.97133,441614502954.1632,bitcoin,2020,12,25,4,52,4,23458.13472919593,37437458069.34382,435770104314.05914,20020.272406004624,31383231000.98777,371735873373.1315,23308.12723217715,23794.79330262859,22840.991707188357,23458.13472919593,20020.272406004624
2020-12-26 00:00:00.000,24671.10771441541,36622874229.82892,458416319552.32434,bitcoin,2020,12,26,5,52,4,23679.6400381742,37383555981.118004,439906787880.046,20217.53303242898,31532456713.97282,375411147383.3035,23760.28704854296,23308.12723217715,23794.79330262859,23679.6400381742,20217.53303242898
2020-12-27 00:00:00.000,26476.13013701949,41995154622.74047,491978602969.93176,bitcoin,2020,12,27,6,52,4,24052.822223217026,38346724798.69615,446862383857.82745,20528.803053249783,31307663275.513493,381210466922.5862,24671.10771441541,23760.28704854296,23308.12723217715,24052.822223217026,20528.803053249783
2020-12-28 00:00:00.000,26423.22879190229,56654980595.93094,493427450341.2601,bitcoin,2020,12,28,0,53,4,24467.80941912489,41739185052.70901,454938709744.76306,20838.234827895743,32173484742.599766,387056138554.9489,26476.13013701949,24671.10771441541,23760.28704854296,24467.80941912489,20838.234827895743
2020-12-29 00:00:00.000,27125.384120651503,42186521237.4668,503712223153.6673,bitcoin,2020,12,29,1,53,4,25079.86547819106,42276774314.43382,466279035969.31866,21151.781870829807,32762993418.31378,392886128646.5463,26423.22879190229,26476.13013701949,24671.10771441541,25079.86547819106,21151.781870829807
2020-12-30 00:00:00.000,27424.538954606684,38081840205.60215,509680257177.0481,bitcoin,2020,12,30,2,53,4,25598.40057133078,42183641255.766426,475982993992.72687,21460.268028990602,33234377140.876774,398658964145.0142,27125.384120651503,26423.22879190229,26476.13013701949,25598.40057133078,21460.268028990602
2020-12-31 00:00:00.000,28837.28852895899,43341140482.282166,535967306917.8413,bitcoin,2020,12,31,3,53,4,26388.280756585333,42244126433.26039,490685237580.8909,21767.86026530338,33473720915.571457,404393617182.986,27424.538954606684,27125.384120651503,26423.22879190229,26388.280756585333,21767.86026530338
2021-01-01 00:00:00.000,29022.41839530417,43503516563.29488,539438036435.6701,bitcoin,2021,1,1,4,53,1,27140.01380612265,43198003991.0209,504660028078.24896,22106.693632776252,33636683862.89551,410721965289.9369,28837.28852895899,27424.538954606684,27125.384120651503,27140.01380612265,22106.693632776252
2021-01-02 00:00:00.000,29352.12679194895,34089717988.090446,545593282215.2498,bitcoin,2021,1,2,5,53,1,27808.73081719887,42836124527.915405,517113879887.23834,22444.817919441393,33808904393.337643,417024484525.66876,29022.41839530417,28837.28852895899,27424.538954606684,27808.73081719887,22444.817919441393
2021-01-03 00:00:00.000,32163.82493533521,57273436641.22308,597887713053.5825,bitcoin,2021,1,3,6,53,1,28621.258645529684,45018736244.84149,532243752756.33136,22869.105255705595,34906598719.02145,424932023292.2116,29352.12679194895,29022.41839530417,28837.28852895899,28621.258645529684,22869.105255705595
2021-01-04 00:00:00.000,33008.226203489285,178894068361.35312,613616917625.6967,bitcoin,2021,1,4,0,1,1,29561.972561470688,62481463068.47323,549413676654.108,23345.671910825673,39990738618.29115,433790905784.5136,32163.82493533521,29352.12679194895,29022.41839530417,29561.972561470688,23345.671910825673
2021-01-05 00:00:00.000,31515.575966658354,74657165356.22716,585726270248.7891,bitcoin,2021,1,5,1,1,1,30189.14282518595,67120126514.01043,561129969096.2683,23758.22072387304,41701534650.6232,441473617834.98505,33008.226203489285,32163.82493533521,29352.12679194895,30189.14282518595,23758.22072387304
2021-01-06 00:00:00.000,34082.20604904424,67420500715.520256,633651671519.3958,bitcoin,2021,1,6,2,1,1,31140.238124391315,71311363729.71301,578840171145.175,24250.10912155481,43221144878.71726,450636602942.1277,31515.575966658354,33008.226203489285,32163.82493533521,31140.238124391315,24250.10912155481
2021-01-07 00:00:00.000,36933.520137309126,71027195897.95125,682743683563.0741,bitcoin,2021,1,7,3,1,1,32296.842639869905,75266514503.38002,599808224951.6368,24841.266243000606,44854235295.850655,461508461253.3601,34082.20604904424,31515.575966658354,33008.226203489285,32296.842639869905,24841.266243000606
2021-01-08 00:00:00.000,39547.08408135567,78642959829.4919,735339707368.3339,bitcoin,2021,1,8,4,1,1,33800.366309305835,80286434969.9796,627794177942.0175,25548.285226335865,46582334230.31512,474671946734.04095,36933.520137309126,34082.20604904424,31515.575966658354,33800.366309305835,25548.285226335865
2021-01-09 00:00:00.000,40815.96185478254,82846468856.35208,758971014787.3597,bitcoin,2021,1,9,5,1,1,35438.057032567776,87251685094.01698,658276711166.6045,26289.984406305677,48350324600.565254,488481211312.62054,39547.08408135567,36933.520137309126,34082.20604904424,35438.057032567776,26289.984406305677
2021-01-10 00:00:00.000,40296.5290038294,55921808671.54423,749347201462.6359,bitcoin,2021,1,10,6,1,1,36599.87189949552,87058595384.06285,679913780939.3264,27024.466760278217,49411296271.82992,502135633354.89685,40815.96185478254,39547.08408135567,36933.520137309126,36599.87189949552,27024.466760278217
2021-01-11 00:00:00.000,38397.895985418174,73381123612.69325,714078952009.0243,bitcoin,2021,1,11,0,2,1,37369.824725485356,71985317562.82573,694265500136.9446,27702.462381806505,50987993814.644615,514761238231.888,40296.5290038294,40815.96185478254,39547.08408135567,37369.824725485356,27702.462381806505
2021-01-12 00:00:00.000,35669.90668663349,111691569520.1052,663380898829.0051,bitcoin,2021,1,12,1,2,1,37963.30054262466,77275946729.09402,705359018505.5469,28264.55609125362,53980419354.85709,525232750291.99536,38397.895985418174,40296.5290038294,40815.96185478254,37963.30054262466,28264.55609125362
2021-01-13 00:00:00.000,33938.33587810088,68954134557.3671,629751630408.4126,bitcoin,2021,1,13,2,2,1,37942.74766106133,77495037277.92929,704801869775.4065,28757.46280641015,55493871136.90018,534369711626.8985,35669.90668663349,38397.895985418174,40296.5290038294,37942.74766106133,28757.46280641015
2021-01-14 00:00:00.000,37456.00772548642,65278944793.97605,696668634091.3435,bitcoin,2021,1,14,3,2,1,38017.38874508665,76673858548.78996,706791148422.3021,29363.997381541998,56948568526.038864,545669295753.2645,33938.33587810088,35669.90668663349,38397.895985418174,38017.38874508665,29363.997381541998
2021-01-15 00:00:00.000,39232.74997140346,57519444621.68669,729751433670.0881,bitcoin,2021,1,15,4,2,1,37972.483872236335,73656213519.1035,705992823608.267,30024.010298693367,58060105924.75818,557976245468.7688,37456.00772548642,33938.33587810088,35669.90668663349,37972.483872236335,30024.010298693367
2021-01-16 00:00:00.000,36787.52121668496,63450740093.03335,684304915288.2261,bitcoin,2021,1,16,5,2,1,37396.99235250811,70885395124.3437,695326237965.5338,30539.672268023303,58873042603.25768,567580418089.855,39232.74997140346,37456.00772548642,33938.33587810088,37396.99235250811,30539.672268023303
2021-01-17 00:00:00.000,36254.713079410845,55054325262.44017,674660879866.02,bitcoin,2021,1,17,6,2,1,36819.59007759117,70761468923.0431,684656763451.7313,30987.97417713737,58685061306.72028,575949524425.0797,36787.52121668496,39232.74997140346,37456.00772548642,36819.59007759117,30987.97417713737
2021-01-18 00:00:00.000,35804.263885674685,50749258739.19448,672291934493.4396,bitcoin,2021,1,18,0,3,1,36449.071206199245,67528345369.68615,678687189520.9336,31410.76395494094,59143363636.446434,584043937755.1805,36254.713079410845,36787.52121668496,39232.74997140346,36449.071206199245,31410.76395494094
2021-01-19 00:00:00.000,36595.4647692826,46769030146.76761,682647247200.097,bitcoin,2021,1,19,1,3,1,36581.293789434836,58253696887.78078,681439525002.5182,31835.150952526372,59527232211.34891,592022531624.3352,35804.263885674685,36254.713079410845,36787.52121668496,36581.293789434836,31835.150952526372
2021-01-20 00:00:00.000,36104.86385775514,51736994549.00597,671734819189.1033,bitcoin,2021,1,20,2,3,1,36890.7977865283,55794105458.0149,687437123399.7596,32254.702467099964,60154873402.38775,599850586626.2148,36595.4647692826,35804.263885674685,36254.713079410845,36890.7977865283,32254.702467099964
2021-01-21 00:00:00.000,35587.489202735545,58406615612.06859,662434464441.264,bitcoin,2021,1,21,3,3,1,36623.86656899246,54812344146.313835,682546527735.4626,32679.58571695154,60820980709.27693,607787404121.5311,36104.86385775514,36595.4647692826,35804.263885674685,36623.86656899246,32679.58571695154
2021-01-22 00:00:00.000,30913.695736053804,69415314297.66626,575205510268.1292,bitcoin,2021,1,22,4,3,1,35435.4302496568,56511754100.02521,660468538678.0399,32916.88246473238,61843698798.656685,612235836096.6957,35587.489202735545,36104.86385775514,36595.4647692826,35435.4302496568,32916.88246473238
2021-01-23 00:00:00.000,32957.908782655926,69549742252.37038,613271077002.4795,bitcoin,2021,1,23,5,3,1,34888.34275908122,57383040122.787636,650320847494.3617,33238.54184974834,62731432065.74155,618243151936.7552,30913.695736053804,35587.489202735545,36104.86385775514,34888.34275908122,33238.54184974834
2021-01-24 00:00:00.000,32068.08737440817,43575409684.64115,596744391345.3533,bitcoin,2021,1,24,6,3,1,34290.25337265227,55743195040.24492,639189920562.838,33515.46852727718,62956399933.26387,623414148216.4615,32957.908782655926,30913.695736053804,35587.489202735545,34290.25337265227,33515.46852727718
2021-01-25 00:00:00.000,32273.51735032927,42810544126.17814,600595408892.1986,bitcoin,2021,1,25,0,4,1,33785.86101046007,54609092952.67116,628947559762.6608,33768.88218180764,63162655596.47551,628153451194.4574,32068.08737440817,32957.908782655926,30913.695736053804,33785.86101046007,33768.88218180764
2021-01-26 00:00:00.000,32375.320062981456,50410553261.41445,602517850752.0305,bitcoin,2021,1,26,1,4,1,33182.98319527419,55129310540.47785,617500503127.2227,33965.52184600638,63443168884.431305,631838092787.1938,32273.51735032927,32068.08737440817,32957.908782655926,33182.98319527419,33965.52184600638
2021-01-27 00:00:00.000,32582.10944502123,48489676580.41073,606573549809.8268,bitcoin,2021,1,27,2,4,1,32679.732564883627,54665407973.53567,608191750358.7545,34170.817867777005,63170992083.91397,635609629436.1462,32375.320062981456,32273.51735032927,32068.08737440817,32679.732564883627,34170.817867777005
2021-01-28 00:00:00.000,30445.52586511351,51514291052.43235,566661443732.4073,bitcoin,2021,1,28,3,4,1,31945.166373794764,53680790179.301926,594509890257.4894,34281.48925925907,63481917744.41282,637707936788.7709,32582.10944502123,32375.320062981456,32273.51735032927,31945.166373794764,34281.48925925907
2021-01-29 00:00:00.000,33128.34752861149,51075972572.459564,616625386428.2396,bitcoin,2021,1,29,4,4,1,32261.545201303004,51060884218.558105,600427015423.2194,34471.616211725894,63915055489.97474,641272774430.4772,30445.52586511351,32582.10944502123,32375.320062981456,32261.545201303004,34471.616211725894
2021-01-30 00:00:00.000,34150.81876737221,97468515525.42249,635688668063.594,bitcoin,2021,1,30,5,4,1,32431.960913405335,55049280400.42269,603629528431.95,34648.73388633967,65719301324.74608,644596819802.0023,33128.34752861149,30445.52586511351,32582.10944502123,32431.960913405335,34648.73388633967
2021-01-31 00:00:00.000,34199.51981036302,52001249491.10806,636624676861.2642,bitcoin,2021,1,31,6,4,1,32736.45126139888,56252971801.34654,609326712077.0802,34821.3039335083,66002559089.006516,647836374482.8555,34150.81876737221,33128.34752861149,30445.52586511351,32736.45126139888,34821.3039335083
2021-02-01 00:00:00.000,33064.78676701507,42488649643.23183,615013848827.3505,bitcoin,2021,2,1,0,5,1,32849.48974949685,56206986875.21136,611386489210.6732,34945.0592660105,66282523477.51124,650150393369.9255,34199.51981036302,34150.81876737221,33128.34752861149,32849.48974949685,34945.0592660105
2021-02-02 00:00:00.000,33405.99035714327,49268860242.66622,621908231690.1377,bitcoin,2021,2,2,1,5,1,32996.72836294854,56043887872.533035,614156543630.403,34986.464780070775,66015704264.226,650951077324.4772,33064.78676701507,34199.51981036302,34150.81876737221,32996.72836294854,34986.464780070775
2021-02-03 00:00:00.000,35485.98593382442,50730704376.60918,660664104637.4851,bitcoin,2021,2,3,2,5,1,33411.567861349,56364034700.561386,621883765748.6398,35069.05677108195,61743592131.40121,652519316891.537,33405.99035714327,33064.78676701507,34199.51981036302,33411.567861349,35069.05677108195
2021-02-04 00:00:00.000,37494.71762460426,49762137494.206696,695794870715.5251,bitcoin,2021,2,4,3,5,1,34418.595255561966,56113727049.38629,640331398174.7994,35268.36149301347,60913757869.333855,656188270240.4281,35485.98593382442,33405.99035714327,33064.78676701507,34418.595255561966,35268.36149301347
2021-02-05 00:00:00.000,36816.50808203406,54494811707.23047,686453802173.3838,bitcoin,2021,2,5,4,5,1,34945.47533462233,56602132640.067856,650306886138.3915,35359.50489411314,60482901569.057526,657948341262.2278,37494.71762460426,35485.98593382442,33405.99035714327,34945.47533462233,35359.50489411314
2021-02-06 00:00:00.000,38007.83222908396,47446256481.71452,706320162928.6615,bitcoin,2021,2,6,5,5,1,35496.47725772401,49456095633.82386,660397099690.544,35395.315297172296,59696870255.182976,658734223907.7474,36816.50808203406,37494.71762460426,35485.98593382442,35496.47725772401,35395.315297172296
2021-02-07 00:00:00.000,39279.41286897885,57076868562.48764,732453192636.7231,bitcoin,2021,2,7,6,5,1,36222.176266097704,50181184072.59236,674086887658.4667,35386.3929234264,58978000546.28283,658638006750.027,38007.83222908396,36816.50808203406,37494.71762460426,36222.176266097704,35386.3929234264
2021-02-08 00:00:00.000,38833.34026455532,53802559038.8092,723434796637.7434,bitcoin,2021,2,8,0,6,1,37046.25533717487,51797456843.38914,689575594488.5228,35320.3055370855,58009870219.0314,657453466145.0397,39279.41286897885,38007.83222908396,36816.50808203406,37046.25533717487,35320.3055370855
2021-02-09 00:00:00.000,46307.57412159395,86994225365.2278,862413737410.9171,bitcoin,2021,2,9,1,6,1,38889.3387320964,57186794718.04078,723933523877.2057,35520.67370767765,59045617442.15419,661222350676.6492,38833.34026455532,39279.41286897885,38007.83222908396,38889.3387320964,35520.67370767765
2021-02-10 00:00:00.000,46569.56483,78828431117.05534,867164581003.3563,bitcoin,2021,2,10,2,6,1,40472.707145835775,61200755680.96167,753433591929.4729,35793.06266916371,59227194358.96626,666325204976.4602,46307.57412159395,38833.34026455532,39279.41286897885,40472.707145835775,35793.06266916371
2021-02-11 00:00:00.000,44848.69344950499,70000356395.81508,839561451461.0575,bitcoin,2021,2,11,3,6,1,41523.27512082159,64091929809.76286,773971674893.1202,36099.022227926085,57837487254.82325,672197890064.1953,46569.56483,46307.57412159395,38833.34026455532,41523.27512082159,36099.022227926085
2021-02-12 00:00:00.000,47815.96175554316,66187179918.887886,890629045243.5952,bitcoin,2021,2,12,4,6,1,43094.625645608605,65762268125.71392,803139566760.2936,36561.60975717417,57745255433.54062,680893803892.0347,44848.69344950499,46569.56483,46307.57412159395,43094.625645608605,36561.60975717417
2021-02-13 00:00:00.000,47414.1862550079,61942185128.99905,880620921496.0787,bitcoin,2021,2,13,5,6,1,44438.390506454874,67833115075.326,828039675127.0674,36893.549041491555,57634030111.37472,687025546805.5258,47815.96175554316,44848.69344950499,46569.56483,44438.390506454874,36893.549041491555
2021-02-14 00:00:00.000,46941.29208582354,55312381649.33813,874425017687.0778,bitcoin,2021,2,14,6,6,1,45532.94468028984,67581045516.30464,848321364419.9752,37150.50044530556,57560461345.62976,691847999606.0922,47414.1862550079,47815.96175554316,44848.69344950499,45532.94468028984,37150.50044530556
2021-02-15 00:00:00.000,48607.8745224845,57738376570.13191,905515462576.995,bitcoin,2021,2,15,0,7,1,46929.30671713686,68143305163.63646,874332888125.5824,37544.51222216554,57370049228.19971,699221684515.7179,46941.29208582354,47414.1862550079,47815.96175554316,46929.30671713686,37544.51222216554
2021-02-16 00:00:00.000,47898.487027633135,61061855793.76279,892345220938.2782,bitcoin,2021,2,16,1,7,1,47156.57998942817,64438680939.14146,878608814343.777,37932.63802043962,57570300245.91047,706477829218.1265,48607.8745224845,46941.29208582354,47414.1862550079,47156.57998942817,37932.63802043962
2021-02-17 00:00:00.000,49238.13690672487,64141133353.97562,917339726314.6964,bitcoin,2021,2,17,2,7,1,47537.80457181744,62340495544.41578,885776692245.3969,38380.433787807946,58016696066.403175,714646088945.5016,47898.487027633135,48607.8745224845,46941.29208582354,47537.80457181744,38380.433787807946
2021-02-18 00:00:00.000,52143.6788446198,68478739131.4286,971516568847.578,bitcoin,2021,2,18,3,7,1,48579.94534254813,62123121649.503426,904627423300.6141,38898.7075903192,58740353032.55854,724275066333.7511,49238.13690672487,47898.487027633135,48607.8745224845,48579.94534254813,38898.7075903192
2021-02-19 00:00:00.000,51733.075539032034,58486508605.55778,963911356673.4604,bitcoin,2021,2,19,4,7,1,49139.53302590368,61023025747.59913,915096324933.452,39419.647979695095,58965336834.443596,734014284249.8962,52143.6788446198,49238.13690672487,47898.487027633135,49139.53302590368,39419.647979695095
2021-02-20 00:00:00.000,56038.72775892988,71397235196.83829,1044189900351.5892,bitcoin,2021,2,20,5,7,1,50371.61038360682,62373747185.86187,938463321912.8107,40101.355931568236,59398357487.26926,746739465446.907,51733.075539032034,52143.6788446198,49238.13690672487,50371.61038360682,40101.355931568236
2021-02-21 00:00:00.000,56377.63347790987,77351787996.10461,1050555931433.1448,bitcoin,2021,2,21,6,7,1,51719.659153904875,65522233806.82851,963624881019.3917,40950.153856296776,59662906610.55053,762584479485.7408,56038.72775892988,51733.075539032034,52143.6788446198,51719.659153904875,40950.153856296776
2021-02-22 00:00:00.000,57669.3035269179,61223272210.96276,1075380337357.9144,bitcoin,2021,2,22,0,8,1,53014.149011681075,66020076041.23292,987891291702.3802,41773.86701443883,59385357609.17027,777988121497.5887,56377.63347790987,56038.72775892988,51733.075539032034,53014.149011681075,41773.86701443883
2021-02-23 00:00:00.000,54410.85629451601,101532021847.06648,1012091985973.4642,bitcoin,2021,2,23,1,8,1,53944.48747837862,71801528334.56203,1004997972421.6925,42518.625978442426,61317244681.25112,791833041318.5258,57669.3035269179,56377.63347790987,56038.72775892988,53944.48747837862,42518.625978442426
2021-02-24 00:00:00.000,48691.894831704405,116689607925.81471,904133801444.5278,bitcoin,2021,2,24,2,8,1,53866.45289623284,79308453273.39616,1003111411725.9541,43065.9052278216,63779880141.239006,801950987736.9368,54410.85629451601,57669.3035269179,56377.63347790987,53866.45289623284,43065.9052278216
2021-02-25 00:00:00.000,49849.37871358314,73140585468.96529,929081504353.552,bitcoin,2021,2,25,3,8,1,53538.695734656176,79974431321.6157,997049259655.379,43648.37384950832,64537547881.49071,812836442856.9877,48691.894831704405,54410.85629451601,57669.3035269179,53538.695734656176,43648.37384950832
2021-02-26 00:00:00.000,46992.665450048495,60355381275.54549,875883932252.4404,bitcoin,2021,2,26,4,8,1,52861.49429337281,80241413131.61394,984473913309.5192,44128.72571634257,64933071371.32852,821813455605.0746,49849.37871358314,48691.894831704405,54410.85629451601,52861.49429337281,44128.72571634257
2021-02-27 00:00:00.000,46551.48747675472,74357197463.7094,869070614247.8623,bitcoin,2021,2,27,5,8,1,51506.174253062076,80664264884.0241,959456872437.558,44665.59110339728,65694501585.037766,831893761288.9232,46992.665450048495,49849.37871358314,48691.894831704405,51506.174253062076,44665.59110339728
2021-02-28 00:00:00.000,46653.52639939581,50989764248.82767,869649724200.5775,bitcoin,2021,2,28,6,8,1,50117.016098988635,76898261491.55597,933613128547.1913,45116.43039909009,65691627974.25003,840327905881.3344,46551.48747675472,46992.665450048495,49849.37871358314,50117.016098988635,45116.43039909009
2021-03-01 00:00:00.000,44970.163459946736,59679588927.08056,838307614585.1935,bitcoin,2021,3,1,0,9,1,48302.853232278474,76677735308.14423,899745596722.5167,45477.0752221759,64431997087.63864,847081870765.3876,46653.52639939581,46551.48747675472,46992.665450048495,48302.853232278474,45477.0752221759
2021-03-02 00:00:00.000,49787.33995949672,63218569171.59831,928146793676.4288,bitcoin,2021,3,2,1,9,1,47642.350898704295,71204384925.9345,887753426394.3689,45996.669227147024,64805907743.654976,856799274659.2266,44970.163459946736,46653.52639939581,46551.48747675472,47642.350898704295,45996.669227147024
2021-03-03 00:00:00.000,48532.23678981703,53499537416.81648,905413239164.9064,bitcoin,2021,3,3,2,9,1,47619.54260700609,62177231996.0776,887936203211.5658,46512.25089457375,65172937336.107796,866479254337.145,49787.33995949672,44970.163459946736,46653.52639939581,47619.54260700609,46512.25089457375
2021-03-04 00:00:00.000,50577.45746915202,59212268141.16633,942969910364.1804,bitcoin,2021,3,4,3,9,1,47723.55385780165,60187472377.8206,889920261213.0841,47084.633131640716,65504384266.05781,877181310292.9465,48532.23678981703,49787.33995949672,44970.163459946736,47723.55385780165,47084.633131640716
2021-03-05 00:00:00.000,48727.45120080115,60749587836.169136,908517236707.5374,bitcoin,2021,3,5,4,9,1,47971.38039362345,60243787600.76684,894582161849.5265,47526.01530720661,65838347048.04313,885443081361.9481,50577.45746915202,48532.23678981703,49787.33995949672,47971.38039362345,47526.01530720661
2021-03-06 00:00:00.000,49091.81488232977,56568112294.26829,911379300053.3456,bitcoin,2021,3,6,5,9,1,48334.2843087056,57702489719.418106,900626259821.7384,47912.58521579746,66065212874.71186,892629229006.5422,48727.45120080115,50577.45746915202,48532.23678981703,48334.2843087056,47912.58521579746
2021-03-07 00:00:00.000,49019.36859236582,41478786533.38212,916504852500.393,bitcoin,2021,3,7,6,9,1,48672.26176484418,56343778617.2116,907319849578.8551,48319.34723280851,65631345368.91691,900297597350.7759,49091.81488232977,48727.45120080115,50577.45746915202,48672.26176484418,48319.34723280851
2021-03-08 00:00:00.000,51313.09262027362,46146324828.48082,955040794770.14,bitcoin,2021,3,8,0,10,1,49578.39450203373,54410455174.5545,923996018176.7045,48762.85591251484,65588014313.80911,908588285078.8251,49019.36859236582,49091.81488232977,48727.45120080115,49578.39450203373,48762.85591251484
2021-03-09 00:00:00.000,52328.5359126325,53568946625.62234,974195000547.444,bitcoin,2021,3,9,1,10,1,49941.42249533884,53031937667.9865,930574333443.9924,49197.82668063663,65471083582.58028,916646345342.5159,51313.09262027362,49019.36859236582,49091.81488232977,49941.42249533884,49197.82668063663
2021-03-10 00:00:00.000,54700.27343927744,57418251743.06042,1018978819157.4176,bitcoin,2021,3,10,2,10,1,50822.570588118906,53591754000.30706,946797987728.6368,49726.72445312737,65591606672.72198,926497812759.8383,52328.5359126325,51313.09262027362,49019.36859236582,50822.570588118906,49726.72445312737
2021-03-11 00:00:00.000,56020.4877195857,63560545036.79726,1044805904677.554,bitcoin,2021,3,11,3,10,1,51600.14633818086,54212936413.96863,961345986916.2617,50050.48823972709,64810483995.10763,932577551668.7262,54700.27343927744,52328.5359126325,51313.09262027362,51600.14633818086,50050.48823972709
2021-03-12 00:00:00.000,57788.86810329514,64605228617.76096,1077836070933.286,bitcoin,2021,3,12,4,10,1,52894.634467108575,54763742239.91032,985534391805.6543,50424.46501550359,64336377245.13114,939599934666.3905,56020.4877195857,54700.27343927744,52328.5359126325,52894.634467108575,50424.46501550359
2021-03-13 00:00:00.000,57353.86147197248,59984971691.807,1069776383193.8628,bitcoin,2021,3,13,5,10,1,54074.92683705752,55251865010.98727,1008162546540.0139,50841.30394958584,64002531088.33089,947273765724.1506,57788.86810329514,56020.4877195857,54700.27343927744,54074.92683705752,50841.30394958584
2021-03-14 00:00:00.000,61315.197932766816,67332756651.27568,1145191373521.5942,bitcoin,2021,3,14,6,10,1,55831.47388568624,58945289313.5435,1040832049543.0427,51291.27848882663,64040716979.41048,955759176666.7507,57353.86147197248,57788.86810329514,56020.4877195857,55831.47388568624,51291.27848882663
2021-03-15 00:00:00.000,59428.96756602776,48104078384.27405,1111684638819.0725,bitcoin,2021,3,15,0,11,1,56990.88459222255,59224968392.94253,1063209741550.0331,51691.77119919395,63579446754.5863,963461300577.5172,61315.197932766816,57353.86147197248,57788.86810329514,56990.88459222255,51691.77119919395
2021-03-16 00:00:00.000,55805.32924923426,70594488699.70683,1049197142851.5632,bitcoin,2021,3,16,1,11,1,57487.56935459423,61657188689.2403,1073924333307.7643,51987.23910464098,64088850322.93193,969287038083.0,59428.96756602776,61315.197932766816,57353.86147197248,57487.56935459423,51987.23910464098
2021-03-17 00:00:00.000,56830.253335076224,63219904254.35453,1060221966894.7418,bitcoin,2021,3,17,2,11,1,57791.8521968512,62485996190.85376,1079816211555.9535,52261.31839839404,64271567912.40602,974443921560.2582,55805.32924923426,59428.96756602776,61315.197932766816,57791.8521968512,52261.31839839404
2021-03-18 00:00:00.000,59014.92563205099,63368268626.27834,1101028543248.462,bitcoin,2021,3,18,3,11,1,58219.6290414891,62458528132.2082,1087848017066.0833,52631.86635187463,64348448340.15653,981400032303.931,56830.253335076224,55805.32924923426,59428.96756602776,58219.6290414891,52631.86635187463
2021-03-19 00:00:00.000,57922.40959262911,58387006275.72827,1081065767945.8684,bitcoin,2021,3,19,4,11,1,58238.70639710823,61570210654.774956,1088309402353.595,52921.34210807145,64156644104.21496,986857567024.9702,59014.92563205099,56830.253335076224,55805.32924923426,58238.70639710823,52921.34210807145
2021-03-20 00:00:00.000,58243.27060892363,51948388930.75819,1086741150606.8164,bitcoin,2021,3,20,5,11,1,58365.76484524411,60422127403.196556,1090732940555.4454,53124.661833548234,63605632430.859276,990698386416.9448,57922.40959262911,59014.92563205099,56830.253335076224,58365.76484524411,53124.661833548234
2021-03-21 00:00:00.000,58376.15847137206,54549112635.67172,1090022321077.5006,bitcoin,2021,3,21,6,11,1,57945.902065044866,58595892543.82456,1082851647349.1464,53346.097931292905,63474385898.52975,994902085230.4127,58243.27060892363,57922.40959262911,59014.92563205099,57945.902065044866,53346.097931292905
2021-03-22 00:00:00.000,57573.539344778685,55664123837.60256,1074356788297.177,bitcoin,2021,3,22,0,12,1,57680.840890580715,59675899037.15721,1077519097274.5898,53397.25831748787,62949948853.22189,995907648161.9323,58376.15847137206,58243.27060892363,57922.40959262911,57680.840890580715,53397.25831748787
2021-03-23 00:00:00.000,54370.13755789519,62001716794.84347,1020641820438.662,bitcoin,2021,3,23,1,12,1,57475.813506103696,58448360193.6053,1073439765501.3184,53330.3417868207,62438279813.17985,994910511128.783,57573.539344778685,58376.15847137206,58243.27060892363,57475.813506103696,53330.3417868207
2021-03-24 00:00:00.000,54584.86994699455,60383378707.04851,1017637245492.0176,bitcoin,2021,3,24,2,12,1,57155.04445066346,58043142258.27587,1067356233872.3577,53227.5273341566,62410283363.04937,992985741399.9197,54370.13755789519,57573.539344778685,58376.15847137206,57155.04445066346,53227.5273341566
2021-03-25 00:00:00.000,52526.86659704657,73029051195.05199,982797427007.2563,bitcoin,2021,3,25,3,12,1,56228.17887423426,59423254053.81496,1050466074409.3284,53164.72767757429,61460184341.31555,992009256101.0461,54584.86994699455,54370.13755789519,57573.539344778685,56228.17887423426,53164.72767757429
2021-03-26 00:00:00.000,51416.90830498005,63401640502.561295,959155260366.7408,bitcoin,2021,3,26,4,12,1,55298.82154742725,60139630371.93396,1033050287612.3102,53255.561460016805,59683918760.540436,993843304731.7865,52526.86659704657,54584.86994699455,54370.13755789519,55298.82154742725,53255.561460016805
2021-03-27 00:00:00.000,55033.10048044704,55442557956.15464,1027209990794.894,bitcoin,2021,3,27,5,12,1,54840.22581478774,60638797375.56202,1024545836210.607,53428.35218557894,59093984510.11342,997114254279.8312,51416.90830498005,52526.86659704657,54584.86994699455,54840.22581478774,53428.35218557894
2021-03-28 00:00:00.000,55832.41810961832,47285749218.66506,1042184275332.6416,bitcoin,2021,3,28,6,12,1,54476.8343345372,59601174030.27537,1017711829675.6271,53723.010607564596,58658330108.21741,1002657599049.1714,55033.10048044704,51416.90830498005,52526.86659704657,54476.8343345372,53723.010607564596
2021-03-29 00:00:00.000,55728.10132780653,49315845081.42435,1039333584621.1438,bitcoin,2021,3,29,0,13,1,54213.2003321126,58694277065.10704,1012708514864.7653,54028.89773593299,57823618362.141235,1008333031394.9473,55832.41810961832,55033.10048044704,51416.90830498005,54213.2003321126,54028.89773593299
2021-03-30 00:00:00.000,57634.92869447539,57387039705.47129,1075942162536.995,bitcoin,2021,3,30,1,13,1,54679.59906590978,58035037480.91102,1020608563735.9557,54394.944479102305,58036860877.362686,1015209446006.1613,55728.10132780653,55832.41810961832,55033.10048044704,54679.59906590978,54394.944479102305
2021-03-31 00:00:00.000,58668.628336761,52387542500.62196,1095293012032.8431,bitcoin,2021,3,31,2,13,1,55262.9931215907,56892775165.70722,1031702244670.3593,54851.55997499612,57793792663.14741,1023775625921.0829,57634.92869447539,55728.10132780653,55832.41810961832,55262.9931215907,54851.55997499612
2021-04-01 00:00:00.000,58817.3738884188,57495844477.9185,1098127310946.8978,bitcoin,2021,4,1,3,13,2,56161.63702035816,54673745634.688156,1048177942376.0223,55152.56110596019,57603035173.35808,1029441643163.4319,58668.628336761,57634.92869447539,55728.10132780653,56161.63702035816,55152.56110596019
2021-04-02 00:00:00.000,58801.194843878126,54320681400.56781,1098583823874.2308,bitcoin,2021,4,2,4,13,2,57216.53509734361,53376465762.9748,1068096308591.378,55494.85970776223,57630406639.48312,1035880662653.7427,58817.3738884188,58668.628336761,57634.92869447539,57216.53509734361,55494.85970776223
2021-04-03 00:00:00.000,59060.02678333801,52224918752.08043,1103133931136.5508,bitcoin,2021,4,3,5,13,2,57791.810283470884,52916803019.53564,1078942585783.0432,55777.61201823509,57397494993.18026,1041219463346.155,58801.194843878126,58817.3738884188,58668.628336761,57791.810283470884,55777.61201823509
2021-04-04 00:00:00.000,57060.40665471088,52067853987.600494,1067101827372.9528,bitcoin,2021,4,4,6,13,2,57967.23721848411,53599960843.66926,1082502236074.5164,56055.37720003208,57108103864.89464,1046505616368.3356,59060.02678333801,58801.194843878126,58817.3738884188,57967.23721848411,56055.37720003208
2021-04-05 00:00:00.000,58228.8026234662,46156767978.17735,1087344280109.6896,bitcoin,2021,4,5,0,14,2,58324.48026072121,53148664114.63398,1089360906858.5944,56359.94345806996,56761059054.35827,1052371115703.547,57060.40665471088,59060.02678333801,58801.194843878126,58324.48026072121,56359.94345806996
2021-04-06 00:00:00.000,58706.81559311396,54670173277.08731,1096202611389.954,bitcoin,2021,4,6,1,14,2,58477.60696052672,52760540339.15055,1092255256694.7313,56682.858358094905,57200771945.81511,1058361040999.8657,58228.8026234662,57060.40665471088,59060.02678333801,58477.60696052672,56682.858358094905
2021-04-07 00:00:00.000,58062.17872433649,61497704158.13829,1084341670320.8142,bitcoin,2021,4,7,2,14,2,58390.97130160893,54061992004.510025,1090690779307.2986,56907.82789489699,57712484590.13704,1062671070184.8882,58706.81559311396,58228.8026234662,57060.40665471088,58390.97130160893,56907.82789489699
2021-04-08 00:00:00.000,56134.41738866435,67617613532.43307,1050759681844.61,bitcoin,2021,4,8,3,14,2,58007.691801644,55507959012.29781,1083923975149.8289,57034.690610764716,58180773487.03072,1065223226228.127,58062.17872433649,58706.81559311396,58228.8026234662,58007.691801644,57034.690610764716
2021-04-09 00:00:00.000,58065.64402481532,48714359354.07226,1083362883828.12,bitcoin,2021,4,9,4,14,2,57902.61311320646,54707055862.798454,1081749555143.2416,57146.86963028265,57890643740.73111,1067369361717.1505,56134.41738866435,58062.17872433649,58706.81559311396,57902.61311320646,57146.86963028265
2021-04-10 00:00:00.000,58152.99326214184,45880879041.76103,1085794662404.731,bitcoin,2021,4,10,5,14,2,57773.03689589272,53800764475.60997,1079272516752.9816,57217.95314836786,57301321540.89658,1068735653641.3898,58065.64402481532,56134.41738866435,58062.17872433649,57773.03689589272,57217.95314836786
2021-04-11 00:00:00.000,59979.39281571831,61788197398.73793,1116221525334.327,bitcoin,2021,4,11,6,14,2,58190.03491889378,55189384962.91532,1086289616461.7493,57290.97063878197,57207420500.262474,1070015168788.0912,58152.99326214184,58065.64402481532,56134.41738866435,58190.03491889378,57290.97063878197
2021-04-12 00:00:00.000,59988.02095852983,46792500386.96501,1120606689450.4702,bitcoin,2021,4,12,0,15,2,58441.35182390287,55280203878.45641,1091041389224.7179,57378.77595500054,56767671456.76774,1071709512329.978,59979.39281571831,58152.99326214184,58065.64402481532,58441.35182390287,57378.77595500054
2021-04-13 00:00:00.000,59911.02059484732,55994558888.5224,1118532902101.5269,bitcoin,2021,4,13,1,15,2,58613.38110986478,55469401822.94714,1094231430754.9426,57331.97004373655,56389731531.342636,1070820896615.9757,59988.02095852983,59979.39281571831,58152.99326214184,58613.38110986478,57331.97004373655
2021-04-14 00:00:00.000,63576.67604104828,71993120011.18321,1187737045885.1743,bitcoin,2021,4,14,2,15,2,59401.1664408236,56968746944.81071,1109002198692.7085,57470.2269929039,57186032918.90627,1073355976851.5125,59911.02059484732,59988.02095852983,59979.39281571831,59401.1664408236,57470.2269929039
2021-04-15 00:00:00.000,62807.12323259299,80157135507.58896,1173412921929.8884,bitcoin,2021,4,15,3,15,2,60354.41013281342,58760107226.97583,1126524090133.4624,57703.62012568254,57504787812.502335,1077496502820.7899,63576.67604104828,59911.02059484732,59988.02095852983,60354.41013281342,57703.62012568254
2021-04-16 00:00:00.000,63179.772446084695,60495376851.28074,1179561609816.9358,bitcoin,2021,4,16,4,15,2,61084.99990728047,60443109726.57704,1140266765274.722,57915.27076271616,57413970232.39988,1081474490918.1964,62807.12323259299,63576.67604104828,59911.02059484732,61084.99990728047,57915.27076271616
2021-04-17 00:00:00.000,61497.2995694412,86260673269.76614,1149602869702.2644,bitcoin,2021,4,17,5,15,2,61562.75795118038,66211651759.14921,1149382223460.0837,57998.016560629156,58177050387.18281,1083093635133.3231,63179.772446084695,62807.12323259299,63576.67604104828,61562.75795118038,57998.016560629156
2021-04-18 00:00:00.000,60273.86667694734,63808212132.53643,1125592412523.221,bitcoin,2021,4,18,6,15,2,61604.825645641664,66500225292.54899,1150720921629.9258,58076.398463439764,58357757249.076416,1084577856619.2349,61497.2995694412,63179.772446084695,62807.12323259299,61604.825645641664,58076.398463439764
2021-04-19 00:00:00.000,56288.94534001195,102065957642.22952,1053618163309.5768,bitcoin,2021,4,19,0,16,2,61076.38627156768,74396433471.87248,1141151132181.2268,58011.25428780937,60028342872.79213,1083473757042.6602,60273.86667694734,61497.2995694412,63179.772446084695,61076.38627156768,58011.25428780937
2021-04-20 00:00:00.000,55721.166052695626,66156275209.79711,1043148020633.034,bitcoin,2021,4,20,1,16,2,60477.83562268887,75848107232.0546,1130381863400.0134,57922.75454052016,60415248291.92964,1081911280361.178,56288.94534001195,60273.86667694734,61497.2995694412,60477.83562268887,57922.75454052016
2021-04-21 00:00:00.000,56294.728558586925,68166802215.75954,1055145534127.332,bitcoin,2021,4,21,2,16,2,59437.557410908674,75301490404.13692,1111440218863.179,57880.127514313775,60832004237.8682,1081270905222.1832,55721.166052695626,56288.94534001195,60273.86667694734,59437.557410908674,57880.127514313775
2021-04-22 00:00:00.000,54190.07026283405,56115370322.140594,1012699264345.6595,bitcoin,2021,4,22,3,16,2,58206.549843800254,71866952520.50145,1088481124922.5748,57874.125271145065,60635792688.77811,1081006153352.4164,56294.728558586925,55721.166052695626,56288.94534001195,58206.549843800254,57874.125271145065
2021-04-23 00:00:00.000,51965.5664304852,77897442831.71704,971174701492.849,bitcoin,2021,4,23,4,16,2,56604.52041300033,74352961946.27806,1058711566590.5625,57786.81515392809,61219594826.26707,1079457401885.7775,54190.07026283405,56294.728558586925,55721.166052695626,56604.52041300033,57786.81515392809
2021-04-24 00:00:00.000,51191.1246964079,91138220375.4599,956744203682.2198,bitcoin,2021,4,24,5,16,2,55132.20971685271,75049754389.9486,1031160328587.699,57742.290423906794,61823233798.94732,1078588961108.2762,51965.5664304852,54190.07026283405,56294.728558586925,55132.20971685271,57742.290423906794
2021-04-25 00:00:00.000,50133.1073963654,49296256745.65119,937014999515.3856,bitcoin,2021,4,25,6,16,2,53683.52981962672,72976617906.10785,1004220698158.0082,57699.49706028631,61353054340.38366,1077850952413.2311,51191.1246964079,51965.5664304852,54190.07026283405,53683.52981962672,57699.49706028631
2021-04-26 00:00:00.000,48981.4413932161,46233432154.22527,915533819859.1392,bitcoin,2021,4,26,0,17,2,52639.60068437016,65000542836.392944,984494363379.3741,57497.77509071194,61046083480.319336,1074128413382.0393,50133.1073963654,51191.1246964079,51965.5664304852,52639.60068437016,57497.77509071194
2021-04-27 00:00:00.000,53978.80554728962,60226926859.91649,1008389773189.793,bitcoin,2021,4,27,1,17,2,52390.692040740745,64153493072.12428,979528899458.9111,57435.988005300984,61477456068.36105,1073001929977.2776,48981.4413932161,50133.1073963654,51191.1246964079,52390.692040740745,57435.988005300984
2021-04-28 00:00:00.000,54991.81484262107,48468560013.13787,1027617870421.6592,bitcoin,2021,4,28,2,17,2,52204.56150988848,61339458471.74976,975596376072.3865,57411.44512246147,61449213232.7515,1072611406170.6283,53978.80554728962,48981.4413932161,50133.1073963654,52204.56150988848,57411.44512246147
2021-04-29 00:00:00.000,54810.6138506792,48072930663.01449,1024625833392.2412,bitcoin,2021,4,29,3,17,2,52293.21059386635,60190538520.44603,977300171650.4696,57317.30129433493,61138742931.33628,1070900861865.803,54991.81484262107,53978.80554728962,48981.4413932161,52293.21059386635,57317.30129433493
2021-04-30 00:00:00.000,53596.70402266675,46958036373.36031,1001973605935.3958,bitcoin,2021,4,30,4,17,2,52526.23024989229,55770623312.10936,981700015142.262,57148.23715053179,60957759393.76089,1067790214995.8882,54810.6138506792,54991.81484262107,53978.80554728962,52526.23024989229,57148.23715053179
2021-05-01 00:00:00.000,57828.511814425874,53879045974.4321,1082721727348.0432,bitcoin,2021,5,1,5,17,2,53474.42840960914,50447884111.96253,999696804237.3796,57115.27508139869,60837199443.64468,1067276695542.593,53596.70402266675,54810.6138506792,54991.81484262107,53474.42840960914,57115.27508139869
2021-05-02 00:00:00.000,57812.96915967891,43967070045.82312,1080897634123.2936,bitcoin,2021,5,2,6,17,2,54571.551518653934,49686571726.272804,1020251466324.2235,57082.33422525872,60492079065.15319,1066687155884.2284,57828.511814425874,53596.70402266675,54810.6138506792,54571.551518653934,57082.33422525872
2021-05-03 00:00:00.000,56600.74528738432,39072664393.929405,1057850321948.5464,bitcoin,2021,5,3,0,18,2,55660.0235035351,48663604903.3734,1040582395194.1389,57000.358175393594,60053670586.54815,1065177702244.6283,57812.96915967891,57828.511814425874,53596.70402266675,55660.0235035351,57000.358175393594
2021-05-04 00:00:00.000,57200.30029871162,54132470274.07509,1069571255195.5188,bitcoin,2021,5,4,1,18,2,56120.237039452535,47792968248.2532,1049322606909.2426,57005.021296860294,60122491129.43064,1065260016505.3805,56600.74528738432,57812.96915967891,57828.511814425874,56120.237039452535,57005.021296860294
2021-05-05 00:00:00.000,53464.37021950372,71296763919.13268,999775008412.3738,bitcoin,2021,5,5,2,18,2,55902.03066472149,51054140234.82389,1045345055193.6305,56846.20688339487,60960490994.12915,1062341040782.1366,57200.30029871162,56600.74528738432,57812.96915967891,55902.03066472149,56846.20688339487
2021-05-06 00:00:00.000,57432.100227087576,72158368257.54709,1070969079353.5304,bitcoin,2021,5,6,3,18,2,56276.52871849411,54494917034.04282,1051965518902.386,56803.716371193994,61543430826.81114,1061499923047.5891,53464.37021950372,57200.30029871162,56600.74528738432,56276.52871849411,56803.716371193994
2021-05-07 00:00:00.000,56507.7594398696,87510802710.77629,1056801053574.5112,bitcoin,2021,5,7,4,18,2,56692.39377809451,60288169367.9594,1059798011422.2598,56751.9023950451,62410534111.89907,1060581902489.379,57432.100227087576,53464.37021950372,57200.30029871162,56692.39377809451,56751.9023950451
2021-05-08 00:00:00.000,57361.56904328887,68154805947.0942,1072831991777.4056,bitcoin,2021,5,8,5,18,2,56625.687667932085,62327563649.768265,1058385192055.0256,56792.80745019925,62428440525.721115,1061317646153.8055,56507.7594398696,57432.100227087576,53464.37021950372,56625.687667932085,56792.80745019925
2021-05-09 00:00:00.000,58771.88168950936,66812167538.22713,1099271802311.4956,bitcoin,2021,5,9,6,18,2,56762.67517219358,65591149005.82599,1061010073224.7688,56816.34870568905,63031700798.526276,1061847943436.5847,57361.56904328887,56507.7594398696,57432.100227087576,56762.67517219358,56816.34870568905
2021-05-10 00:00:00.000,58213.92629374439,67906284080.6139,1088903483393.3052,bitcoin,2021,5,10,0,19,2,56993.12960167359,69710237532.4952,1065446239145.4486,56818.379806742465,63765880966.48804,1061951570802.8706,58771.88168950936,57361.56904328887,56507.7594398696,56993.12960167359,56818.379806742465
2021-05-11 00:00:00.000,55901.66759456145,76672978747.69038,1045714370754.1616,bitcoin,2021,5,11,1,19,2,56807.61064393785,72930310171.5831,1062038112796.6833,56682.45563270391,64262040344.78646,1059601332316.865,58213.92629374439,58771.88168950936,57361.56904328887,56807.61064393785,56682.45563270391
2021-05-12 00:00:00.000,56928.97235660158,67726708140.56509,1064993057463.8884,bitcoin,2021,5,12,2,19,2,57302.553806380405,72420302203.2163,1071354976946.8997,56580.487345972964,64959847269.906456,1057747544583.979,55901.66759456145,58213.92629374439,58771.88168950936,57302.553806380405,56580.487345972964
2021-05-13 00:00:00.000,50004.76218313686,75523928654.34041,935512493150.826,bitcoin,2021,5,13,3,19,2,56241.50551438745,72901096545.61534,1052004036060.7991,56250.27873224928,65610826262.10038,1051646864285.6223,56928.97235660158,55901.66759456145,58213.92629374439,56241.50551438745,56250.27873224928
2021-05-14 00:00:00.000,49972.79539837245,104203551167.93764,934964766185.9642,bitcoin,2021,5,14,4,19,2,55307.939222745,75285774896.6384,1034598852148.1494,55796.816044160085,66684507300.65887,1043221121628.9819,50004.76218313686,56928.97235660158,55901.66759456145,55307.939222745,55796.816044160085
2021-05-15 00:00:00.000,49913.26314398822,56820196964.51265,935962705739.4398,bitcoin,2021,5,15,5,19,2,54243.895522844905,73666545041.98389,1015046096999.8688,55367.020707873264,65906609349.223,1035306114422.6337,49972.79539837245,50004.76218313686,56928.97235660158,54243.895522844905,55367.020707873264
2021-05-16 00:00:00.000,46780.90230468821,62896879696.14898,875321252276.1078,bitcoin,2021,5,16,6,19,2,52530.898467870444,73107218207.40129,983053161280.5276,54820.39170316004,65986659444.05193,1025164769171.2728,49913.26314398822,49972.79539837245,50004.76218313686,52530.898467870444,54820.39170316004
2021-05-17 00:00:00.000,46585.06413538846,70636455913.96016,871695620615.745,bitcoin,2021,5,17,0,20,2,50869.63244524818,73497242755.02219,952023466598.0189,54323.31718869162,65465852198.858406,1015901194201.7222,46780.90230468821,49913.26314398822,49972.79539837245,50869.63244524818,54323.31718869162
2021-05-18 00:00:00.000,43780.82559782485,84054878923.85199,819256623328.7307,bitcoin,2021,5,18,1,20,2,49138.08358857152,74551799923.04527,919672359822.9574,53773.54915272087,66140741091.902245,1005690001228.5724,46585.06413538846,46780.90230468821,49913.26314398822,49138.08358857152,53773.54915272087
2021-05-19 00:00:00.000,43091.04144756922,65037066859.11668,800545278567.6873,bitcoin,2021,5,19,2,20,2,47161.23631585261,74167565454.26694,881894105694.9287,53333.61902297278,64906444732.46516,997254238403.8429,43780.82559782485,46585.06413538846,46780.90230468821,47161.23631585261,53333.61902297278
2021-05-20 00:00:00.000,37287.39140242737,141151477374.61298,697785056487.6051,bitcoin,2021,5,20,3,20,2,45344.469061465534,83542929557.163,847933043314.4686,52719.15986796384,67406284804.62569,985742139598.9952,43091.04144756922,43780.82559782485,46585.06413538846,45344.469061465534,52719.15986796384
2021-05-21 00:00:00.000,40437.73009625558,95001812130.50996,759679496751.2783,bitcoin,2021,5,21,4,20,2,43982.31687544884,82228395408.95906,822892290538.085,52190.59325255279,68300785135.11736,975893271686.4601,37287.39140242737,43091.04144756922,43780.82559782485,43982.31687544884,52190.59325255279
2021-05-22 00:00:00.000,37339.63420134628,88706010988.29123,698762712553.7339,bitcoin,2021,5,22,5,20,2,42186.084169357135,86783511698.07028,789006577225.8411,51628.9120505032,69387139823.98906,965428719960.0625,40437.73009625558,37287.39140242737,43091.04144756922,42186.084169357135,51628.9120505032
2021-05-23 00:00:00.000,37520.31767547438,61178935273.653305,702143968883.5249,bitcoin,2021,5,23,6,20,2,40863.14350804088,86538091066.28519,764266965312.6151,51147.403758669505,68829856238.72026,956461028873.0851,37339.63420134628,40437.73009625558,37287.39140242737,40863.14350804088,51147.403758669505
2021-05-24 00:00:00.000,34977.527801962424,84358034875.51308,654558962027.5841,bitcoin,2021,5,24,0,21,2,39204.92403183716,88498316632.22131,733247442657.1635,50606.95052885466,68603850055.3887,946388187484.5972,37520.31767547438,37339.63420134628,40437.73009625558,39204.92403183716,50606.95052885466
2021-05-25 00:00:00.000,38642.4422973396,71163197727.3351,723143072419.7241,bitcoin,2021,5,25,1,21,2,38470.86927462498,86656647889.86177,719516935384.4482,50223.92835888713,69332748088.1115,939259123248.0751,34977.527801962424,37520.31767547438,37339.63420134628,38470.86927462498,50223.92835888713
2021-05-26 00:00:00.000,38210.80521759389,48724794157.985054,715248689989.8947,bitcoin,2021,5,26,2,21,2,37773.69267034279,84326323218.27151,707331708444.7635,49864.907153033055,69415793488.23683,932582952252.4336,38642.4422973396,34977.527801962424,37520.31767547438,37773.69267034279,49864.907153033055
2021-05-27 00:00:00.000,39406.934244116186,47026386118.47242,737668726732.3829,bitcoin,2021,5,27,3,21,2,38076.48450486977,70879881610.25145,713029375622.589,49379.178109593944,68975775463.52203,923558917370.5199,38210.80521759389,38642.4422973396,34977.527801962424,38076.48450486977,49379.178109593944
2021-05-28 00:00:00.000,38642.89555434217,40836817155.71973,723137484747.1467,bitcoin,2021,5,28,4,21,2,37820.07957031071,63142025185.28142,707809088193.4274,48834.214133317975,68721384034.94142,913409571181.3695,39406.934244116186,38210.80521759389,38642.4422973396,37820.07957031071,48834.214133317975
2021-05-29 00:00:00.000,35710.220936529884,49991590067.73797,668521654364.6696,bitcoin,2021,5,29,5,21,2,37587.3062467655,57611393625.202385,703488937023.5609,48197.53436951301,68785339348.4322,901539431880.4506,38642.89555434217,39406.934244116186,38210.80521759389,37587.3062467655,48197.53436951301
2021-05-30 00:00:00.000,34775.07941347281,43184025044.7728,654239808356.6592,bitcoin,2021,5,30,6,21,2,37195.12935219385,55040692163.93373,696645485519.723,47570.14688253987,68659538970.81262,889948305294.4926,35710.220936529884,38642.89555434217,39406.934244116186,37195.12935219385,47570.14688253987
2021-05-31 00:00:00.000,35714.75202018067,30650274657.69525,668664301773.5417,bitcoin,2021,5,31,0,22,2,37300.4470976536,47368154989.95976,698660534054.86,46833.02155606503,67885246593.58806,876146391108.6759,34775.07941347281,35710.220936529884,38642.89555434217,37300.4470976536,46833.02155606503
2021-06-01 00:00:00.000,37340.6792659422,37950798680.48171,699138611681.2975,bitcoin,2021,6,1,1,22,2,37114.48095031112,42623526554.69499,695231325377.9417,46150.61189294047,67684704214.74334,863421090360.6094,35714.75202018067,34775.07941347281,35710.220936529884,37114.48095031112,46150.61189294047
2021-06-02 00:00:00.000,36680.06820180283,33536905027.71024,688726381047.1788,bitcoin,2021,6,2,2,22,2,36895.80423376954,40453828107.51288,691442424100.4109,45486.589323421096,67500178902.53604,851116958997.2305,37340.6792659422,35714.75202018067,34775.07941347281,36895.80423376954,45486.589323421096
2021-06-03 00:00:00.000,37685.71798174826,31240691604.199257,704531333543.3906,bitcoin,2021,6,3,3,22,2,36649.9161962884,38198728891.18813,686708510787.6976,44836.10324618898,66737119613.54018,838948961608.8262,36680.06820180283,37340.6792659422,35714.75202018067,36649.9161962884,44836.10324618898
2021-06-04 00:00:00.000,39151.31618380032,33396718844.557133,733150718114.4554,bitcoin,2021,6,4,4,22,2,36722.54771478243,37135857703.879196,688138972697.3134,44359.00144499887,65473784777.72099,830061485265.5623,37685.71798174826,36680.06820180283,37340.6792659422,36722.54771478243,44359.00144499887
2021-06-05 00:00:00.000,36938.72031139185,39345490149.31464,691747462828.3618,bitcoin,2021,6,5,5,22,2,36898.047625477,35614986286.96157,691456945334.9835,43675.88878114234,64380022174.11325,817420764714.7233,39151.31618380032,37685.71798174826,36680.06820180283,36898.047625477,43675.88878114234
2021-06-06 00:00:00.000,35546.98596483364,34068172835.76665,662913486273.3402,bitcoin,2021,6,6,6,22,2,37008.31998995711,34312721685.674984,692696042180.2238,42977.196331974475,62598601178.27959,804291179138.0176,36938.72031139185,39151.31618380032,37685.71798174826,37008.31998995711,42977.196331974475
2021-06-07 00:00:00.000,35834.4744744042,27689283070.836933,671131079523.7289,bitcoin,2021,6,7,0,23,2,37025.42319770333,33889722887.55237,693048439001.6791,42259.62651301165,61249750415.73768,790901148729.5618,35546.98596483364,36938.72031139185,39151.31618380032,37025.42319770333,42259.62651301165
2021-06-08 00:00:00.000,33451.38340714534,33345528753.340157,626527049947.8439,bitcoin,2021,6,8,1,23,2,36469.809503589495,33231827183.675,682675358754.0428,41415.609903599514,60134195789.57478,775142990317.44,35834.4744744042,35546.98596483364,36938.72031139185,36469.809503589495,41415.609903599514
2021-06-09 00:00:00.000,33557.15068309184,46727462986.366455,629018966290.4011,bitcoin,2021,6,9,2,23,2,36023.678429487925,35116192606.34017,674145728074.503,40593.71738324443,59428235086.4332,759813506414.0098,33451.38340714534,35834.4744744042,35546.98596483364,36023.678429487925,40593.71738324443
2021-06-10 00:00:00.000,37553.64375851888,54511387836.11497,705292677171.4633,bitcoin,2021,6,10,3,23,2,36004.810683312295,38440577782.32813,674254491449.9421,39982.11658870968,58689515389.38069,748466116627.9199,33557.15068309184,33451.38340714534,35834.4744744042,36004.810683312295,39982.11658870968
2021-06-11 00:00:00.000,36903.304906778896,42952476854.83458,691681868464.4717,bitcoin,2021,6,11,4,23,2,35683.66621516638,39805686069.51063,668330370071.373,39314.59434038226,57863707679.85634,736022410327.9393,37553.64375851888,33557.15068309184,33451.38340714534,35683.66621516638,39314.59434038226
2021-06-12 00:00:00.000,37289.43252210222,36358044262.70976,698528023663.5321,bitcoin,2021,6,12,5,23,2,35733.767959553574,39378908085.70994,669299021619.2545,38890.75001834777,56558178200.13532,728122928011.6962,36903.304906778896,37553.64375851888,33557.15068309184,35733.767959553574,38890.75001834777
2021-06-13 00:00:00.000,35666.14977877309,35710196743.32056,668148892256.3638,bitcoin,2021,6,13,6,23,2,35750.79136154492,39613482929.6462,670046936759.6864,38413.861831027796,54275066385.981415,719229065547.3762,37289.43252210222,36903.304906778896,37553.64375851888,35750.79136154492,38413.861831027796
2021-06-14 00:00:00.000,39147.70567879997,38185633278.28716,733402631079.1185,bitcoin,2021,6,14,0,24,2,36224.110105030035,41112961530.71052,678942872696.1707,38055.009915521514,53653914263.10722,712477063058.6987,35666.14977877309,37289.43252210222,36903.304906778896,36224.110105030035,38055.009915521514
2021-06-15 00:00:00.000,40624.51305316154,45836408439.45157,761104314502.2867,bitcoin,2021,6,15,1,24,2,37248.84291160378,42897372914.44073,698168196203.9482,37849.796940470624,53085231887.88399,708669831799.5715,39147.70567879997,35666.14977877309,37289.43252210222,37248.84291160378,37849.796940470624
2021-06-16 00:00:00.000,40378.20254971114,36706248352.23714,756522207420.3483,bitcoin,2021,6,16,2,24,2,38223.27889254939,41465770823.85082,716382944936.7977,37642.90155428139,51954224969.15988,704830718026.3915,40624.51305316154,39147.70567879997,35666.14977877309,38223.27889254939,37642.90155428139
2021-06-17 00:00:00.000,38321.454656574206,36563438889.78541,718016373177.285,bitcoin,2021,6,17,3,24,2,38332.96616370015,38901778117.232315,718200615794.7723,37460.92252290636,50371176968.02432,701456043021.3434,40378.20254971114,40624.51305316154,39147.70567879997,38332.96616370015,37460.92252290636
2021-06-18 00:00:00.000,38193.61914194397,36330237284.41833,715652442155.1261,bitcoin,2021,6,18,4,24,2,38517.29676872374,37955743892.88713,721624983464.8658,37297.675112718855,49414282648.867714,698626281807.5913,38321.454656574206,40378.20254971114,40624.51305316154,38517.29676872374,37297.675112718855
2021-06-19 00:00:00.000,35881.11137137543,35162612172.75275,673761687974.4922,bitcoin,2021,6,19,5,24,2,38316.10803290562,37784967880.03613,718086935509.2887,37250.79911168379,45881320475.47238,697825502857.1542,38193.61914194397,38321.454656574206,40378.20254971114,38316.10803290562,37250.79911168379
2021-06-20 00:00:00.000,35581.64226773201,28858979691.78587,666901325910.3705,bitcoin,2021,6,20,6,24,2,38304.03553132833,36806222586.95975,717908711745.5753,37088.929517399665,43676559394.18157,694732897162.4573,35881.11137137543,38193.61914194397,38321.454656574206,38304.03553132833,37088.929517399665
2021-06-21 00:00:00.000,35787.07740523232,35609127163.62243,670634370556.6146,bitcoin,2021,6,21,0,25,2,37823.94577796152,36438150284.864784,708941817385.2177,37037.17762419588,41906663266.69261,693795285762.5532,35581.64226773201,35881.11137137543,38193.61914194397,37823.94577796152,37037.17762419588
2021-06-22 00:00:00.000,31711.93546772701,51873870276.52254,598335733135.868,bitcoin,2021,6,22,1,25,2,36550.72040861373,37300644833.01778,685689162904.3007,36843.56488393762,41596494433.45492,690335011237.6313,35787.07740523232,35581.64226773201,35881.11137137543,36550.72040861373,36843.56488393762
2021-06-23 00:00:00.000,32507.738707026845,57443014757.92467,606580031922.7239,bitcoin,2021,6,23,2,25,2,35426.3684310874,40263040033.830284,664268852118.9258,36761.238580773104,40699327096.20198,688735713567.4694,31711.93546772701,35787.07740523232,35581.64226773201,35426.3684310874,36761.238580773104
2021-06-24 00:00:00.000,33702.61779371396,39798236962.44067,631634847766.2311,bitcoin,2021,6,24,3,25,2,34766.53459353594,40725154044.2096,651928634203.0609,36596.57776398558,39653828404.038826,685685439412.353,32507.738707026845,31711.93546772701,35787.07740523232,34766.53459353594,36596.57776398558
2021-06-25 00:00:00.000,34675.44910530336,31862051544.34989,650340461975.8141,bitcoin,2021,6,25,4,25,2,34263.93887401585,40086841795.6284,642598351320.302,36478.73256024257,39091736983.58432,683521831811.8835,33702.61779371396,32507.738707026845,31711.93546772701,34263.93887401585,36478.73256024257
2021-06-26 00:00:00.000,31943.136467863093,38635245431.3565,598703019611.4526,bitcoin,2021,6,26,5,25,2,33701.37103065694,40582932261.14323,631875684411.2965,36229.93930103413,38812032294.01379,678889641574.5193,34675.44910530336,33702.61779371396,32507.738707026845,33701.37103065694,36229.93930103413
2021-06-27 00:00:00.000,32023.97390177492,36873109419.90242,600235334320.8247,bitcoin,2021,6,27,6,25,2,33193.13269266307,41727807936.58844,622351971327.0756,36009.30857928189,38679908702.81987,674792903226.9751,31943.136467863093,34675.44910530336,33702.61779371396,33193.13269266307,36009.30857928189
2021-06-28 00:00:00.000,34607.293274083386,34335452117.32629,649262127990.3759,bitcoin,2021,6,28,0,26,2,33024.59210249894,41545854358.546135,619298793817.6129,35972.544323867005,38158037437.80616,674150919014.4988,32023.97390177492,31943.136467863093,34675.44910530336,33024.59210249894,35972.544323867005
2021-06-29 00:00:00.000,34556.8421269449,32453802891.01519,647741224116.9337,bitcoin,2021,6,29,1,26,2,33431.007339530064,38771559017.75938,626356721100.6223,35965.269747649414,37800363366.01424,673934299539.8413,34607.293274083386,32023.97390177492,31943.136467863093,33431.007339530064,35965.269747649414
2021-06-30 00:00:00.000,35968.993667970346,35121257875.54662,674231340724.4149,bitcoin,2021,6,30,2,26,2,33925.472333950565,35582736605.99108,636021193786.5781,35973.7444692424,37949396139.94261,674119867504.8704,34556.8421269449,34607.293274083386,32023.97390177492,33925.472333950565,35973.7444692424
2021-07-01 00:00:00.000,35171.486304850056,31024153846.87852,660200427590.4775,bitcoin,2021,7,1,3,26,3,34135.310692684296,34329296160.910774,640101990904.3275,35901.438037206,37718507978.82251,672821928035.1763,35968.993667970346,34556.8421269449,34607.293274083386,34135.310692684296,35901.438037206
2021-07-02 00:00:00.000,33677.566235922626,29129630236.14075,629863895571.7473,bitcoin,2021,7,2,4,26,3,33992.75599705848,33938950259.738037,637176767132.3181,35801.35463834332,37571598819.10352,670859845185.9952,35171.486304850056,35968.993667970346,34556.8421269449,33992.75599705848,35801.35463834332
2021-07-03 00:00:00.000,33950.786555181,25084046353.169456,633684390025.5607,bitcoin,2021,7,3,5,26,3,34279.56315238961,32003064677.139893,642174105762.905,35676.85692412441,37366377310.73586,668498280402.0676,33677.566235922626,35171.486304850056,35968.993667970346,34279.56315238961,35676.85692412441
2021-07-04 00:00:00.000,34729.89077801021,22986053604.70427,650382046624.6503,bitcoin,2021,7,4,6,26,3,34666.1227061375,30019199560.683014,649337921806.3086,35529.47607726474,37019355136.074104,665739324685.7407,33950.786555181,33677.566235922626,35171.486304850056,34666.1227061375,35529.47607726474
2021-07-05 00:00:00.000,35394.213074080915,22727930417.748825,663571591568.1959,bitcoin,2021,7,5,0,27,3,34778.53982042287,28360982175.029087,651382130888.8544,35477.99250268772,36465436478.35525,664800128977.0686,34729.89077801021,33950.786555181,33677.566235922626,34778.53982042287,35477.99250268772
2021-07-06 00:00:00.000,33928.13421837147,25894820184.74507,636061920914.8282,bitcoin,2021,7,6,1,27,3,34688.72440491238,27423984645.56193,649713659002.8392,35424.03077780564,36192991389.98786,663905076798.4515,35394.213074080915,34729.89077801021,33950.786555181,34688.72440491238,35424.03077780564
2021-07-07 00:00:00.000,34149.98981477412,26106856611.92326,640405812761.686,bitcoin,2021,7,7,2,27,3,34428.86671159863,26136213036.472878,644881440722.4493,35367.8812891513,36140243841.3574,662880901239.7168,33928.13421837147,35394.213074080915,34729.89077801021,34428.86671159863,35367.8812891513
2021-07-08 00:00:00.000,33932.25463831538,23692220470.135063,636246944189.2604,bitcoin,2021,7,8,3,27,3,34251.833616379394,25088793982.652386,641459514522.2755,35383.9103301903,35818466898.58389,663204897714.4305,34149.98981477412,33928.13421837147,35394.213074080915,34251.833616379394,35383.9103301903
2021-07-09 00:00:00.000,32933.578199292395,29065577052.29722,617861633771.9894,bitcoin,2021,7,9,4,27,3,34145.549611146496,25079643527.817596,639744905693.7386,35363.12458073032,35229737367.44826,662832986630.4836,33932.25463831538,34149.98981477412,33928.13421837147,34145.549611146496,35363.12458073032
2021-07-10 00:00:00.000,33971.29774975796,24282108111.21572,637000370375.4657,bitcoin,2021,7,10,5,27,3,34148.47978180035,24965080921.824207,640218617172.2966,35243.71304710496,34222094709.951614,660556576403.9503,32933.578199292395,33932.25463831538,34149.98981477412,34148.47978180035,35243.71304710496
2021-07-11 00:00:00.000,33704.53847440508,20558304483.59407,632185737683.1548,bitcoin,2021,7,11,6,27,3,34002.000881285334,24618259618.80846,637619144466.3685,35137.087499359164,33475622297.57693,658573372044.573,33971.29774975796,32933.578199292395,33932.25463831538,34002.000881285334,35137.087499359164
2021-07-12 00:00:00.000,34299.938016517444,17798828844.27227,643335853171.1349,bitcoin,2021,7,12,0,28,3,33845.67587306198,23914102251.168953,634728324695.36,35037.437682506345,32856981783.629017,656733633028.1599,33704.53847440508,33971.29774975796,32933.578199292395,33845.67587306198,35037.437682506345
2021-07-13 00:00:00.000,33262.6543524462,21683885320.611263,623350567666.981,bitcoin,2021,7,13,1,28,3,33750.60732078694,23312540127.721264,632912417088.5245,34957.32116829544,32389438069.538704,655240355541.8472,34299.938016517444,33704.53847440508,33971.29774975796,33750.60732078694,34957.32116829544
2021-07-14 00:00:00.000,32676.38380096018,19932531699.624603,613002045101.37,bitcoin,2021,7,14,2,28,3,33540.09217595638,22430493711.6786,628997593137.0508,34741.61043903411,31781001350.249954,651227002675.9221,33262.6543524462,34299.938016517444,33704.53847440508,33540.09217595638,34741.61043903411
2021-07-15 00:00:00.000,32878.50187357147,21779069066.445965,616691143979.958,bitcoin,2021,7,15,3,28,3,33389.55606670725,22157186368.29444,626203907392.8649,34483.41006638111,30979090037.816433,646413230325.1779,32676.38380096018,33262.6543524462,34299.938016517444,33389.55606670725,34483.41006638111
2021-07-16 00:00:00.000,31726.038833909817,21557729227.284348,595342431373.8641,bitcoin,2021,7,16,4,28,3,33217.05044308117,21084636679.006893,622986878478.8469,34195.00460918774,30474139400.318005,641040571123.6284,32878.50187357147,32676.38380096018,33262.6543524462,33217.05044308117,34195.00460918774
2021-07-17 00:00:00.000,31399.653128682126,22671859962.66356,588495008675.5178,bitcoin,2021,7,17,5,28,3,32849.672640070334,20854601229.213722,616057541093.14,33964.27789159134,30011086769.413944,636723192306.9027,31726.038833909817,32878.50187357147,32676.38380096018,32849.672640070334,33964.27789159134
2021-07-18 00:00:00.000,31588.6713510167,17715455994.789402,592581931071.2119,bitcoin,2021,7,18,6,28,3,32547.405908157703,20448480016.527344,610399854434.2911,33744.11296522709,29390594059.759647,632620841937.4391,31399.653128682126,31726.038833909817,32878.50187357147,32547.405908157703,33744.11296522709
2021-07-19 00:00:00.000,31919.393922554555,17742105807.895496,597872278369.1111,bitcoin,2021,7,19,0,29,3,32207.328180448723,20440376725.616375,603905058034.002,33612.055716933064,28809910514.26441,630091194950.593,31588.6713510167,31399.653128682126,31726.038833909817,32207.328180448723,33612.055716933064
2021-07-20 00:00:00.000,30928.211908849244,20095540828.29569,580252472382.7122,bitcoin,2021,7,20,1,29,3,31873.836402792014,20213470369.571293,597748187279.1064,33456.94137163697,28517795885.4814,627202899833.0043,31919.393922554555,31588.6713510167,31399.653128682126,31873.836402792014,33456.94137163697
2021-07-21 00:00:00.000,29971.903783612062,23000299061.896305,561743228116.5483,bitcoin,2021,7,21,2,29,3,31487.482114599425,20651722849.89582,590425499138.4176,33263.102250916294,28097501615.423866,623573195085.0022,30928.211908849244,31919.393922554555,31588.6713510167,31487.482114599425,33263.102250916294
2021-07-22 00:00:00.000,32383.78112696872,29070652059.995014,605357009416.7555,bitcoin,2021,7,22,3,29,3,31416.807722227608,21693377563.259975,588806337057.9601,33285.49710622435,27337394341.53961,623807237627.6985,29971.903783612062,30928.211908849244,31919.393922554555,31416.807722227608,33285.49710622435
2021-07-23 00:00:00.000,32409.499767175417,19741588059.45234,607621607805.3499,bitcoin,2021,7,23,4,29,3,31514.444998408402,21433928824.998257,590560505119.601,33282.22247489597,26080680118.257202,623841956823.7859,32383.78112696872,29971.903783612062,30928.211908849244,31514.444998408402,33282.22247489597
2021-07-24 00:00:00.000,33455.55127272261,22937379734.63381,627747173675.4332,bitcoin,2021,7,24,5,29,3,31808.14473327133,21471860220.994007,596167957262.446,33273.98692419626,25518651543.99697,623712367687.426,32409.499767175417,32383.78112696872,29971.903783612062,31808.14473327133,33273.98692419626
2021-07-25 00:00:00.000,34213.59993217662,22120323672.36721,642012590040.6406,bitcoin,2021,7,25,6,29,3,32183.134530579886,22101127032.07655,603229479972.3644,33258.5919517587,25193927281.59755,623434771956.2537,33455.55127272261,32409.499767175417,32383.78112696872,32183.134530579886,33258.5919517587
2021-07-26 00:00:00.000,35456.12466076684,20929083220.53677,664681184168.7764,bitcoin,2021,7,26,0,30,3,32688.38177889593,22556409519.596733,612773609372.3165,33375.691558188824,24603721874.57023,625634044108.1643,34213.59993217662,33455.55127272261,32409.499767175417,32688.38177889593,33375.691558188824
2021-07-27 00:00:00.000,37281.91809217662,53550491997.72306,701921012034.6644,bitcoin,2021,7,27,1,30,3,33596.05409079984,27335688258.08636,630154829322.5955,33550.95636453555,25159634627.164246,629023566698.6256,35456.12466076684,34213.59993217662,33455.55127272261,33596.05409079984,33550.95636453555
2021-07-28 00:00:00.000,39076.59377063225,36401287454.43055,732311951673.3547,bitcoin,2021,7,28,2,30,3,34896.724088945586,29250115171.30554,654521789830.7107,33699.933047753846,25228495805.067726,631791894154.7249,37281.91809217662,35456.12466076684,34213.59993217662,34896.724088945586,33699.933047753846
2021-07-29 00:00:00.000,40031.19824444798,41369107422.71703,751371299910.5153,bitcoin,2021,7,29,3,30,3,35989.21224858548,31007037365.98011,675380974186.962,33882.411585003945,25525672622.79112,635246230014.511,39076.59377063225,37281.91809217662,35456.12466076684,35989.21224858548,33882.411585003945
2021-07-30 00:00:00.000,39977.75693922764,28717414113.01727,750407963580.4731,bitcoin,2021,7,30,4,30,3,37070.39184459294,32289298230.775105,695779025011.9796,34016.03702737919,25312211164.040142,637785450776.3795,40031.19824444798,39076.59377063225,37281.91809217662,37070.39184459294,34016.03702737919
2021-07-31 00:00:00.000,41936.261478677225,35530501782.520935,786531956383.648,bitcoin,2021,7,31,5,30,3,38281.921874015025,34088315666.187542,718462565398.8674,34241.52953317343,25462422761.894886,641996501736.152,39977.75693922764,40031.19824444798,39076.59377063225,38281.921874015025,34241.52953317343
2021-08-01 00:00:00.000,41754.16660435275,28437941447.49927,784039345926.1898,bitcoin,2021,8,1,6,30,3,39359.1456843259,34990832491.20641,738752101953.946,34510.74954545443,25439366468.94017,647135683414.6334,41936.261478677225,39977.75693922764,40031.19824444798,39359.1456843259,34510.74954545443
2021-08-02 00:00:00.000,39914.82975848789,28555173661.663795,747403845431.8284,bitcoin,2021,8,2,0,31,3,39996.10355542891,36080273982.79599,750569624991.5248,34709.55098556467,25555070712.55665,650926331928.1757,41754.16660435275,41936.261478677225,39977.75693922764,39996.10355542891,34709.55098556467
2021-08-03 00:00:00.000,39278.76650810368,28057528866.262108,737440183775.5553,bitcoin,2021,8,3,1,31,3,40281.36761484706,32438422106.872993,755643792383.0807,34861.18017656778,25724119887.941906,653828269833.2058,39914.82975848789,41754.16660435275,41936.261478677225,40281.36761484706,34861.18017656778
2021-08-04 00:00:00.000,38368.35401197897,28422901237.16951,720835141114.3336,bitcoin,2021,8,4,2,31,3,40180.19050646802,31298652647.264275,754004248017.5061,34960.31820783104,25913952248.589268,655737054818.0769,39278.76650810368,39914.82975848789,41754.16660435275,40180.19050646802,34960.31820783104
2021-08-05 00:00:00.000,39751.58457509862,27751046040.329308,747085951935.0547,bitcoin,2021,8,5,3,31,3,40140.24569656096,29353215306.92317,753392055449.5833,35154.433219721956,25975826443.775406,659437855852.0845,38368.35401197897,39278.76650810368,39914.82975848789,40140.24569656096,35154.433219721956
2021-08-06 00:00:00.000,40825.3819404497,38527930905.31518,768416417393.5968,bitcoin,2021,8,6,4,31,3,40261.33498244983,30754717705.82287,755964691708.6008,35376.946290577805,26389862253.555138,663704876006.4817,39751.58457509862,38368.35401197897,39278.76650810368,40261.33498244983,35376.946290577805
2021-08-07 00:00:00.000,42802.13717474142,40840608016.84309,803853127161.2805,bitcoin,2021,8,7,5,31,3,40385.031510459004,31513304310.726036,758439144676.8342,35672.609041792006,26961475171.77874,669291748772.2156,40825.3819404497,39751.58457509862,38368.35401197897,40385.031510459004,35672.609041792006
2021-08-08 00:00:00.000,44647.57760300116,42725276705.46515,838457486987.6113,bitcoin,2021,8,8,6,31,3,40798.37593883735,33554352204.72116,766213164828.4657,36063.0756885823,27416798493.551006,676644943879.4031,42802.13717474142,40825.3819404497,39751.58457509862,40798.37593883735,36063.0756885823
2021-08-09 00:00:00.000,43753.21786264632,39633218478.615295,821704814136.0109,bitcoin,2021,8,9,0,32,3,41346.71709657427,35136930035.71423,776827588929.0634,36389.13969234525,27928502172.46432,682801758671.4213,44647.57760300116,42802.13717474142,40825.3819404497,41346.71709657427,36389.13969234525
2021-08-10 00:00:00.000,46311.00189857689,42726733997.85781,861862844505.6104,bitcoin,2021,8,10,1,32,3,42351.32215235615,37232530768.79933,794602254747.6427,36809.35513981763,28667449822.939777,690457662232.1698,43753.21786264632,44647.57760300116,42802.13717474142,42351.32215235615,36809.35513981763
2021-08-11 00:00:00.000,45639.51401890709,35669862361.54627,854344953098.7552,bitcoin,2021,8,11,2,32,3,43390.05929620303,38267810929.42458,813675085031.1315,37187.34100656396,29263150940.182243,697491298896.4238,46311.00189857689,43753.21786264632,44647.57760300116,43390.05929620303,37187.34100656396
2021-08-12 00:00:00.000,45652.06012506926,35679832771.371475,857660568377.3856,bitcoin,2021,8,12,3,32,3,44232.98437477027,39400494748.1449,829471458808.6073,37600.321198984726,29729682521.874256,705301632253.4373,45639.51401890709,46311.00189857689,43753.21786264632,44232.98437477027,37600.321198984726
2021-08-13 00:00:00.000,44495.20979327958,35838614930.04035,836054770491.896,bitcoin,2021,8,13,4,32,3,44757.245496603115,39016306751.67706,839134080679.7928,37994.282065395375,30259885296.221443,712736723099.7882,45652.06012506926,45639.51401890709,46311.00189857689,44757.245496603115,37994.282065395375
2021-08-14 00:00:00.000,47717.27052766495,34320865037.164627,895084141168.7996,bitcoin,2021,8,14,5,32,3,45459.40740416361,38084914897.43728,852167082680.8671,38488.90768719849,30677945161.912067,722016489672.7495,44495.20979327958,45652.06012506926,45639.51401890709,45459.40740416361,38488.90768719849
2021-08-15 00:00:00.000,47088.85313451467,33294851810.64847,886593539912.8141,bitcoin,2021,8,15,6,32,3,45808.16105152267,36737711341.0349,859043661670.1816,39001.00149721865,31069182581.35754,731724859957.3811,47717.27052766495,44495.20979327958,45652.06012506926,45808.16105152267,39001.00149721865
2021-08-16 00:00:00.000,47025.00323011282,32863850458.005253,882888202377.7089,bitcoin,2021,8,16,0,33,3,46275.55896116075,35770658766.66203,867784145704.71,39521.84650059968,31408915597.86893,741537966414.121,47088.85313451467,47717.27052766495,44495.20979327958,46275.55896116075,39521.84650059968
2021-08-17 00:00:00.000,46031.75754362583,34221605780.00136,866391335029.3693,bitcoin,2021,8,17,1,33,3,46235.66691045346,34555640449.8254,868431072922.3898,40003.28270701998,31959120590.709328,750664946546.0593,47025.00323011282,47088.85313451467,47717.27052766495,46235.66691045346,40003.28270701998
2021-08-18 00:00:00.000,44534.45485421991,34488116651.18446,836777066605.9799,bitcoin,2021,8,18,2,33,3,46077.801315498145,34386819634.05943,865921374851.9933,40423.78473807549,32517320952.15229,758628439487.2885,46031.75754362583,47025.00323011282,47088.85313451467,46077.801315498145,40423.78473807549
2021-08-19 00:00:00.000,45015.46554608543,34668999387.83819,847143004614.999,bitcoin,2021,8,19,3,33,3,45986.85923278617,34242414864.983246,864418865743.0809,40893.3598593167,33003102904.137043,767524790561.698,44534.45485421991,46031.75754362583,47025.00323011282,45986.85923278617,40893.3598593167
2021-08-20 00:00:00.000,46745.03462296988,38434805722.95271,867650725472.864,bitcoin,2021,8,20,4,33,3,46308.26277988478,34613299263.970726,868932573597.505,41452.46422062862,33517586459.50559,777721707140.2418,45015.46554608543,44534.45485421991,46031.75754362583,46308.26277988478,41452.46422062862
2021-08-21 00:00:00.000,49195.87860189616,36497089236.87114,923013359587.472,bitcoin,2021,8,21,5,33,3,46519.49250477496,34924188435.35737,872922461943.0295,42012.867469792865,33765134365.401463,788310252145.9324,46745.03462296988,45015.46554608543,44534.45485421991,46519.49250477496,42012.867469792865
2021-08-22 00:00:00.000,48933.68915131164,42147725293.165855,920750216465.3846,bitcoin,2021,8,22,6,33,3,46783.040507174526,36188884647.14557,877801987164.8253,42563.67378259741,34512005606.525246,798747872434.6001,49195.87860189616,46745.03462296988,45015.46554608543,46783.040507174526,42563.67378259741
2021-08-23 00:00:00.000,49250.54486971799,27110183703.24463,925630106451.4792,bitcoin,2021,8,23,0,34,3,47100.97502711812,35366932253.60834,883907973461.0782,43090.173569163926,34651099072.14561,808677303527.135,48933.68915131164,49195.87860189616,46745.03462296988,47100.97502711812,43090.173569163926
2021-08-24 00:00:00.000,49518.57748790696,35800255386.41374,930729196214.2946,bitcoin,2021,8,24,1,34,3,47599.092162015426,35592453625.95296,893099096487.4961,43600.33948768827,35107096795.94716,818301190399.5901,49250.54486971799,48933.68915131164,49195.87860189616,47599.092162015426,43600.33948768827
2021-08-25 00:00:00.000,47940.6079149608,38387146174.87064,902489541307.5308,bitcoin,2021,8,25,2,34,3,48085.68545640697,36149457843.62242,902486592873.432,44016.488929494735,35689032227.758286,826228135637.5487,49518.57748790696,49250.54486971799,48933.68915131164,48085.68545640697,44016.488929494735
2021-08-26 00:00:00.000,49002.70376627545,33517327123.555374,921328247353.5627,bitcoin,2021,8,26,3,34,3,48655.290916434125,35984933234.439156,913084484693.2268,44407.18178529803,35021260065.28603,833541710148.1786,47940.6079149608,49518.57748790696,49250.54486971799,48655.290916434125,44407.18178529803
2021-08-27 00:00:00.000,47229.070650876114,33774857002.92822,887832142450.1957,bitcoin,2021,8,27,4,34,3,48724.438920420725,35319226274.43565,915967544261.4171,44678.931014639486,34933712383.56929,838725716507.4066,49002.70376627545,47940.6079149608,49518.57748790696,48724.438920420725,44678.931014639486
2021-08-28 00:00:00.000,49083.10330586219,34607868773.39842,922969799298.94,bitcoin,2021,8,28,5,34,3,48708.32816384445,35049337636.7967,915961321363.0554,44980.6611833533,34708337761.92533,844445666487.0209,47229.070650876114,49002.70376627545,47940.6079149608,48708.32816384445,44980.6611833533
2021-08-29 00:00:00.000,48936.53725414221,28491785397.36584,920017911098.7556,bitcoin,2021,8,29,6,34,3,48708.73503567738,33098489080.253838,915856706310.6798,45279.287193850454,34700816804.73695,850099331404.2969,49083.10330586219,47229.070650876114,49002.70376627545,48708.73503567738,45279.287193850454
2021-08-30 00:00:00.000,48907.27073106221,26244843557.507877,919515378468.8468,bitcoin,2021,8,30,0,35,3,48659.69587301228,32974869059.4343,914983173741.7323,45511.65416892995,34391294863.90318,854532112140.4702,48936.53725414221,49083.10330586219,47229.070650876114,48659.69587301228,45511.65416892995
2021-08-31 00:00:00.000,47124.25422469402,32326073271.91957,885729258052.6316,bitcoin,2021,8,31,1,35,3,48317.649692553285,32478557328.792274,908554611147.2091,45690.657089607994,34520899258.05052,857921775878.0182,48907.27073106221,48936.53725414221,49083.10330586219,48317.649692553285,45690.657089607994
2021-09-01 00:00:00.000,47335.42029920565,34868965959.24512,890014982634.8986,bitcoin,2021,9,1,2,35,3,48231.19431887398,31975960155.13149,906772531336.833,45938.01010763192,34731359001.30324,862675480451.4539,47124.25422469402,48907.27073106221,48936.53725414221,48231.19431887398,45938.01010763192
2021-09-02 00:00:00.000,48823.05520964915,39060601275.21267,918058330851.4828,bitcoin,2021,9,2,3,35,3,48205.53023935593,32767856462.511105,906305400407.9645,46256.1530643501,35098128081.601585,868696085353.9847,47335.42029920565,47124.25422469402,48907.27073106221,48205.53023935593,46256.1530643501
2021-09-03 00:00:00.000,49338.78465183332,39362789535.46043,927323146557.212,bitcoin,2021,9,3,4,35,3,48506.9179537784,33566132538.58713,911946972423.2523,46621.83408567858,35462791024.87795,875579018868.7476,48823.05520964915,47335.42029920565,47124.25422469402,48506.9179537784,46621.83408567858
2021-09-04 00:00:00.000,49934.5282762881,42934455726.28852,937295558515.289,bitcoin,2021,9,4,5,35,3,48628.55009241066,34755644960.42857,913993509454.1594,46961.2655423849,35968904681.07659,881919339088.0886,49338.78465183332,48823.05520964915,47335.42029920565,48628.55009241066,46961.2655423849
2021-09-05 00:00:00.000,50013.02994694588,36985805206.72937,940538655659.8083,bitcoin,2021,9,5,6,35,3,48782.334762811195,35969076361.76622,916925044391.4528,47267.52047593476,35917500491.12373,887656747030.2957,49934.5282762881,49338.78465183332,48823.05520964915,48782.334762811195,47267.52047593476
2021-09-06 00:00:00.000,51696.206431317885,31765191430.17128,971284117138.44,bitcoin,2021,9,6,0,36,3,49180.75414856201,36757697486.43242,924320578487.1088,47563.98945115398,35614986604.90134,893237780029.5343,50013.02994694588,49934.5282762881,49338.78465183332,49180.75414856201,47563.98945115398
2021-09-07 00:00:00.000,52739.80016634552,37532574716.902405,992868819862.2306,bitcoin,2021,9,7,1,36,3,49982.974997369354,37501483407.14426,939626230174.1945,47833.73020326546,35441896538.61591,898384824458.6881,51696.206431317885,50013.02994694588,49934.5282762881,49982.974997369354,47833.73020326546
2021-09-08 00:00:00.000,46995.16417095979,64010507329.271904,881943904968.6511,bitcoin,2021,9,8,2,36,3,49934.36697904852,41664560745.719505,938473219079.0162,47941.795080209245,36254472833.6378,900392794153.1096,52739.80016634552,51696.206431317885,50013.02994694588,49934.36697904852,47941.795080209245
2021-09-09 00:00:00.000,46085.02861578186,48151104381.08485,866885887154.3109,bitcoin,2021,9,9,3,36,3,49543.220322781766,42963204046.558395,931162869979.4203,47934.262637449414,36435285179.74537,900560228908.0663,46995.16417095979,52739.80016634552,51696.206431317885,49543.220322781766,47934.262637449414
2021-09-10 00:00:00.000,46518.94118660236,38581092903.84418,876179332243.7437,bitcoin,2021,9,10,4,36,3,49140.38554203448,42851533099.18464,923856610791.782,47963.57687637259,36532326197.82197,901288041546.2325,46085.02861578186,46995.16417095979,52739.80016634552,49140.38554203448,47963.57687637259
2021-09-11 00:00:00.000,44802.60640249699,38051987740.15768,842222636395.4677,bitcoin,2021,9,11,5,36,3,48407.25384577861,42154037672.59453,910274764774.6647,47935.261752286846,36611398030.11484,900773443813.502,46518.94118660236,46085.02861578186,46995.16417095979,48407.25384577861,47935.261752286846
2021-09-12 00:00:00.000,45196.488277558245,34160277726.441067,849828231595.6722,bitcoin,2021,9,12,6,36,3,47719.17646443752,41750390889.69619,897316132765.5022,47958.637701762804,36555453456.66153,901232559183.6278,44802.60640249699,46518.94118660236,46085.02861578186,47719.17646443752,47958.637701762804
2021-09-13 00:00:00.000,46195.21830082935,27585855039.22065,869122611514.091,bitcoin,2021,9,13,0,37,3,46933.32101722487,41153342833.84611,882721631962.024,47907.902627534946,36330953123.39673,900367174861.8042,45196.488277558245,44802.60640249699,46518.94118660236,46933.32101722487,47907.902627534946
2021-09-14 00:00:00.000,45139.83396873267,40683028027.85497,848992511473.5618,bitcoin,2021,9,14,1,37,3,45847.61156042304,41603407592.55361,862167873620.7854,47842.93532200888,36577225663.97028,899113807247.1625,46195.21830082935,45196.488277558245,44802.60640249699,45847.61156042304,47842.93532200888
2021-09-15 00:00:00.000,47135.43199562694,38645575965.52751,886524004596.6061,bitcoin,2021,9,15,2,37,3,45867.64982108977,37979845969.16155,862822173567.6361,47846.61628085935,36769949847.55435,899235000654.459,45139.83396873267,46195.21830082935,45196.488277558245,45867.64982108977,47846.61628085935
2021-09-16 00:00:00.000,48186.53275704722,30037816650.128475,906727769791.0696,bitcoin,2021,9,16,3,37,3,46167.864698413396,35392233436.16779,868513871087.1731,47918.44212130673,36630490209.89193,900579548479.8491,47135.43199562694,45139.83396873267,46195.21830082935,46167.864698413396,47918.44212130673
2021-09-17 00:00:00.000,47879.47343992101,31578783374.768665,900990520811.9348,bitcoin,2021,9,17,4,37,3,46362.22644888749,34391903503.44271,872058326596.9148,48029.942740830105,36533512434.0114,902719996953.3809,48186.53275704722,47135.43199562694,45139.83396873267,46362.22644888749,48029.942740830105
2021-09-18 00:00:00.000,47228.65821623257,27731209179.052345,892585184977.8329,bitcoin,2021,9,18,5,37,3,46708.80527942114,32917506566.14196,879252976394.3955,48103.715829835004,36302252760.3852,904234736298.8086,47879.47343992101,48186.53275704722,47135.43199562694,46708.80527942114,48103.715829835004
2021-09-19 00:00:00.000,48266.62707279063,27630476157.8273,907957032341.1344,bitcoin,2021,9,19,6,37,3,47147.39653588291,31984677770.625706,887557090786.6044,48154.43557816236,35942108441.54769,905578279861.0844,47228.65821623257,47879.47343992101,48186.53275704722,47147.39653588291,48154.43557816236
2021-09-20 00:00:00.000,47371.03933236471,26163167368.59442,891560241243.0585,bitcoin,2021,9,20,0,38,3,47315.370968959396,31781436674.821957,890762466462.171,48093.607602511314,35597644379.2718,904529842582.9373,48266.62707279063,47228.65821623257,47879.47343992101,47315.370968959396,48093.607602511314
2021-09-21 00:00:00.000,42932.94659595412,41220025453.5186,805826302811.3501,bitcoin,2021,9,21,1,38,3,47000.10134427674,31858150592.773903,884595865224.7123,47893.58285066606,35566721051.283554,900699045461.1361,47371.03933236471,48266.62707279063,47228.65821623257,47000.10134427674,47893.58285066606
2021-09-22 00:00:00.000,40386.62363528928,45940419565.082825,760802031650.6051,bitcoin,2021,9,22,2,38,3,46035.98586422851,32900271106.99609,866635583375.2838,47598.11880951844,36194395580.0115,895204776301.1069,42932.94659595412,47371.03933236471,48266.62707279063,46035.98586422851,47598.11880951844
2021-09-23 00:00:00.000,43587.22305058473,36624234960.05299,820460824050.9529,bitcoin,2021,9,23,3,38,3,45378.941620448146,33841188008.41388,854311733983.8383,47400.40699494104,36221861565.79947,891529163895.6622,40386.62363528928,42932.94659595412,47371.03933236471,45378.941620448146,47400.40699494104
2021-09-24 00:00:00.000,44980.898214810935,33594750549.99859,846615719473.8734,bitcoin,2021,9,24,4,38,3,44964.85944543243,34129183319.16101,846543905221.2582,47301.75000493603,36062115044.970406,889666703167.8737,43587.22305058473,40386.62363528928,42932.94659595412,44964.85944543243,47301.75000493603
2021-09-25 00:00:00.000,42752.1681545072,42973070342.65028,809772498812.6799,bitcoin,2021,9,25,5,38,3,44325.36086518595,36306592056.817856,834713521483.3792,47093.398817877096,36377306485.6069,885948178216.511,44980.898214810935,43587.22305058473,40386.62363528928,44325.36086518595,47093.398817877096
2021-09-26 00:00:00.000,42856.85516422452,30898116660.05655,808279417023.3408,bitcoin,2021,9,26,6,38,3,43552.536306819355,36773397842.85061,820473862152.2657,46947.658301655385,36281415140.84451,883296420702.2825,42752.1681545072,44980.898214810935,43587.22305058473,43552.536306819355,46947.658301655385
2021-09-27 00:00:00.000,43336.86123324274,30462815705.283737,825341135635.7169,bitcoin,2021,9,27,0,39,3,42976.22514980193,37387633319.52051,811013989922.6456,46756.11689923472,36143246705.240685,880042131913.5083,42856.85516422452,42752.1681545072,44980.898214810935,42976.22514980193,46756.11689923472
2021-09-28 00:00:00.000,42247.35572900636,30483144439.45263,794889951096.439,bitcoin,2021,9,28,1,39,3,42878.28359738082,35853793174.653946,809451653963.3724,46533.144181730204,36209625339.97691,875871199913.4312,43336.86123324274,42856.85516422452,42752.1681545072,42878.28359738082,46533.144181730204
2021-09-29 00:00:00.000,41010.37519836549,29691944223.292786,775534111089.4891,bitcoin,2021,9,29,2,39,3,42967.39096353457,33532582411.54108,811556236740.3558,46269.914330640306,36324528695.50308,871071824334.1191,42247.35572900636,43336.86123324274,42856.85516422452,42967.39096353457,46269.914330640306
2021-09-30 00:00:00.000,41587.66786232295,30068690311.96594,782626384092.2843,bitcoin,2021,9,30,3,39,3,42681.74022235431,32596076033.242928,806151316746.2606,46085.361451894605,36249282596.83796,867635061868.7742,41010.37519836549,42247.35572900636,43336.86123324274,42681.74022235431,46085.361451894605
2021-10-01 00:00:00.000,43859.32614724109,30859918334.565014,827840965059.6127,bitcoin,2021,10,1,4,39,4,42521.515641272905,32205385716.752415,803469208972.7947,45969.49164682913,36115647676.01529,865562594616.2648,41587.66786232295,41010.37519836549,42247.35572900636,42521.515641272905,45969.49164682913
2021-10-02 00:00:00.000,48181.87627260008,42089383189.81192,906929641888.8243,bitcoin,2021,10,2,5,39,4,43297.1882295719,32079144694.91837,817348800840.8153,45948.119015594144,36216607073.1686,865191638317.5095,43859.32614724109,41587.66786232295,41010.37519836549,43297.1882295719,45948.119015594144
2021-10-03 00:00:00.000,47777.762019063,29742127387.956062,900582483713.1118,bitcoin,2021,10,3,6,39,4,44000.17492312024,31914003370.332584,830534953225.0684,45896.084927835145,35895918334.91845,864300282889.3727,48181.87627260008,43859.32614724109,41587.66786232295,44000.17492312024,45896.084927835145
2021-10-04 00:00:00.000,48282.97113857447,26034594561.96341,910331395887.4816,bitcoin,2021,10,4,0,40,4,44706.76205245335,31281400349.858253,842676418975.3204,45841.03302324469,35332589629.44095,863401477468.4458,47777.762019063,48181.87627260008,43859.32614724109,44706.76205245335,45841.03302324469
2021-10-05 00:00:00.000,49260.23232113069,32691763060.319107,927812140868.0522,bitcoin,2021,10,5,1,40,4,45708.60156561397,31596917295.69632,861665303228.4081,45815.93976905085,35189454891.22727,862977260308.7206,48282.97113857447,47777.762019063,48181.87627260008,45708.60156561397,45815.93976905085
2021-10-06 00:00:00.000,51668.99422435564,35480330025.02791,973040988102.9114,bitcoin,2021,10,6,2,40,4,47231.261426469704,32423829553.087055,889880571373.1826,45815.03269548544,35313292844.38916,863035822674.203,49260.23232113069,48282.97113857447,47777.762019063,47231.261426469704,45815.03269548544
2021-10-07 00:00:00.000,55415.00574202895,48462388015.80152,1044675252844.3665,bitcoin,2021,10,7,3,40,4,49206.59540928485,35051500653.634995,927316124052.0516,45904.20621467488,35677619954.35246,864762703773.6075,51668.99422435564,49260.23232113069,48282.97113857447,49206.59540928485,45904.20621467488
2021-10-08 00:00:00.000,53894.59599452107,36549815857.28183,1015246512238.866,bitcoin,2021,10,8,4,40,4,50640.2053874677,35864343156.88026,954088345077.659,46134.18727546026,34762263571.95279,869206124015.948,55415.00574202895,51668.99422435564,49260.23232113069,50640.2053874677,46134.18727546026
2021-10-09 00:00:00.000,54010.93747374405,33935485256.826164,1016650501581.1074,bitcoin,2021,10,9,5,40,4,51472.92841620255,34699500595.02515,969762753605.128,46398.38423739234,34288409601.14417,874198277830.1744,53894.59599452107,55415.00574202895,51668.99422435564,51472.92841620255,46398.38423739234
2021-10-10 00:00:00.000,55125.46033768045,31927344846.44677,1038524699061.4408,bitcoin,2021,10,10,6,40,4,52522.59960457648,35011674517.66667,989468784369.1752,46685.26820909493,34066617999.230923,879609790057.4312,54010.93747374405,53894.59599452107,55415.00574202895,52522.59960457648,46685.26820909493
2021-10-11 00:00:00.000,54711.86959664297,38579271671.06987,1030788036761.6326,bitcoin,2021,10,11,0,41,4,53441.013670014836,36803771247.539024,1006676875922.6252,47015.576982233135,34084194130.261333,885895303402.97,55125.46033768045,54010.93747374405,53894.59599452107,53441.013670014836,47015.576982233135
2021-10-12 00:00:00.000,57572.51085559653,41913482915.37917,1084736227837.6608,bitcoin,2021,10,12,1,41,4,54628.48203208138,38121159798.261894,1029094602632.5693,47428.111068167746,34342634303.225937,893725569944.3695,54711.86959664297,55125.46033768045,54010.93747374405,54628.48203208138,47428.111068167746
2021-10-13 00:00:00.000,56335.035460511535,40021384610.698265,1061829863954.132,bitcoin,2021,10,13,2,41,4,55295.05935153223,38769881881.929085,1041778727754.1722,47766.10497349049,34757151955.60852,900149145025.7043,57572.51085559653,54711.86959664297,55125.46033768045,55295.05935153223,47766.10497349049
2021-10-14 00:00:00.000,57487.9858804222,41216945749.34656,1083366079898.5511,bitcoin,2021,10,14,3,41,4,55591.19937130268,37734818701.00695,1047305988761.913,48177.710037213474,34774949212.99157,907961597306.5372,56335.035460511535,57572.51085559653,54711.86959664297,55591.19937130268,48177.710037213474
2021-10-15 00:00:00.000,57452.43178503547,35994603913.188385,1082900149762.5826,bitcoin,2021,10,15,4,41,4,56099.46162709046,37655502708.9936,1056970794122.444,48521.61003019375,34686583477.913605,914507468812.0698,57487.9858804222,56335.035460511535,57572.51085559653,56099.46162709046,48521.61003019375
2021-10-16 00:00:00.000,61809.02394427028,53653355008.40819,1164782155730.3254,bitcoin,2021,10,16,5,41,4,57213.473980022776,40472341244.93389,1078132459000.9037,48975.69306976786,35473768089.856255,923109281676.7117,57452.43178503547,57487.9858804222,56335.035460511535,57213.473980022776,48975.69306976786
2021-10-17 00:00:00.000,61165.63564211521,35385452268.77726,1153847028824.7434,bitcoin,2021,10,17,6,41,4,58076.3561663706,40966356590.981094,1094607077538.5183,49418.56514317433,35600657052.98988,931537831943.8053,61809.02394427028,57452.43178503547,57487.9858804222,58076.3561663706,49418.56514317433
2021-10-18 00:00:00.000,61583.77443961336,29625957541.677635,1160650121141.9934,bitcoin,2021,10,18,0,42,4,59058.056858223514,39687311715.35364,1113158803878.5698,49897.06901728702,35663815331.74406,940473329815.944,61165.63564211521,61809.02394427028,57452.43178503547,59058.056858223514,49897.06901728702
2021-10-19 00:00:00.000,62017.972725178704,39610183787.23528,1173944883529.633,bitcoin,2021,10,19,1,42,4,59693.1228395924,39358268982.76165,1125902897548.8516,50355.447205699966,36063138919.39098,949339591522.2272,61583.77443961336,61165.63564211521,61809.02394427028,59693.1228395924,50355.447205699966
2021-10-20 00:00:00.000,64517.64856042277,42550624869.2941,1217582580302.557,bitcoin,2021,10,20,2,42,4,60862.06756815114,39719589019.70392,1148153285598.6267,50927.00084663523,36609387502.74764,960207002824.2106,62017.972725178704,61583.77443961336,61165.63564211521,60862.06756815114,50927.00084663523
2021-10-21 00:00:00.000,66237.51755029388,40790757381.60165,1250376460615.7495,bitcoin,2021,10,21,3,42,4,62112.000663847095,39658704967.16893,1172011911415.3691,51703.81987844655,36595078567.017075,975025341417.6907,64517.64856042277,62017.972725178704,61583.77443961336,62112.000663847095,51703.81987844655
2021-10-22 00:00:00.000,62541.08693293518,48709960685.53348,1178926819140.818,bitcoin,2021,10,22,4,42,4,62838.95139926134,41475184506.07537,1185730007040.8315,52442.30198836808,36687396604.36544,988962834334.031,66237.51755029388,64517.64856042277,62017.972725178704,62838.95139926134,52442.30198836808
2021-10-23 00:00:00.000,61029.27093182092,40766460604.96904,1151508584004.7793,bitcoin,2021,10,23,5,42,4,62727.55811176857,39634199591.29835,1183833782508.6106,53023.70358440929,36825470792.529305,999997759665.8253,62541.08693293518,66237.51755029388,64517.64856042277,62727.55811176857,53023.70358440929
2021-10-24 00:00:00.000,61572.14043422243,28505039147.788773,1161166467847.4336,bitcoin,2021,10,24,6,42,4,62785.630224926754,38651283431.15714,1184879416654.7092,53576.744991723004,36655813745.78897,1010482784611.6106,61029.27093182092,62541.08693293518,66237.51755029388,62785.630224926754,53576.744991723004
2021-10-25 00:00:00.000,61173.1663907232,29982535557.40278,1153315262663.0586,bitcoin,2021,10,25,0,43,4,62726.97193222815,38702223147.6893,1183831579729.147,54190.77826626354,36222795919.61406,1021934210073.2898,61572.14043422243,61029.27093182092,62541.08693293518,62726.97193222815,54190.77826626354
2021-10-26 00:00:00.000,63228.21382584213,30852852368.02752,1192131994832.5864,bitcoin,2021,10,26,1,43,4,62899.863518037215,37451175802.08819,1186429738486.7117,54869.82355498413,36221287109.87975,1034729296000.2648,61173.1663907232,61572.14043422243,61029.27093182092,62899.863518037215,54869.82355498413
2021-10-27 00:00:00.000,60604.18888794746,33233702858.09473,1143497865064.6724,bitcoin,2021,10,27,2,43,4,62340.79785054074,36120186943.34542,1175846207738.4426,55445.401143474286,36313650014.97346,1045334520314.5631,63228.21382584213,61173.1663907232,61572.14043422243,62340.79785054074,55445.401143474286
2021-10-28 00:00:00.000,58641.00147419492,43976252157.06864,1105754837660.925,bitcoin,2021,10,28,3,43,4,61255.58126824089,36575257625.555,1155185975887.7534,55991.85600164723,36763420272.227325,1055696683200.0461,60604.18888794746,63228.21382584213,61173.1663907232,61255.58126824089,55991.85600164723
2021-10-29 00:00:00.000,60767.55585206728,52318597556.794624,1145912030969.1882,bitcoin,2021,10,29,4,43,4,61002.21968525976,37090777178.5923,1150469577577.5205,56650.42869010396,37517642050.01072,1068042613862.7028,58641.00147419492,60604.18888794746,63228.21382584213,61002.21968525976,56650.42869010396
2021-10-30 00:00:00.000,62283.19805587354,38648967244.95182,1178047465292.3655,bitcoin,2021,10,30,5,43,4,61181.352131552994,36788278127.16127,1154260846332.89,57340.279696555655,37803651281.110245,1081223316569.3722,60767.55585206728,58641.00147419492,60604.18888794746,61181.352131552994,57340.279696555655
2021-10-31 00:00:00.000,61837.257002978935,31810216329.529858,1166423768409.5984,bitcoin,2021,10,31,6,43,4,61219.22592708963,37260446295.98143,1155011889270.342,57939.54405841357,37835327880.94241,1092509410014.3716,62283.19805587354,60767.55585206728,58641.00147419492,61219.22592708963,57939.54405841357
2021-11-01 00:00:00.000,61471.86846276259,32494948460.791386,1159841954948.4832,bitcoin,2021,11,1,0,44,4,61261.897651666695,37619362425.03694,1155944273882.5454,58382.54379808566,37515513389.97506,1100939820449.6936,61837.257002978935,62283.19805587354,60767.55585206728,61261.897651666695,58382.54379808566
2021-11-02 00:00:00.000,61121.83120106507,35834742028.38199,1152831210803.7048,bitcoin,2021,11,2,1,44,4,60960.98584812711,38331060947.944725,1150329876164.134,58827.34610415239,37718600544.65592,1109348111352.7134,61471.86846276259,61837.257002978935,62283.19805587354,60960.98584812711,58827.34610415239
2021-11-03 00:00:00.000,63247.20896127831,37335066460.15533,1186951581189.4705,bitcoin,2021,11,3,2,44,4,61338.560144317235,38916970033.95338,1156537549896.2478,59326.15403157586,38095282941.26232,1118568784196.1128,61121.83120106507,61471.86846276259,61837.257002978935,61338.560144317235,59326.15403157586
2021-11-04 00:00:00.000,63130.94235171542,36561444796.93016,1187048124213.9268,bitcoin,2021,11,4,3,44,4,61979.980269677304,37857711839.64788,1168150876546.6768,59788.51103259534,38224272332.48269,1127209983640.9756,63247.20896127831,61121.83120106507,61471.86846276259,61979.980269677304,59788.51103259534
2021-11-05 00:00:00.000,61601.74357204975,33152275947.43255,1157101738112.7314,bitcoin,2021,11,5,4,44,4,62099.14994396052,35119665895.4533,1169749406138.6116,60119.60267751849,38146670529.89619,1133345341974.6362,63130.94235171542,63247.20896127831,61121.83120106507,62099.14994396052,60119.60267751849
2021-11-06 00:00:00.000,61247.38494217787,31182137447.967438,1154530569293.3604,bitcoin,2021,11,6,5,44,4,61951.17664200399,34052975924.45553,1166389849567.325,60314.01531752346,37570662177.63504,1137007185856.2693,61601.74357204975,63130.94235171542,63247.20896127831,61951.17664200399,60314.01531752346
2021-11-07 00:00:00.000,61661.35866372036,31423601393.173405,1162489871875.4807,bitcoin,2021,11,7,6,44,4,61926.048307824196,33997745219.26175,1165827864348.1653,60572.907406496764,37399788362.164764,1141915297844.1565,61247.38494217787,61601.74357204975,63130.94235171542,61926.048307824196,60572.907406496764
2021-11-08 00:00:00.000,63153.230193019495,24877902989.784374,1191631271447.797,bitcoin,2021,11,8,0,45,4,62166.242840718034,32909595866.26075,1170369195276.6387,60877.65049713927,37097868953.263374,1147747990173.0461,61661.35866372036,61247.38494217787,61601.74357204975,62166.242840718034,60877.65049713927
2021-11-09 00:00:00.000,67617.0155448617,105426313891.40912,1278797895528.3608,bitcoin,2021,11,9,1,45,4,63094.12631840327,42851248989.55034,1188364435951.5896,61294.035670711986,39547834588.09545,1155757096721.9436,63153.230193019495,61661.35866372036,61247.38494217787,63094.12631840327,61294.035670711986
2021-11-10 00:00:00.000,67145.37493537061,41207912437.79217,1268116896159.246,bitcoin,2021,11,10,2,45,4,63651.00717184503,43404512700.64131,1199959480947.272,61708.48584866957,39635455946.98619,1163668058701.864,67617.0155448617,63153.230193019495,61661.35866372036,63651.00717184503,61708.48584866957
2021-11-11 00:00:00.000,65061.05440696283,48648563669.37678,1221681091090.63,bitcoin,2021,11,11,3,45,4,63926.737465451806,45131243968.13369,1204907047643.9438,61958.103967048446,39859958638.78612,1168232887476.963,67145.37493537061,67617.0155448617,63153.230193019495,63926.737465451806,61958.103967048446
2021-11-12 00:00:00.000,65005.64515956679,35457583783.213585,1228606858156.692,bitcoin,2021,11,12,4,45,4,64413.00912081137,45460573658.95955,1215122064793.0808,62247.124290350286,39707831944.53661,1173792120617.048,65061.05440696283,67145.37493537061,67617.0155448617,64413.00912081137,62247.124290350286
2021-11-13 00:00:00.000,64432.04794734522,36872626217.74136,1215930166022.9006,bitcoin,2021,11,13,5,45,4,64867.960978692434,46273500626.070114,1223893435754.4438,62478.59302591439,39563021293.483116,1178210923487.8599,65005.64515956679,65061.05440696283,67145.37493537061,64867.960978692434,62478.59302591439
2021-11-14 00:00:00.000,64660.33535267343,29677693457.31651,1220299721850.586,bitcoin,2021,11,14,6,45,4,65296.38621997144,46024085206.66198,1232151985750.8875,62718.85647816899,39352457611.62071,1182790909224.1265,64432.04794734522,65005.64515956679,65061.05440696283,65296.38621997144,62718.85647816899
2021-11-15 00:00:00.000,65648.97779110243,26088449436.717117,1239021452560.904,bitcoin,2021,11,15,0,46,4,65652.92159112614,46197020413.36666,1238922011624.1887,62846.85493973006,38433627425.89768,1185265552451.8125,64660.33535267343,64432.04794734522,65005.64515956679,65652.92159112614,62846.85493973006
2021-11-16 00:00:00.000,63933.83544259933,32107212452.29841,1206711952537.9358,bitcoin,2021,11,16,1,46,4,65126.75300508866,35722863064.92227,1228624019768.4136,62939.12826641287,38324352765.34839,1187027716575.5857,65648.97779110243,64660.33535267343,64432.04794734522,65126.75300508866,62939.12826641287
2021-11-17 00:00:00.000,60448.56251258625,48978396010.96816,1141910823555.9597,bitcoin,2021,11,17,2,46,4,64170.065516119466,36832932146.80456,1210594580825.0867,62901.28786884529,38969434047.65807,1186403073322.718,63933.83544259933,65648.97779110243,64660.33535267343,64170.065516119466,62901.28786884529
2021-11-18 00:00:00.000,60603.65586738653,39200729529.48786,1138136620641.4888,bitcoin,2021,11,18,3,46,4,63533.29429618,35483241555.39185,1198659656475.2095,62854.14397358555,38955785572.39982,1185209464559.7798,60448.56251258625,63933.83544259933,65648.97779110243,63533.29429618,62854.14397358555
2021-11-19 00:00:00.000,56987.32233855049,41828523861.71753,1075758915731.0364,bitcoin,2021,11,19,4,46,4,62387.81960746338,36393375852.32099,1176824236128.6873,62603.13309952314,38931715538.81394,1180482009074.0623,60603.65586738653,60448.56251258625,63933.83544259933,62387.81960746338,62603.13309952314
2021-11-20 00:00:00.000,58459.25551667463,37851259606.14217,1103594176399.317,bitcoin,2021,11,20,5,46,4,61534.56354593901,36533180622.09254,1160776237611.0325,62343.857698402506,38833732279.63195,1175589266266.848,56987.32233855049,60603.65586738653,60448.56251258625,61534.56354593901,62343.857698402506
2021-11-21 00:00:00.000,60082.91166841709,29676550711.713173,1134300362589.2896,bitcoin,2021,11,21,6,46,4,60880.64587675954,36533017372.72063,1148490614859.4187,62261.91852291857,38199285280.50461,1174101717715.1301,58459.25551667463,56987.32233855049,60603.65586738653,60880.64587675954,62261.91852291857
2021-11-22 00:00:00.000,59139.77927952717,25743426946.96193,1120610791475.7502,bitcoin,2021,11,22,0,47,4,59950.76037510593,36483728445.61275,1131574806132.9683,62198.93546784211,37698517491.90437,1173071791297.4958,60082.91166841709,58459.25551667463,56987.32233855049,59950.76037510593,62198.93546784211
2021-11-23 00:00:00.000,56386.85685315215,34001467918.52828,1064619437494.1868,bitcoin,2021,11,23,1,47,4,58872.62057661347,36754336369.35987,1111275875412.4326,62026.09268180643,37881731784.26235,1169853556952.3877,59139.77927952717,60082.91166841709,58459.25551667463,58872.62057661347,62026.09268180643
2021-11-24 00:00:00.000,57748.79317378856,36421192856.53637,1090380950871.23,bitcoin,2021,11,24,2,47,4,58486.939242499524,34960450204.44105,1103914465028.8997,61911.94690790861,38096353694.23348,1167755746559.327,56386.85685315215,59139.77927952717,60082.91166841709,58486.939242499524,61911.94690790861
2021-11-25 00:00:00.000,57198.18384629529,31695369987.85105,1080039673037.4924,bitcoin,2021,11,25,3,47,4,58000.443239486485,33888255984.207214,1095614901085.4718,61710.94590859038,38124437614.894264,1164019335832.8237,57748.79317378856,56386.85685315215,59139.77927952717,58000.443239486485,61710.94590859038
2021-11-26 00:00:00.000,58897.84698299794,33721097081.419792,1112182356756.767,bitcoin,2021,11,26,4,47,4,58273.37533155041,32730052158.450397,1100818249803.4333,61654.06784509206,38140684089.005104,1162975485555.8936,57198.18384629529,57748.79317378856,56386.85685315215,58273.37533155041,61654.06784509206
2021-11-27 00:00:00.000,53827.79286503472,41325811946.27098,1016487054819.716,bitcoin,2021,11,27,5,47,4,57611.737809887556,33226416778.468792,1088374375292.0616,61493.62755812006,38052336081.978516,1159999892794.5198,58897.84698299794,57198.18384629529,57748.79317378856,57611.737809887556,61493.62755812006
2021-11-28 00:00:00.000,54533.40388242691,28256851067.70268,1030781591912.818,bitcoin,2021,11,28,6,47,4,56818.950983317525,33023602543.610157,1073585979481.1373,61285.822492465384,37250277865.675446,1156162211492.6409,53827.79286503472,58897.84698299794,57198.18384629529,56818.950983317525,61285.822492465384
2021-11-29 00:00:00.000,57237.66113709043,27659464986.73885,1080980050980.763,bitcoin,2021,11,29,0,48,4,56547.21982011229,33297322263.57828,1067924445124.7106,61117.63792850594,36883961123.73501,1152926631015.5874,54533.40388242691,53827.79286503472,58897.84698299794,56547.21982011229,61117.63792850594
2021-11-30 00:00:00.000,57848.77353712989,30985196646.76598,1092574224475.6908,bitcoin,2021,11,30,1,48,4,56756.065060680536,32866426367.612244,1071917986122.0681,60984.68847964431,36856460467.64289,1150464979551.1238,57237.66113709043,54533.40388242691,53827.79286503472,56756.065060680536,60984.68847964431
2021-12-01 00:00:00.000,57011.28047424234,35723038603.83064,1076804436724.3243,bitcoin,2021,12,1,2,48,4,56650.7061036025,32766690045.79714,1069978484101.0818,60836.0022133603,36964063472.41086,1147697062276.9854,57848.77353712989,57237.66113709043,54533.40388242691,56650.7061036025,60836.0022133603
2021-12-02 00:00:00.000,57169.37199381056,49383073891.00049,1079838995016.5872,bitcoin,2021,12,2,3,48,4,56646.590124676106,35293504889.1042,1069949815812.381,60704.25357311848,37415674534.49814,1145263988417.4146,57011.28047424234,57848.77353712989,57237.66113709043,56646.590124676106,60704.25357311848
2021-12-03 00:00:00.000,56508.26805402271,36296342256.75686,1067406204922.5636,bitcoin,2021,12,3,4,48,4,56305.22170625108,35661397057.0095,1063553222693.209,60479.62220954329,37381050394.38486,1141279142541.851,57169.37199381056,57011.28047424234,57848.77353712989,56305.22170625108,60479.62220954329
2021-12-04 00:00:00.000,53785.96717237922,39527112725.92275,1016040747069.7008,bitcoin,2021,12,4,5,48,4,56299.246607300294,35404440025.53117,1063489464443.2068,60168.12303689876,37479905992.017944,1135578896637.0435,56508.26805402271,57169.37199381056,57011.28047424234,56299.246607300294,60168.12303689876
2021-12-05 00:00:00.000,49161.99070957517,55941408415.03649,930097457941.656,bitcoin,2021,12,5,6,48,4,55531.901868321474,39359376789.43601,1049106016733.0408,59753.4646081496,38239543740.93808,1128012087298.0076,53785.96717237922,56508.26805402271,57169.37199381056,55531.901868321474,59753.4646081496
2021-12-06 00:00:00.000,49268.46989053938,32826574574.44167,932015145132.0604,bitcoin,2021,12,6,0,49,4,54393.44597595703,40097535301.96498,1027825315897.5118,59354.16743976165,38294358311.82055,1120594906492.631,49161.99070957517,53785.96717237922,56508.26805402271,54393.44597595703,59354.16743976165
2021-12-07 00:00:00.000,50461.57683653979,36126018721.82655,953396710269.5476,bitcoin,2021,12,7,1,49,4,53338.132161587026,40831938455.54506,1007942813868.0629,58980.841378855635,38451105556.10899,1113625134439.1,49268.46989053938,49161.99070957517,53785.96717237922,53338.132161587026,58980.841378855635
2021-12-08 00:00:00.000,50647.66340635755,30083305919.5604,956961313925.818,bitcoin,2021,12,8,2,49,4,52429.044009032055,40026262357.792175,990822367753.9905,58563.98915263357,38624618987.101524,1105802802521.7007,50461.57683653979,49268.46989053938,49161.99070957517,52429.044009032055,58563.98915263357
2021-12-09 00:00:00.000,50530.4580645934,26590164539.05959,954800139986.473,bitcoin,2021,12,9,3,49,4,51480.627733429596,36770132450.37205,972959674178.2599,57994.437236624624,35996747342.02321,1095002877336.971,50647.66340635755,50461.57683653979,49268.46989053938,51480.627733429596,57994.437236624624
2021-12-10 00:00:00.000,47885.87198941706,27269362515.24688,904878061656.8508,bitcoin,2021,12,10,4,49,4,50248.856867057366,35480563915.87062,949741367997.4437,57352.45380509284,35532129011.2717,1082894916186.8911,50530.4580645934,50647.66340635755,50461.57683653979,50248.856867057366,57352.45380509284
2021-12-11 00:00:00.000,47303.56415217411,29611257204.740986,893919955029.865,bitcoin,2021,12,11,5,49,4,49322.79929274235,34064013127.130367,932295540563.1816,56760.53746326655,34897552129.11717,1071969544984.8656,47885.87198941706,50530.4580645934,50647.66340635755,49322.79929274235,56760.53746326655
2021-12-12 00:00:00.000,49242.30232407148,24619129766.774235,930603779263.9766,bitcoin,2021,12,12,6,49,4,49334.27238052754,29589401891.66433,932367872180.656,56235.09270208338,34536270328.56919,1062036109021.7751,47303.56415217411,47885.87198941706,50530.4580645934,49334.27238052754,56235.09270208338
2021-12-13 00:00:00.000,50051.078348674855,19871029748.355583,945932497231.4796,bitcoin,2021,12,13,0,50,4,49446.07358883261,27738609773.652035,934356065337.7158,55755.72704879436,33969550446.256332,1053036186728.7278,49242.30232407148,47303.56415217411,47885.87198941706,49446.07358883261,55755.72704879436
2021-12-14 00:00:00.000,46696.30469946678,29628245402.12413,882570058436.5184,bitcoin,2021,12,14,1,50,4,48908.17756925074,26810356442.265972,924237972218.7117,55156.9260270208,33967902177.74992,1041778531281.5922,50051.078348674855,49242.30232407148,47303.56415217411,48908.17756925074,55156.9260270208
2021-12-15 00:00:00.000,48410.564656309325,30152105689.95273,915015634616.989,bitcoin,2021,12,15,2,50,4,48588.592033529574,26820184980.89345,918245732317.4504,54582.312255861034,34103357386.191105,1030978337350.1284,46696.30469946678,50051.078348674855,49242.30232407148,48588.592033529574,54582.312255861034
2021-12-16 00:00:00.000,48936.86258244155,33782603071.208717,925006387197.2256,bitcoin,2021,12,16,3,50,4,48360.935536079305,27847676199.771893,913989481918.9865,54082.41316052244,34159203740.154785,1021588151838.7714,48410.564656309325,46696.30469946678,50051.078348674855,48360.935536079305,54082.41316052244
2021-12-17 00:00:00.000,47694.53050225176,24699414443.565502,901558072618.6224,bitcoin,2021,12,17,4,50,4,48333.601037912835,27480540760.960266,913515197770.6681,53657.278760177964,33349904354.574696,1013576393474.1935,48936.86258244155,48410.564656309325,46696.30469946678,48333.601037912835,53657.278760177964
2021-12-18 00:00:00.000,46328.6963654447,30617760444.44956,875783175210.4042,bitcoin,2021,12,18,5,50,4,48194.33421123721,27624326938.061493,910924229225.0309,53181.4467767799,33063805385.073418,1004831278626.4907,47694.53050225176,48936.86258244155,48410.564656309325,48194.33421123721,53181.4467767799
2021-12-19 00:00:00.000,46970.057050727024,23305069269.64378,887944269264.0427,bitcoin,2021,12,19,6,50,4,47869.72774361657,27436604009.9,904830013510.7546,52847.53793385245,32446356898.67096,998570790410.9242,46328.6963654447,47694.53050225176,48936.86258244155,47869.72774361657,52847.53793385245
2021-12-20 00:00:00.000,46807.04861642627,23002876885.701263,884905649263.6449,bitcoin,2021,12,20,0,51,4,47406.294924723916,27884010743.806526,896111892372.4924,52459.1310371775,31951410807.989597,991281172839.7351,46970.057050727024,46328.6963654447,47694.53050225176,47406.294924723916,52459.1310371775
2021-12-21 00:00:00.000,47117.008204210455,29356191956.18185,890808857615.3627,bitcoin,2021,12,21,1,51,4,47466.395425401584,27845145965.814766,897288863683.7559,52026.93425503729,31940732182.805218,983164789340.6041,46807.04861642627,46970.057050727024,46328.6963654447,47466.395425401584,52026.93425503729
2021-12-22 00:00:00.000,49145.21725849885,25764127608.31085,929203956014.2224,bitcoin,2021,12,22,2,51,4,47571.345797142945,27218291954.151646,899315766740.5035,51693.782187669676,31941422204.85018,976784561491.8866,47117.008204210455,46807.04861642627,46970.057050727024,47571.345797142945,51693.782187669676
2021-12-23 00:00:00.000,48755.89564404483,21887790445.92829,921888029984.8672,bitcoin,2021,12,23,3,51,4,47545.49337737199,25519033007.683014,898870287138.738,51439.41681403276,31537632955.76351,972026847908.2426,49145.21725849885,47117.008204210455,46807.04861642627,47545.49337737199,51439.41681403276
2021-12-24 00:00:00.000,50900.61494951601,26419703744.656948,960809259355.0854,bitcoin,2021,12,24,4,51,4,48003.505441266876,25764788622.124653,907334742386.8043,51211.14420655701,31204249985.36754,967707791524.3711,48755.89564404483,49145.21725849885,47117.008204210455,48003.505441266876,51211.14420655701
2021-12-25 00:00:00.000,50888.72103678683,22535489970.197155,962312381228.0948,bitcoin,2021,12,25,5,51,4,48654.93753717289,24610178554.374306,919696057532.1886,51000.8287795734,30898920651.44574,963783548464.058,50900.61494951601,48755.89564404483,49145.21725849885,48654.93753717289,51000.8287795734
2021-12-26 00:00:00.000,50663.48710213215,17235296605.82555,958099737762.7762,bitcoin,2021,12,26,6,51,4,49182.570401659344,23743068173.82884,929718267317.7219,50726.35011687787,30349393968.92593,958647461164.2582,50888.72103678683,50900.61494951601,48755.89564404483,49182.570401659344,50726.35011687787
2021-12-27 00:00:00.000,50852.860259540656,19632044502.131416,961723851972.3853,bitcoin,2021,12,27,0,52,4,49760.54349353283,23261520690.461723,940692296276.1134,50627.18569669474,29626268387.454613,956822021069.3473,50663.48710213215,50888.72103678683,50900.61494951601,49760.54349353283,50627.18569669474
2021-12-28 00:00:00.000,50774.067814743,22793878136.833546,960280703699.892,bitcoin,2021,12,28,1,52,4,50282.98058075176,22324047287.69768,950616845716.7606,50501.874494438605,29444169289.758976,954471991462.2496,50852.860259540656,50663.48710213215,50888.72103678683,50282.98058075176,50501.874494438605
2021-12-29 00:00:00.000,47725.14804631933,29538983233.48695,902655839568.4548,bitcoin,2021,12,29,2,52,4,50080.1135504404,22863312377.00855,946824257653.0793,50184.790724746235,29506819897.98391,948527851081.8395,50774.067814743,50852.860259540656,50663.48710213215,50080.1135504404,50184.790724746235
2021-12-30 00:00:00.000,46506.99464767938,26348739119.378136,874314106559.5542,bitcoin,2021,12,30,3,52,4,49758.84197953105,23500590758.92996,940027982878.0348,49806.73142843122,29352271313.73765,941252513817.9683,47725.14804631933,50774.067814743,50852.860259540656,49758.84197953105,49806.73142843122
2021-12-31 00:00:00.000,47191.86838983951,23753871435.216618,892648631305.5416,bitcoin,2021,12,31,4,52,4,49229.021042434404,23119757571.867054,930290750299.5283,49479.417692284456,28953299074.783848,935113986970.6754,46506.99464767938,47725.14804631933,50774.067814743,49229.021042434404,49479.417692284456
2022-01-01 00:00:00.000,46319.65108805251,25895349604.886154,876192941903.0961,bitcoin,2022,1,1,5,52,1,48576.29676404379,23599737519.67977,917987973253.1,49117.76032875919,28170374931.913372,928325785200.2258,47191.86838983951,46506.99464767938,47725.14804631933,48576.29676404379,49117.76032875919
2022-01-02 00:00:00.000,47816.07767640849,18904585811.03402,904551946917.3206,bitcoin,2022,1,2,6,52,1,48169.52398894041,23838207406.13812,910338288846.6063,48828.020649505386,27590649717.055943,922897309933.3843,46319.65108805251,47191.86838983951,46506.99464767938,48169.52398894041,48828.020649505386
2022-01-03 00:00:00.000,47387.212167697246,33756128241.98571,897536090320.9355,bitcoin,2022,1,3,0,1,1,47674.43140439135,25855933654.688732,901168608610.6849,48614.72881601598,27398283567.591373,918947154708.4254,47816.07767640849,46319.65108805251,47191.86838983951,47674.43140439135,48614.72881601598
2022-01-04 00:00:00.000,46531.140860530526,21890019531.577717,880330191985.1965,bitcoin,2022,1,4,1,1,1,47068.298982361,25726810996.795044,889747106937.157,48527.03382104783,26263237271.47608,917288245843.2102,47387.212167697246,47816.07767640849,46319.65108805251,47068.298982361,48527.03382104783
2022-01-05 00:00:00.000,45938.02427172366,24895990583.66324,876242689666.1957,bitcoin,2022,1,5,2,1,1,46812.99558599019,25063526332.534515,885973799808.263,48416.0189670873,25998884471.783466,915429163994.348,46531.140860530526,47387.212167697246,47816.07767640849,46812.99558599019,48416.0189670873
2022-01-06 00:00:00.000,43647.14750806805,31837641246.01787,827723202715.1049,bitcoin,2022,1,6,3,1,1,46404.44599461714,25847655207.76876,879317956401.913,48188.87132280491,25855938555.92318,911240047075.8666,45938.02427172366,46531.140860530526,47387.212167697246,46404.44599461714,48188.87132280491
2022-01-07 00:00:00.000,43216.45867693359,26366602396.811768,819522879407.0583,bitcoin,2022,1,7,4,1,1,45836.530321344864,26220902487.99664,868871420416.4154,47941.16449849078,25732048438.498226,906658765925.2413,43647.14750806805,45938.02427172366,46531.140860530526,45836.530321344864,47941.16449849078
2022-01-08 00:00:00.000,41527.197042644846,79685254648.07628,787735561341.1113,bitcoin,2022,1,8,5,1,1,45151.894029143776,33905174637.0238,856234651764.7032,47641.05579775917,27501884775.46545,901089946637.0625,43216.45867693359,43647.14750806805,45938.02427172366,45151.894029143776,47641.05579775917
2022-01-09 00:00:00.000,41756.66232397826,23337017232.770664,792892599975.9554,bitcoin,2022,1,9,6,1,1,44286.26326451088,34538379125.84332,840283316487.3654,47436.7488089112,27370806599.382908,897357097914.366,41527.197042644846,43216.45867693359,43647.14750806805,44286.26326451088,47436.7488089112
2022-01-10 00:00:00.000,41862.3609856517,18016718173.60861,791648558214.5575,bitcoin,2022,1,10,0,2,1,43496.99880993295,32289891973.21802,825156526186.4542,47255.37537002712,26984321965.01183,893948051353.8557,41756.66232397826,41527.197042644846,43216.45867693359,43496.99880993295,47255.37537002712
2022-01-11 00:00:00.000,41869.85905559219,27984634062.049946,792407724467.5966,bitcoin,2022,1,11,1,2,1,42831.10140922747,33160551191.85691,812596173683.9401,47009.6272610778,27096505441.52102,889341516193.9764,41862.3609856517,41756.66232397826,41527.197042644846,42831.10140922747,47009.6272610778
2022-01-12 00:00:00.000,42777.21102048236,22813557397.82151,809621515508.4065,bitcoin,2022,1,12,2,2,1,42379.55665905013,32863060736.736664,803078863089.97,46767.16501680473,27194589696.50322,884797816803.2073,41869.85905559219,41862.3609856517,41756.66232397826,42379.55665905013,46767.16501680473
2022-01-13 00:00:00.000,43981.87732717414,28250302540.221024,832460077955.3481,bitcoin,2022,1,13,3,2,1,42427.37520463672,32350583778.765686,803755559552.862,46676.684104394975,27148658267.773113,883127484120.5016,42777.21102048236,41869.85905559219,41862.3609856517,42427.37520463672,46676.684104394975
2022-01-14 00:00:00.000,42608.41001195019,43905745871.29279,806510860231.8285,bitcoin,2022,1,14,4,2,1,42340.51110963909,34856175703.69154,801896699670.6863,46483.278949583,27607112940.484447,879510658307.6628,43981.87732717414,42777.21102048236,41869.85905559219,42340.51110963909,46483.278949583
2022-01-15 00:00:00.000,43120.85451108056,20238314434.86153,816129314317.4397,bitcoin,2022,1,15,5,2,1,42568.17646227277,26363755673.232296,805952950095.876,46289.41201387097,27155636652.606205,875881422545.0034,42608.41001195019,43981.87732717414,42777.21102048236,42568.17646227277,46289.41201387097
2022-01-16 00:00:00.000,43226.65026980921,14651008624.734596,816800318526.6782,bitcoin,2022,1,16,6,2,1,42778.174740248614,25122897300.655712,809368338460.265,46140.482672789556,26820689791.97851,873056164075.272,43120.85451108056,42608.41001195019,43981.87732717414,42778.174740248614,46140.482672789556
2022-01-17 00:00:00.000,43119.79214308028,14452346388.550371,816325578941.135,bitcoin,2022,1,17,0,3,1,42957.80776273842,24613701331.361683,812893627135.4904,46033.51919871073,26281842656.78187,871074244199.6295,43226.65026980921,43120.85451108056,42608.41001195019,42957.80776273842,46033.51919871073
2022-01-18 00:00:00.000,42298.341116872325,17694929625.845875,800822650383.9624,bitcoin,2022,1,18,1,3,1,43019.01948577843,23143743554.7611,814095759409.257,45877.79533424891,26094838001.988605,868170190236.9602,43119.79214308028,43226.65026980921,43120.85451108056,43019.01948577843,45877.79533424891
2022-01-19 00:00:00.000,42395.45879157343,18897950050.285973,803962100417.9756,bitcoin,2022,1,19,2,3,1,42964.48345307716,22584371076.541737,813287271539.1953,45730.742340087156,25958007107.474766,865472071942.1046,42298.341116872325,43119.79214308028,43226.65026980921,42964.48345307716,45730.742340087156
2022-01-20 00:00:00.000,41749.55143098559,19626113309.554146,790507925308.7825,bitcoin,2022,1,20,3,3,1,42645.579753621656,21352344043.589325,807294106875.4003,45551.82711431299,25633671152.587173,862128707531.8854,42395.45879157343,42298.341116872325,43119.79214308028,42645.579753621656,45551.82711431299
2022-01-21 00:00:00.000,40707.6824143097,20930163211.171124,774235809673.4731,bitcoin,2022,1,21,4,3,1,42374.04723967301,18070117949.286232,802683385367.0637,45270.575952840016,25472539006.01585,856963102653.8605,41749.55143098559,42395.45879157343,42298.341116872325,42374.04723967301,45270.575952840016
2022-01-22 00:00:00.000,36508.79978983082,38296960033.31628,692855029162.9379,bitcoin,2022,1,22,5,3,1,41429.4679937802,20649924463.351196,785072773202.135,44862.33942436622,26019511325.59545,849328669293.1294,40707.6824143097,41749.55143098559,42395.45879157343,41429.4679937802,44862.33942436622
2022-01-23 00:00:00.000,35180.435462830384,35517336417.257744,666220701468.4846,bitcoin,2022,1,23,6,3,1,40280.00873564037,23630828433.711643,763561399336.6787,44338.3334414767,26322765748.01548,839509050696.9094,36508.79978983082,40707.6824143097,41749.55143098559,40280.00873564037,44338.3334414767
2022-01-24 00:00:00.000,36306.409440464704,22865032968.608204,687575973800.0704,bitcoin,2022,1,24,0,4,1,39306.66834955242,24832640802.291332,745168598602.241,43852.25638826596,26333750514.629177,830351170449.3085,35180.435462830384,36508.79978983082,40707.6824143097,39306.66834955242,43852.25638826596
2022-01-25 00:00:00.000,36774.00714224005,36385158448.60688,696465421899.37,bitcoin,2022,1,25,1,4,1,38517.47778174781,27502673491.257195,730260423104.4421,43389.27372293623,26972079242.72189,821630026587.1951,36306.409440464704,35180.435462830384,36508.79978983082,38517.47778174781,43389.27372293623
2022-01-26 00:00:00.000,36988.92851066736,46168918584.85349,700571452648.8236,bitcoin,2022,1,26,2,4,1,37745.11631304694,31398526139.05255,715490330565.9918,42927.14266464044,27856641712.145954,812924946609.7428,36774.00714224005,36306.409440464704,35180.435462830384,37745.11631304694,42927.14266464044
2022-01-27 00:00:00.000,36870.440166931,26756873749.744743,700165819656.2855,bitcoin,2022,1,27,3,4,1,37048.100418182,32417206201.936924,702584315472.778,42463.68840971337,27988741565.909664,804254450474.9562,36988.92851066736,36774.00714224005,36306.409440464704,37048.100418182,42463.68840971337
2022-01-28 00:00:00.000,37276.839558174994,22057410457.280827,702311456032.8538,bitcoin,2022,1,28,4,4,1,36557.98001016276,32578241522.809742,692309407809.8322,42115.41146010857,27739355806.702797,797576304357.1027,36870.440166931,36988.92851066736,36774.00714224005,36557.98001016276,42115.41146010857
2022-01-29 00:00:00.000,37852.57902803263,19214103304.052933,717026944842.8334,bitcoin,2022,1,29,5,4,1,36749.94847276302,29852119132.914974,695762538621.246,41826.930939453676,27501534612.858624,792333398966.5452,37276.839558174994,36870.440166931,36988.92851066736,36749.94847276302,41826.930939453676
2022-01-30 00:00:00.000,38232.17873217708,14178650231.62196,722829009646.1814,bitcoin,2022,1,30,6,4,1,37185.911796955406,26803735392.109863,703849439789.4883,41528.27461753159,27182360572.738804,786672744911.2333,37852.57902803263,37276.839558174994,36870.440166931,37185.911796955406,41528.27461753159
2022-01-31 00:00:00.000,37983.151499406464,11807185113.633108,719570142321.8397,bitcoin,2022,1,31,0,5,1,37425.446376804226,25224042841.399136,708420035292.5983,41250.39129791006,26712755089.69703,781451984925.1914,38232.17873217708,37852.57902803263,37276.839558174994,37425.446376804226,41250.39129791006
2022-02-01 00:00:00.000,38555.53446121157,17731563487.283978,727905398095.9747,bitcoin,2022,2,1,1,5,1,37679.95027951444,22559243561.21015,712911460463.5417,40941.70652407016,26673654345.57203,775563766631.1465,37983.151499406464,38232.17873217708,37852.57902803263,37679.95027951444,40941.70652407016
2022-02-02 00:00:00.000,38835.69494322237,17109120250.158989,736102274236.6057,bitcoin,2022,2,2,2,5,1,37943.77405559373,18407843799.11093,717987292118.9392,40656.655949921,26118754079.177807,770182639428.3356,38555.53446121157,37983.151499406464,38232.17873217708,37943.77405559373,40656.655949921
2022-02-03 00:00:00.000,37000.98249864199,16709908527.231106,700645616423.8325,bitcoin,2022,2,3,3,5,1,37962.42296012387,16972563053.037556,718055834514.303,40338.98400452472,25946083712.366253,764193153576.2902,38835.69494322237,38555.53446121157,37983.151499406464,37962.42296012387,40338.98400452472
2022-02-04 00:00:00.000,37101.351593780935,16136299994.837618,703003347951.7092,bitcoin,2022,2,4,4,5,1,37937.35325092472,16126690129.831385,718154676216.9967,40044.4282485933,25654094026.072067,758418508852.4739,37000.98249864199,38835.69494322237,38555.53446121157,37937.35325092472,40044.4282485933
2022-02-05 00:00:00.000,41673.8395543094,25347215343.882504,777355085535.6107,bitcoin,2022,2,5,5,5,1,38483.2476118214,17002848992.66418,726772982030.2506,39978.65131680134,25437746496.00088,756739571613.1573,37101.351593780935,37000.98249864199,38835.69494322237,38483.2476118214,39978.65131680134
2022-02-06 00:00:00.000,41493.690050910525,16752051696.248552,786295053042.2418,bitcoin,2022,2,6,6,5,1,38949.177800211895,17370477773.325123,735839559658.2592,39921.2256959339,25117261472.648777,755631977400.9967,41673.8395543094,37101.351593780935,37000.98249864199,38949.177800211895,39921.2256959339
2022-02-07 00:00:00.000,42475.543220951215,13206494654.908049,804942041477.0581,bitcoin,2022,2,7,0,6,1,39590.948046146856,17570379136.3644,748035545251.8619,39952.83723521078,22901302806.209835,756205526738.8617,41493.690050910525,41673.8395543094,37101.351593780935,39590.948046146856,39952.83723521078
2022-02-08 00:00:00.000,43910.92998644309,24171856714.47576,833392518214.8341,bitcoin,2022,2,8,1,6,1,40356.00454975136,18490421025.963226,763105133840.2704,40024.64615729295,22929130788.933342,757555524013.491,42475.543220951215,41493.690050910525,41673.8395543094,40356.00454975136,40024.64615729295
2022-02-09 00:00:00.000,44184.447511676175,29024977264.932137,837406846076.2306,bitcoin,2022,2,9,2,6,1,41120.112059530475,20192686313.78796,777577215531.6454,40102.04904149377,23296072758.644123,759080800275.5469,43910.92998644309,42475.543220951215,41493.690050910525,41120.112059530475,40102.04904149377
2022-02-10 00:00:00.000,44383.88805541707,19780565063.098923,841339973338.8694,bitcoin,2022,2,10,3,6,1,42174.812853355485,20631351533.19765,797676409376.6505,40185.85000815459,23022603792.012424,760711875237.9225,44184.447511676175,43910.92998644309,42475.543220951215,42174.812853355485,40185.85000815459
2022-02-11 00:00:00.000,43628.13953235228,27877618433.98099,826942197610.3904,bitcoin,2022,2,11,4,6,1,43107.21113029425,22308682738.78956,815381959327.8907,40214.21429188359,23191405826.55107,761289231307.9886,44383.88805541707,44184.447511676175,43910.92998644309,43107.21113029425,40214.21429188359
2022-02-12 00:00:00.000,42445.38876793804,23279080009.72499,803706779791.898,bitcoin,2022,2,12,5,6,1,43217.43244652691,22013234833.909916,819146487078.789,40162.99800657571,23025698408.86787,760330788035.8737,43628.13953235228,44383.88805541707,44184.447511676175,43217.43244652691,40162.99800657571
2022-02-13 00:00:00.000,42254.738123237206,15479727288.782782,799547462142.6093,bitcoin,2022,2,13,6,6,1,43326.15359971644,21831474204.271946,821039688378.8414,40151.208943618614,22078164456.11754,760098674766.233,42445.38876793804,43628.13953235228,44383.88805541707,43326.15359971644,40151.208943618614
2022-02-14 00:00:00.000,42247.83595326771,12146423251.39967,802059713029.3901,bitcoin,2022,2,14,0,7,1,43293.62399004737,21680035432.342182,820627927172.0319,40122.10832502485,21808434750.002144,759629688056.6313,42254.738123237206,42445.38876793804,43628.13953235228,43293.62399004737,40122.10832502485
2022-02-15 00:00:00.000,42634.573783663065,18090873762.822777,808280617642.0496,bitcoin,2022,2,15,1,7,1,43111.28738965023,20811323582.106037,817040512804.491,40102.37244215331,21923096921.271748,759345698027.1438,42247.83595326771,42254.738123237206,42445.38876793804,43111.28738965023,40102.37244215331
2022-02-16 00:00:00.000,44574.32057099816,19801081788.55576,848321283143.9929,bitcoin,2022,2,16,2,7,1,43166.983540981935,19493624228.337986,818599718099.8856,40150.85672308391,22101388101.271927,760412221500.5724,42634.573783663065,42247.83595326771,42254.738123237206,43166.983540981935,40150.85672308391
2022-02-17 00:00:00.000,44063.28198279571,16847003857.433496,836256083783.791,bitcoin,2022,2,17,3,7,1,43121.182673464595,19074544056.100067,817873448163.4459,40209.68808528136,22073123908.991516,761593335947.2333,44574.32057099816,42634.573783663065,42247.83595326771,43121.182673464595,40209.68808528136
2022-02-18 00:00:00.000,40562.98694982819,22270664615.4777,770096677778.6456,bitcoin,2022,2,18,4,7,1,42683.30373310402,18273550653.456738,809752659616.0537,40148.60569055651,22185547727.83124,760464488525.9224,44063.28198279571,44574.32057099816,42634.573783663065,42683.30373310402,40148.60569055651
2022-02-19 00:00:00.000,40073.495362369824,20130002755.177864,759881874201.3011,bitcoin,2022,2,19,5,7,1,42344.461818022835,17823682474.23572,803491958817.3972,40092.73715493599,22202344042.685364,759443620155.673,40562.98694982819,44063.28198279571,44574.32057099816,42344.461818022835,40092.73715493599
2022-02-20 00:00:00.000,40192.75912143141,11735183838.17719,761447243939.9269,bitcoin,2022,2,20,6,7,1,42049.89338919344,17288747695.577778,798049070502.7283,40075.57304517338,21895844730.252235,759017334631.2213,40073.495362369824,40562.98694982819,44063.28198279571,42049.89338919344,40075.57304517338
2022-02-21 00:00:00.000,38514.00853622455,15998424231.017672,730381814665.4404,bitcoin,2022,2,21,0,8,1,41516.48947247299,17839033549.808926,787809370736.4496,40142.413336719845,21152560203.50895,760268227481.3048,40192.75912143141,40073.495362369824,40562.98694982819,41516.48947247299,40142.413336719845
2022-02-22 00:00:00.000,37059.97940228752,25174914104.16337,703004241590.1829,bitcoin,2022,2,22,1,8,1,40720.1188465622,18851039312.85758,772769888443.3259,40205.064801368404,20807812793.072464,761494345485.3615,38514.00853622455,40192.75912143141,40073.495362369824,40720.1188465622,40205.064801368404
2022-02-23 00:00:00.000,38337.2038554348,22212181617.200245,727094284067.6588,bitcoin,2022,2,23,2,8,1,39829.10217291029,19195482145.521076,755451745718.1354,40272.75794853408,20786051081.35887,762811622494.281,37059.97940228752,38514.00853622455,40192.75912143141,39829.10217291029,40272.75794853408
2022-02-24 00:00:00.000,37372.2926803477,18507851467.85067,708829287814.1068,bitcoin,2022,2,24,3,8,1,38873.246558274855,19432746089.866386,737247917722.4661,40292.70079980433,20190140848.666992,763223751358.1056,38337.2038554348,37059.97940228752,38514.00853622455,38873.246558274855,40292.70079980433
2022-02-25 00:00:00.000,38363.345488570165,40839699480.89129,727657714638.0917,bitcoin,2022,2,25,4,8,1,38559.01206380942,22085465356.35404,731185208702.387,40338.51469906776,20012500211.86826,764126626757.7479,37372.2926803477,38337.2038554348,37059.97940228752,38559.01206380942,40338.51469906776
2022-02-26 00:00:00.000,39316.16207578596,22579249141.515377,745763194704.1796,bitcoin,2022,2,26,5,8,1,38450.82159429744,22435357697.2594,729168254488.5125,40420.03876269627,19873246058.260612,765646539259.3442,38363.345488570165,37372.2926803477,38337.2038554348,38450.82159429744,40420.03876269627
2022-02-27 00:00:00.000,39090.202153609054,14568201294.74542,741083625917.93,bitcoin,2022,2,27,6,8,1,38293.3134560371,22840074476.769146,726259166199.6559,40480.48418254406,19623605752.842762,766938944922.1802,39316.16207578596,38363.345488570165,37372.2926803477,38293.3134560371,40480.48418254406
2022-02-28 00:00:00.000,37803.59016044929,19424397945.6196,717619764688.0872,bitcoin,2022,2,28,0,9,1,38191.82511664064,23329499293.14085,724436016202.891,40478.851220291275,19630615574.228317,766958705583.6887,39090.202153609054,39316.16207578596,38363.345488570165,38191.82511664064,40478.851220291275
2022-03-01 00:00:00.000,43225.40467743573,30634280854.538326,819019441071.749,bitcoin,2022,3,1,1,9,1,39072.60015594753,24109408828.9087,741009616128.829,40645.29208513324,20179136594.992195,770165053297.8743,37803.59016044929,39090.202153609054,39316.16207578596,39072.60015594753,40645.29208513324
2022-03-02 00:00:00.000,44459.59162774341,27880763034.093918,841254375272.0455,bitcoin,2022,3,2,2,9,1,39947.22698056304,24919206174.17923,757318200586.5985,40861.173422744476,20714922525.67422,774221194396.2145,43225.40467743573,37803.59016044929,39090.202153609054,39947.22698056304,40861.173422744476
2022-03-03 00:00:00.000,43980.707382090906,25615956856.40275,834437956671.6672,bitcoin,2022,3,3,3,9,1,40891.28622366922,25934649801.11524,775262296137.6786,41042.01252010711,20977735637.978188,777772279682.0709,44459.59162774341,43225.40467743573,37803.59016044929,40891.28622366922,41042.01252010711
2022-03-04 00:00:00.000,42491.97839335905,22366184128.90048,807454920681.7217,bitcoin,2022,3,4,4,9,1,41481.09092435334,23295576179.40227,786661897001.0543,41163.888635111674,21152971100.602898,780150701230.2415,43980.707382090906,44459.59162774341,43225.40467743573,41481.09092435334,41163.888635111674
2022-03-05 00:00:00.000,39200.29973557414,25121267305.979286,743810477766.2219,bitcoin,2022,3,5,5,9,1,41464.53916146594,23658721631.46854,786382937438.4889,41237.19920967608,21433349726.561172,781589529941.6543,42491.97839335905,43980.707382090906,44459.59162774341,41464.53916146594,41237.19920967608
2022-03-06 00:00:00.000,39463.14681149058,14818212144.749968,748197160856.1006,bitcoin,2022,3,6,6,9,1,41517.816969734726,23694437467.183475,787399156715.3705,41315.92571693307,21389413464.891582,783095990371.8008,39200.29973557414,42491.97839335905,43980.707382090906,41517.816969734726,41315.92571693307
2022-03-07 00:00:00.000,38442.99174588676,16995562040.606796,729501899968.2964,bitcoin,2022,3,7,0,10,1,41609.16005336866,23347460909.3245,789096604612.5432,41208.23078998564,21111025021.44906,781500884186.2238,39463.14681149058,39200.29973557414,42491.97839335905,41609.16005336866,41208.23078998564
2022-03-08 00:00:00.000,38076.49382252028,24596395439.058964,723198804467.6718,bitcoin,2022,3,8,1,10,1,40873.6013598093,22484905849.97031,775407942240.5322,41094.3242490393,21372503146.209408,779397675900.4047,38442.99174588676,39463.14681149058,39200.29973557414,40873.6013598093,41094.3242490393
2022-03-09 00:00:00.000,38732.93701302586,22556397749.428085,735453953725.9198,bitcoin,2022,3,9,2,10,1,40055.50784342108,21724282237.87519,760293596305.3713,40969.57070877512,21684166582.69341,777081406308.7,38076.49382252028,38442.99174588676,39463.14681149058,40055.50784342108,40969.57070877512
2022-03-10 00:00:00.000,41986.03444607623,29211702119.448605,796849504897.2562,bitcoin,2022,3,10,3,10,1,39770.55456684756,22237960132.596027,754923817480.4554,40905.40752409623,21852161429.525833,775863305864.7808,38732.93701302586,38076.49382252028,38442.99174588676,39770.55456684756,40905.40752409623
2022-03-11 00:00:00.000,39468.35477300189,27653455219.04128,749384110700.1091,bitcoin,2022,3,11,4,10,1,39338.608335367964,22993284574.044712,746627987483.0823,40748.20443280708,21806444027.99614,772929214685.5767,41986.03444607623,38732.93701302586,38076.49382252028,39338.608335367964,40748.20443280708
2022-03-12 00:00:00.000,38775.17558840679,23624165274.522385,738267961692.6816,bitcoin,2022,3,12,5,10,1,39277.87631434405,22779412855.265156,745836199472.5764,40561.24735057341,21934564035.04359,769493480964.0371,39468.35477300189,41986.03444607623,38732.93701302586,39277.87631434405,40561.24735057341
2022-03-13 00:00:00.000,38903.69354800599,12440826653.84724,738456528057.6692,bitcoin,2022,3,13,6,10,1,39197.95441956054,22439786356.564762,744444680501.3721,40403.765817761865,21420004309.03913,766543958645.6132,38775.17558840679,39468.35477300189,41986.03444607623,39197.95441956054,40403.765817761865
2022-03-14 00:00:00.000,37852.52514106289,14461647575.513742,718551088031.3688,bitcoin,2022,3,14,0,11,1,39113.60204744285,22077798575.83719,742880278796.0967,40250.6703635327,21126089894.565426,763705435586.9288,38903.69354800599,38775.17558840679,39468.35477300189,39113.60204744285,40250.6703635327
2022-03-15 00:00:00.000,39669.423812004505,21250969229.2216,751354026218.9767,bitcoin,2022,3,15,1,11,1,39341.16347451202,21599880545.86042,746902453331.9973,40164.49321982494,21318464625.913383,762098987722.8077,37852.52514106289,38903.69354800599,38775.17558840679,39341.16347451202,40164.49321982494
2022-03-16 00:00:00.000,39331.84654059453,20768829817.93864,747642430663.595,bitcoin,2022,3,16,2,11,1,39426.721978450405,21344513698.504784,748643664323.0938,40067.293572735834,21605878178.131348,760285078310.6145,39669.423812004505,37852.52514106289,38903.69354800599,39426.721978450405,40067.293572735834
2022-03-17 00:00:00.000,41165.63506140341,34974203468.766266,779761001844.4108,bitcoin,2022,3,17,3,11,1,39309.522066354286,22167728176.978733,746202449601.2588,40018.32894866051,22168655834.996136,759334424450.6932,39331.84654059453,39669.423812004505,37852.52514106289,39309.522066354286,40018.32894866051
2022-03-18 00:00:00.000,41001.70957801974,18861644942.593346,778474325709.8895,bitcoin,2022,3,18,4,11,1,39528.57275278541,20911755280.34332,750358194602.656,39899.24191556123,22137341273.46405,757006192536.223,41165.63506140341,39331.84654059453,39669.423812004505,39528.57275278541,39899.24191556123
2022-03-19 00:00:00.000,41837.41313797566,30316128166.48974,794378970588.3145,bitcoin,2022,3,19,5,11,1,39966.03525986667,21867749979.195797,758374053016.3177,39825.04628740056,22586312083.765926,755610288763.0406,41001.70957801974,41165.63506140341,39331.84654059453,39966.03525986667,39825.04628740056
2022-03-20 00:00:00.000,42201.939920688186,16580741571.959858,800887993391.0255,bitcoin,2022,3,20,6,11,1,40437.213313106986,22459166396.06903,767292833778.2258,39879.67805309589,22396647982.31533,756636665950.1198,41837.41313797566,41001.70957801974,41165.63506140341,40437.213313106986,39879.67805309589
2022-03-21 00:00:00.000,41283.25900104565,16856192301.960054,784054464871.6631,bitcoin,2022,3,21,0,12,1,40927.31815024738,22801244214.132786,776650459041.125,39920.00350771842,22287520967.20807,757442418972.4652,42201.939920688186,41837.41313797566,41001.70957801974,40927.31815024738,39920.00350771842
2022-03-22 00:00:00.000,41061.81589384987,21335882483.3158,779205413378.8728,bitcoin,2022,3,22,1,12,1,41126.23130479672,22813374679.003387,780629228635.3959,39948.97206679904,22607544255.379356,758034357953.7635,41283.25900104565,42201.939920688186,41837.41313797566,41126.23130479672,39948.97206679904
2022-03-23 00:00:00.000,42401.89559748944,28688623151.357098,803937099701.4115,bitcoin,2022,3,23,2,12,1,41564.80974149599,23944773726.634594,788671324212.2268,40078.568302174535,23030550886.05734,760486200788.2958,41061.81589384987,41283.25900104565,42201.939920688186,41564.80974149599,40078.568302174535
2022-03-24 00:00:00.000,42802.15471016985,21851891598.642384,810894331277.664,bitcoin,2022,3,24,3,12,1,41798.598262748346,22070157745.188324,793118942702.6915,40269.97414577062,22919783469.206642,764082537111.2118,42401.89559748944,41061.81589384987,41283.25900104565,41798.598262748346,40269.97414577062
2022-03-25 00:00:00.000,43936.09623454058,26212783703.864426,834251096724.507,bitcoin,2022,3,25,4,12,1,42217.79635653704,23120320425.369907,801087052847.6368,40456.6038917408,23053136872.095444,767654430866.4402,42802.15471016985,42401.89559748944,41061.81589384987,42217.79635653704,40456.6038917408
2022-03-26 00:00:00.000,44331.77795706412,26147756108.07925,842031938721.7855,bitcoin,2022,3,26,5,12,1,42574.134187835385,22524838702.739838,807894619723.8469,40688.58673429802,23307800360.10307,772094519230.0294,43936.09623454058,42802.15471016985,42401.89559748944,42574.134187835385,40688.58673429802
2022-03-27 00:00:00.000,44510.84421762133,13676534294.229202,845235093872.7649,bitcoin,2022,3,27,6,12,1,42903.97765882583,22109951948.778316,814229919792.6669,40893.50335859972,22402361520.54766,776013765204.5184,44331.77795706412,43936.09623454058,42802.15471016985,42903.97765882583,40893.50335859972
2022-03-28 00:00:00.000,46715.1176185105,22545392529.67392,887283025181.1342,bitcoin,2022,3,28,0,13,1,43679.95746132081,22922694838.451725,828976856979.7343,41140.135210023866,22401232966.819614,780731092887.0837,44510.84421762133,44331.77795706412,43936.09623454058,43679.95746132081,41140.135210023866
2022-03-29 00:00:00.000,46994.879118357465,30051327357.066643,892747620147.7012,bitcoin,2022,3,29,1,13,1,44527.53792196476,24167758391.8447,845197172232.4241,41403.624442182154,22917337168.896988,785786559361.4094,46715.1176185105,44510.84421762133,44331.77795706412,44527.53792196476,41403.624442182154
2022-03-30 00:00:00.000,47459.261237539096,26128040680.825665,901430001889.0,bitcoin,2022,3,30,2,13,1,45250.01872768613,23801960896.0545,859124729687.7938,41725.48014475182,23140791926.73719,791913567268.1066,46994.879118357465,46715.1176185105,44510.84421762133,45250.01872768613,41725.48014475182
2022-03-31 00:00:00.000,47063.36584996355,24497248306.346912,895356010540.8462,bitcoin,2022,3,31,3,13,1,45858.763176228094,24179868997.155144,871190683868.2483,41853.41218383608,22936224175.13081,794458119583.743,47459.261237539096,46994.879118357465,46715.1176185105,45858.763176228094,41853.41218383608
2022-04-01 00:00:00.000,45528.40715313835,27736469645.537266,865010142444.9791,bitcoin,2022,4,1,4,13,2,46086.2361645992,24397538417.394123,875584833256.8873,41889.0393680159,22931414395.512257,795249978489.5076,47063.36584996355,47459.261237539096,46994.879118357465,46086.2361645992,41889.0393680159
2022-04-02 00:00:00.000,46270.20070585378,32948605532.13528,879144224206.3806,bitcoin,2022,4,2,5,13,2,46363.15370014058,25369088335.116413,880886588326.1152,41965.35581214133,23175836018.03667,796740187407.3313,45528.40715313835,47063.36584996355,47459.261237539096,46363.15370014058,41965.35581214133
2022-04-03 00:00:00.000,45842.14476317382,24803837259.76474,871050305858.7916,bitcoin,2022,4,3,6,13,2,46553.339492362364,26958703044.47863,884574475752.6903,42077.02802446849,23257091122.398815,798860033579.9004,46270.20070585378,45528.40715313835,47063.36584996355,46553.339492362364,42077.02802446849
2022-04-04 00:00:00.000,46434.562982661664,21510196790.30345,882346640419.069,bitcoin,2022,4,4,0,14,2,46513.260258669674,26810817938.85428,883869277929.5382,42318.17013270475,23136722105.209618,803477905668.3285,45842.14476317382,46270.20070585378,45528.40715313835,46513.260258669674,42318.17013270475
2022-04-05 00:00:00.000,46622.63571309101,28019309650.72574,885584977681.2438,bitcoin,2022,4,5,1,14,2,46460.08262934589,26520529695.091297,882846043291.4729,42556.81976275809,23576758688.742146,808057499562.5,46434.562982661664,45842.14476317382,46270.20070585378,46460.08262934589,42556.81976275809
2022-04-06 00:00:00.000,45635.45438126673,25474063861.60569,867247321783.443,bitcoin,2022,4,6,2,14,2,46199.53879273556,26427104435.202724,877962803276.3933,42796.56851727076,23859375416.108776,812649013623.0048,46622.63571309101,46434.562982661664,45842.14476317382,46199.53879273556,42796.56851727076
2022-04-07 00:00:00.000,43198.77526936491,34113818641.77575,820983263462.4961,bitcoin,2022,4,7,3,14,2,45647.45442407861,27800900197.40685,867338125122.3434,42967.31123216558,24176622856.199337,815908495589.4989,45635.45438126673,46622.63571309101,46434.562982661664,45647.45442407861,42967.31123216558
2022-04-08 00:00:00.000,43515.15032279806,22960138784.304127,827032889944.6309,bitcoin,2022,4,8,4,14,2,45359.846305458566,27118567217.230686,861912803336.5792,43126.71834249132,24190080890.6952,818961126796.7894,43198.77526936491,45635.45438126673,46622.63571309101,45359.846305458566,43126.71834249132
2022-04-09 00:00:00.000,42315.70972421807,24202906401.166885,804272478980.6077,bitcoin,2022,4,9,5,14,2,44794.91902236775,25869181627.092342,851216839732.8973,43137.70751842938,24023121033.419144,819208559266.2344,43515.15032279806,43198.77526936491,45635.45438126673,44794.91902236775,43137.70751842938
2022-04-10 00:00:00.000,42796.39747810973,13949535311.5313,812734148492.5116,bitcoin,2022,4,10,6,14,2,44359.8122673586,24318567063.058994,842885960109.1432,43248.64227526631,23566323703.168816,821320227192.6478,42315.70972421807,43515.15032279806,43198.77526936491,44359.8122673586,43248.64227526631
2022-04-11 00:00:00.000,42274.907370256085,14936318818.778025,803574629064.9272,bitcoin,2022,4,11,0,15,2,43765.57575130066,23379441638.55536,831632815629.9801,43365.30000132795,23276728821.310665,823497116105.0562,42796.39747810973,42315.70972421807,43515.15032279806,43765.57575130066,43365.30000132795
2022-04-12 00:00:00.000,39603.96515928416,30168665078.21043,752680814425.1921,bitcoin,2022,4,12,1,15,2,42762.90852932825,23686492413.910313,812646506593.4012,43388.64238837056,23867656768.78944,823971258983.9734,42274.907370256085,42796.39747810973,42315.70972421807,42762.90852932825,43388.64238837056
2022-04-13 00:00:00.000,40205.67794073206,27804694935.48352,764314681923.3135,bitcoin,2022,4,13,2,15,2,41987.22618068044,24019439710.178577,797941843756.24,43467.080815026195,24312425014.121765,825496712113.705,39603.96515928416,42274.907370256085,42796.39747810973,41987.22618068044,43467.080815026195
2022-04-14 00:00:00.000,41205.16871904067,25453869985.97185,783560801481.9719,bitcoin,2022,4,14,3,15,2,41702.42524491983,22782304187.920876,792595777759.0222,43518.2723119274,24452521706.013443,826570271289.1382,40205.67794073206,39603.96515928416,42274.907370256085,41702.42524491983,43518.2723119274
2022-04-15 00:00:00.000,39959.457069033735,22744792147.00975,759703443634.6515,bitcoin,2022,4,15,4,15,2,41194.46906581065,22751540382.59311,782977285429.0251,43539.19266287538,24518387116.98248,826972305054.8401,41205.16871904067,40205.67794073206,39603.96515928416,41194.46906581065,43539.19266287538
2022-04-16 00:00:00.000,40586.59730938673,22053774554.17729,771666602547.5923,bitcoin,2022,4,16,5,15,2,40947.453006549025,22444521547.30888,778319303081.4514,43519.891404474816,24087706153.162846,826702491744.9459,39959.457069033735,41205.16871904067,40205.67794073206,40947.453006549025,43519.891404474816
2022-04-17 00:00:00.000,40450.37930543977,15777789210.238447,770439827829.2395,bitcoin,2022,4,17,6,15,2,40612.30755331046,22705700675.695614,772277257272.4127,43501.51372872215,23984910962.08435,826434675148.9244,40586.59730938673,39959.457069033735,41205.16871904067,40612.30755331046,43501.51372872215
2022-04-18 00:00:00.000,39739.11925622209,16627779441.567648,755627152747.4514,bitcoin,2022,4,18,0,16,2,40250.05210844846,22947337907.522705,765427617798.4874,43431.57059933036,23528632671.253613,825142947887.5623,40450.37930543977,40586.59730938673,39959.457069033735,40250.05210844846,43431.57059933036
2022-04-19 00:00:00.000,40833.5379650337,30617039399.980103,776463403746.4385,bitcoin,2022,4,19,1,16,2,40425.70536641268,23011391382.06123,768825130558.6654,43385.95720080855,23996509265.52095,824328794899.4094,39739.11925622209,40450.37930543977,40586.59730938673,40425.70536641268,43385.95720080855
2022-04-20 00:00:00.000,41498.12244669832,22717772925.289574,789141783336.2104,bitcoin,2022,4,20,2,16,2,40610.34029583643,22284688237.74781,772371859331.9364,43393.11931566364,24191895286.298607,824498372181.5609,40833.5379650337,39739.11925622209,40450.37930543977,40610.34029583643,43393.11931566364
2022-04-21 00:00:00.000,41397.220477279625,24937668255.073463,787437397453.9304,bitcoin,2022,4,21,3,16,2,40637.776261299136,22210945133.33375,772925658756.502,43404.29946844464,24311954812.02386,824772771650.7294,41498.12244669832,40833.5379650337,39739.11925622209,40637.776261299136,43404.29946844464
2022-04-22 00:00:00.000,40528.54148675958,32131220615.550182,770787243369.5001,bitcoin,2022,4,22,4,16,2,40719.07403525997,23551863485.982388,774509058718.6232,43341.8543314203,24426708060.830296,823667776439.6658,41397.220477279625,41498.12244669832,40833.5379650337,40719.07403525997,43341.8543314203
2022-04-23 00:00:00.000,39756.848993471016,46022063018.95215,756144456297.8489,bitcoin,2022,4,23,5,16,2,40600.538561557725,26975904695.23594,772291609254.3741,43240.34414086367,25232380441.50729,821842780607.0054,40528.54148675958,41397.220477279625,41498.12244669832,40600.538561557725,43240.34414086367
2022-04-24 00:00:00.000,39561.78019075613,15010797471.968073,752414150959.3553,bitcoin,2022,4,24,6,16,2,40473.59583088864,26866334446.9116,769716512558.6764,43094.533606070865,24858980900.44408,819114882414.8336,39756.848993471016,40528.54148675958,41397.220477279625,40473.59583088864,43094.533606070865
2022-04-25 00:00:00.000,39469.04986198146,16778683767.597218,752446283899.8965,bitcoin,2022,4,25,0,17,2,40435.01448885426,26887892207.77296,769262102723.3114,42932.44266956811,24546678489.094673,816128693920.7706,39561.78019075613,39756.848993471016,40528.54148675958,40435.01448885426,42932.44266956811
2022-04-26 00:00:00.000,40488.877917622376,32883645913.96472,770112436973.4149,bitcoin,2022,4,26,1,17,2,40385.77733922407,27211693138.342197,768354821755.7366,42798.37712623481,25186915543.08586,813624605357.4589,39469.04986198146,39561.78019075613,39756.848993471016,40385.77733922407,42798.37712623481
2022-04-27 00:00:00.000,38134.21545068938,31053018153.386677,725434540422.046,bitcoin,2022,4,27,2,17,2,39905.21919693708,28402442456.641785,759253787053.7131,42512.3470539741,25470503063.876286,808229655865.4894,40488.877917622376,39469.04986198146,39561.78019075613,39905.21919693708,42512.3470539741
2022-04-28 00:00:00.000,39237.94931747103,28170490245.865635,746473028158.29,bitcoin,2022,4,28,3,17,2,39596.751888393,28864274169.61209,753401734297.1931,42253.78272727789,25407808493.50292,803353836132.5092,38134.21545068938,40488.877917622376,39469.04986198146,39596.751888393,42253.78272727789
2022-04-29 00:00:00.000,39741.76664580964,31484572271.03238,756090806420.8264,bitcoin,2022,4,29,4,17,2,39484.355482543004,28771895834.680977,751302243304.5255,41996.53290755358,25586359546.50981,798509196283.57,39237.94931747103,38134.21545068938,40488.877917622376,39484.355482543004,41996.53290755358
2022-04-30 00:00:00.000,38650.55013809267,27758348826.409065,735829877665.6912,bitcoin,2022,4,30,5,17,2,39326.31278891752,26162793807.174824,748400160642.7885,41716.10571715787,25695062897.178547,793191658521.0647,39741.76664580964,39237.94931747103,38134.21545068938,39326.31278891752,41716.10571715787
2022-05-01 00:00:00.000,37820.61176529208,20955789685.35568,719611115951.2947,bitcoin,2022,5,1,6,17,2,39077.57444242266,27012078409.087337,743714012784.4941,41459.179204229666,25469040231.83916,788345024304.6085,38650.55013809267,39741.76664580964,39237.94931747103,39077.57444242266,41459.179204229666
2022-05-02 00:00:00.000,38537.65476669535,24857664487.014507,733294957352.5364,bitcoin,2022,5,2,0,18,2,38944.51800023893,28166218511.86124,740978108992.0143,41201.42767292439,25199342197.001804,783483382076.1471,37820.61176529208,38650.55013809267,39741.76664580964,38944.51800023893,41201.42767292439
2022-05-03 00:00:00.000,38561.56539902362,29825308569.42226,733787526677.6703,bitcoin,2022,5,3,1,18,2,38669.1876404391,27729313176.9266,735788836092.6222,40958.74169411938,25366724573.990383,778907956103.443,38537.65476669535,37820.61176529208,38650.55013809267,38669.1876404391,40958.74169411938
2022-05-04 00:00:00.000,37758.496107734,23070122642.32804,718542028695.8999,bitcoin,2022,5,4,2,18,2,38615.51344858834,26588899532.489655,734804191560.3154,40669.53946495512,25418722102.39121,773447802379.3375,38561.56539902362,38537.65476669535,37820.61176529208,38615.51344858834,40669.53946495512
2022-05-05 00:00:00.000,39699.02404125388,31748901527.20592,755764276888.7715,bitcoin,2022,5,5,3,18,2,38681.3812662716,27100101144.10969,736131512807.5272,40438.75240922722,25543041831.607216,769120445686.255,37758.496107734,38561.56539902362,38537.65476669535,38681.3812662716,40438.75240922722
2022-05-06 00:00:00.000,36612.22954880304,37402043365.58407,696020943881.887,bitcoin,2022,5,6,4,18,2,38234.3045381278,27945454157.617077,727550103873.393,40137.9782481451,25940641148.40649,763412899756.2031,39699.02404125388,37758.496107734,38561.56539902362,38234.3045381278,40137.9782481451
2022-05-07 00:00:00.000,36116.394294982965,32223287014.454,687093350325.4445,bitcoin,2022,5,7,5,18,2,37872.28227482642,28583302470.194923,720587742824.7863,39901.89888233237,25877623427.495766,758949902651.6348,36612.22954880304,39699.02404125388,37758.496107734,37872.28227482642,39901.89888233237
2022-05-08 00:00:00.000,35573.31019883488,19130720394.98043,678702448510.6605,bitcoin,2022,5,8,6,18,2,37551.239193903966,28322578285.855602,714743647476.1243,39637.17087820026,25749976147.851643,754005554603.8357,36116.394294982965,36612.22954880304,39699.02404125388,37551.239193903966,39637.17087820026
2022-05-09 00:00:00.000,34070.31219757961,30810576501.52256,648514321641.9902,bitcoin,2022,5,9,0,19,2,36913.047398316,29172994287.928185,702632128088.9034,39362.32429397898,25970231817.863503,748813616025.882,35573.31019883488,36116.394294982965,36612.22954880304,36913.047398316,39362.32429397898
2022-05-10 00:00:00.000,30269.58695662948,58369928594.32748,576197842487.6378,bitcoin,2022,5,10,1,19,2,35728.47904940255,33250797148.628933,680119316061.7559,38944.76394326297,27450911593.956707,740929072492.3861,34070.31219757961,35573.31019883488,36116.394294982965,35728.47904940255,38944.76394326297
2022-05-11 00:00:00.000,31026.93386836242,54071363210.08785,590644412746.6844,bitcoin,2022,5,11,2,19,2,34766.82730092089,37679545801.16604,661848228069.0109,38569.83149319985,28755413073.667034,733831398615.1112,30269.58695662948,34070.31219757961,35573.31019883488,34766.82730092089,38569.83149319985
2022-05-12 00:00:00.000,28913.48836365432,65985702701.50493,549294001873.1765,bitcoin,2022,5,12,3,19,2,33226.03648983524,42570517397.49447,632352474495.3544,38213.48226667885,29949314327.77685,727051838196.7107,31026.93386836242,30269.58695662948,34070.31219757961,33226.03648983524,38213.48226667885
2022-05-13 00:00:00.000,29126.11597686014,61338080283.57989,555266177876.6213,bitcoin,2022,5,13,4,19,2,32156.591693843402,45989951242.92245,612244650780.3165,37844.163534549785,31067093839.380062,720083554728.4877,28913.48836365432,31026.93386836242,30269.58695662948,32156.591693843402,37844.163534549785
2022-05-14 00:00:00.000,29310.728959858257,71541696924.39926,558053182541.2809,bitcoin,2022,5,14,5,19,2,31184.353788825585,51606866944.3432,593810341096.8645,37447.682209243714,32603354737.32764,712566634097.1312,29126.11597686014,28913.48836365432,31026.93386836242,31184.353788825585,37447.682209243714
2022-05-15 00:00:00.000,30189.333177005963,25759546763.688618,573777699744.01,bitcoin,2022,5,15,6,19,2,30415.214214278596,52553842139.87294,578821091273.0574,37122.01141284278,32703846557.883606,706369109300.7766,29310.728959858257,29126.11597686014,28913.48836365432,30415.214214278596,37122.01141284278
2022-05-16 00:00:00.000,31319.30911113,22948123704.172672,596346266888.6597,bitcoin,2022,5,16,0,20,2,30022.213773357224,51430634597.394394,571368512022.5815,36813.10180623423,32733658196.216785,700525098112.1456,30189.333177005963,29310.728959858257,29126.11597686014,30022.213773357224,36813.10180623423
2022-05-17 00:00:00.000,29923.606993639707,28418179221.125336,569801943005.2971,bitcoin,2022,5,17,1,20,2,29972.788064358687,47151813258.3655,570454812096.5328,36462.209395840895,33155004529.913013,693837168618.014,31319.30911113,30189.333177005963,29310.728959858257,29972.788064358687,36462.209395840895
2022-05-18 00:00:00.000,30502.19328027689,24964703223.57502,581272773175.8237,bitcoin,2022,5,18,2,20,2,29897.82512320361,42993718974.57796,569116006443.5527,36154.31186330938,33432901989.31326,688025355965.6266,29923.606993639707,31319.30911113,30189.333177005963,29897.82512320361,36154.31186330938
2022-05-19 00:00:00.000,28772.200501112577,26219431165.241817,547927169401.2031,bitcoin,2022,5,19,3,20,2,29877.641142840504,37312823040.82609,568920744661.8422,35752.26728117868,33286315048.15532,680407481487.452,30502.19328027689,29923.606993639707,31319.30911113,29877.641142840504,35752.26728117868
2022-05-20 00:00:00.000,30382.40624219559,29190056577.430664,578678245847.8763,bitcoin,2022,5,20,4,20,2,30057.111180745567,32720248225.661907,572265325800.593,35381.743407695256,33502057836.560017,673392030237.841,28772.200501112577,30502.19328027689,29923.606993639707,30057.111180745567,35381.743407695256
2022-05-21 00:00:00.000,29256.81337441625,25980877919.56809,557201657280.7389,bitcoin,2022,5,21,5,20,2,30049.408954253853,26211559796.400322,572143679334.8014,34977.06317093314,33536831492.043175,665717505565.4011,30382.40624219559,28772.200501112577,30502.19328027689,30049.408954253853,34977.06317093314
2022-05-22 00:00:00.000,29491.5079477606,13561006428.368963,561696351558.8424,bitcoin,2022,5,22,6,20,2,29949.719635790232,24468911177.06894,570417772451.2059,34609.16205296651,32917824352.470467,658747809171.7126,29256.81337441625,30382.40624219559,28772.200501112577,29949.719635790232,34609.16205296651
2022-05-23 00:00:00.000,30351.050417138096,17199930154.801018,578090387085.146,bitcoin,2022,5,23,0,21,2,29811.396965219956,23647740670.015842,567809789622.1326,34295.635433755415,31957086590.332096,652812673531.2891,29491.5079477606,29256.81337441625,30382.40624219559,29811.396965219956,34295.635433755415
2022-05-24 00:00:00.000,29163.167775739188,26646754324.71057,555459414424.212,bitcoin,2022,5,24,1,21,2,29702.762791234167,23394679970.528023,565760856967.6918,33949.01501992151,32344951818.756844,646247515646.7844,30351.050417138096,29491.5079477606,29256.81337441625,29702.762791234167,33949.01501992151
2022-05-25 00:00:00.000,29655.02613175249,23486436836.56051,564885248021.9939,bitcoin,2022,5,25,2,21,2,29581.73891287354,23183499058.097378,563419781945.7161,33621.88089558055,32568543587.72229,639995481117.521,29163.167775739188,30351.050417138096,29491.5079477606,29581.73891287354,33621.88089558055
2022-05-26 00:00:00.000,29584.949851985926,23108764916.2066,563577022957.9133,bitcoin,2022,5,26,3,21,2,29697.845962998308,22739118165.37806,565655475310.9603,33258.416626726,32242714221.130352,633110967317.0043,29655.02613175249,29163.167775739188,30351.050417138096,29697.845962998308,33258.416626726
2022-05-27 00:00:00.000,29346.781442431617,31972044691.709656,559066076343.6685,bitcoin,2022,5,27,4,21,2,29549.899563032024,23136545038.84649,562853736810.3593,32965.502159784075,32273348439.07445,627565351847.725,29584.949851985926,29655.02613175249,29163.167775739188,29549.899563032024,32965.502159784075
2022-05-28 00:00:00.000,28646.65218193245,31756305901.00553,545752899521.8662,bitcoin,2022,5,28,5,21,2,29462.733678391483,23961606179.051838,561218199987.6632,32612.45892193279,32392875627.579113,620874680893.1776,29346.781442431617,29584.949851985926,29655.02613175249,29462.733678391483,32612.45892193279
2022-05-29 00:00:00.000,29088.236452817226,15406515372.711676,554938694217.2793,bitcoin,2022,5,29,6,21,2,29405.123464828142,24225250313.95794,560252820367.4398,32257.341248833043,31856940397.635086,614169610486.3926,28646.65218193245,29346.781442431617,29584.949851985926,29405.123464828142,32257.341248833043
2022-05-30 00:00:00.000,29492.50321495364,14496111397.934437,561771345708.952,bitcoin,2022,5,30,0,22,2,29282.473864516076,23838990491.548428,557921528742.2693,31952.073018061743,31414865816.685932,608367659421.168,29088.236452817226,28646.65218193245,29346.781442431617,29282.473864516076,31952.073018061743
2022-05-31 00:00:00.000,31740.94072516695,34891305294.623,604926607440.7722,bitcoin,2022,5,31,1,22,2,29650.727143005755,25016783487.250202,564988270601.778,31749.417316724237,31879383003.661514,604544842470.8171,29492.50321495364,29088.236452817226,28646.65218193245,29650.727143005755,31749.417316724237
2022-06-01 00:00:00.000,31865.749621173167,29770567353.488136,607393396318.7885,bitcoin,2022,6,1,2,22,2,29966.54478435157,25914516418.23986,571060863215.6057,31527.020478540162,32043146432.54397,600348123769.6923,31740.94072516695,29492.50321495364,29088.236452817226,29966.54478435157,31527.020478540162
2022-06-02 00:00:00.000,29833.45033020525,35553330791.53566,569001624438.0176,bitcoin,2022,6,2,3,22,2,30002.044852668616,27692311543.28687,571835806284.192,31236.08330957955,32234080506.614418,594855260361.7037,31865.749621173167,31740.94072516695,29492.50321495364,30002.044852668616,31236.08330957955
2022-06-03 00:00:00.000,30481.013996026013,24232399986.261147,580863150152.0535,bitcoin,2022,6,3,4,22,2,30164.078074610672,26586648013.93708,574949673971.1042,30993.50057252262,32272823084.745518,590265964410.2423,29833.45033020525,31865.749621173167,31740.94072516695,30164.078074610672,30993.50057252262
2022-06-04 00:00:00.000,29714.143487149733,21997859590.66833,566275595800.1772,bitcoin,2022,6,4,5,22,2,30316.576832498857,25192584255.317482,577881487725.1486,30660.67122071915,31947788353.527596,583949675040.6226,30481.013996026013,29833.45033020525,31865.749621173167,30316.576832498857,30660.67122071915
2022-06-05 00:00:00.000,29872.3603087139,12911383481.843807,568340135127.331,bitcoin,2022,6,5,6,22,2,30428.59452619838,24836136842.33636,579795979283.7274,30436.008912716177,31131433024.069588,579693648082.1372,29714.143487149733,30481.013996026013,29833.45033020525,30428.59452619838,30436.008912716177
2022-06-06 00:00:00.000,29917.7640524562,13395229055.412352,570209935092.4275,bitcoin,2022,6,6,0,23,2,30489.346074413035,24678867936.261776,581001492052.7953,30229.387904631953,30503831092.101536,575797534241.0367,29872.3603087139,29714.143487149733,30481.013996026013,30489.346074413035,30229.387904631953
2022-06-07 00:00:00.000,31372.5847629755,27644798123.298183,597966736176.5532,bitcoin,2022,6,7,1,23,2,30436.723794099966,23643652626.072517,580007224729.3356,30089.363723436643,30787633683.04546,573106343829.8999,29917.7640524562,29872.3603087139,29714.143487149733,30436.723794099966,30089.363723436643
2022-06-08 00:00:00.000,31265.469277693348,36111325508.04181,597205650752.5386,bitcoin,2022,6,8,2,23,2,30350.969459317133,24549475219.58018,578551832505.5856,29995.86895944043,30964325316.596104,571396054800.2515,31372.5847629755,29917.7640524562,29872.3603087139,30350.969459317133,29995.86895944043
2022-06-09 00:00:00.000,30229.236836130374,27080284928.564884,576238781341.3682,bitcoin,2022,6,9,3,23,2,30407.51038873501,23339040096.298645,579585712063.207,29994.523955423792,29921337194.40401,571397419428.7091,31265.469277693348,31372.5847629755,29917.7640524562,30407.51038873501,29994.523955423792
2022-06-10 00:00:00.000,30101.187521431468,18871591862.340336,573819802894.6453,bitcoin,2022,6,10,4,23,2,30353.24946379293,22573210364.30996,578579519597.863,29963.66574385943,28748011482.81243,570836599100.3079,30229.236836130374,31265.469277693348,31372.5847629755,30353.24946379293,29963.66574385943
2022-06-11 00:00:00.000,29101.2982596468,25663085729.428837,554622874799.0432,bitcoin,2022,6,11,5,23,2,30265.700145578227,23096814098.418602,576914845169.1296,29969.926073725845,27403924250.409893,571014228197.8367,30101.187521431468,30229.236836130374,31265.469277693348,30265.700145578227,29969.926073725845
2022-06-12 00:00:00.000,28374.14499732395,22518366769.83909,540789214973.6274,bitcoin,2022,6,12,6,23,2,30051.669386808237,24469240282.417927,572978999432.8862,29944.86037440797,26109933799.951866,570531662767.7368,29101.2982596468,30101.187521431468,30229.236836130374,30051.669386808237,29944.86037440797
2022-06-13 00:00:00.000,26767.269173221317,29834061115.62461,514202090511.0678,bitcoin,2022,6,13,0,24,2,29601.59868977468,26817644862.44825,564977878778.4062,29860.07838152007,24719679272.992714,569069959700.0631,28374.14499732395,29101.2982596468,30101.187521431468,29601.59868977468,29860.07838152007
2022-06-14 00:00:00.000,22525.7683503912,64852526179.38284,429492202561.014,bitcoin,2022,6,14,1,24,2,28337.76777369121,32133034584.74606,540910088261.9006,29604.626220632916,26022778586.849186,564260443127.2965,26767.269173221317,28374.14499732395,29101.2982596468,28337.76777369121,29604.626220632916
2022-06-15 00:00:00.000,22244.848968001315,47639470967.89143,423044474596.5387,bitcoin,2022,6,15,2,24,2,27049.107729449486,33779912507.58172,516029920239.6149,29302.144215861957,26845823495.639812,558483716717.5592,22525.7683503912,26767.269173221317,28374.14499732395,27049.107729449486,29302.144215861957
2022-06-16 00:00:00.000,22529.198114649807,52027211446.51121,429887916884.8431,bitcoin,2022,6,16,3,24,2,25949.10219780941,37343759153.00262,495122653888.68274,29055.663919895633,27632791236.486008,553819915846.8774,22244.848968001315,22525.7683503912,26767.269173221317,25949.10219780941,29055.663919895633
2022-06-17 00:00:00.000,20408.690490591813,27449277945.59262,389181727345.5773,bitcoin,2022,6,17,4,24,2,24564.459764832314,38569142879.18152,468745785953.10156,28719.213826906125,27715610393.886593,547416880985.8692,22529.198114649807,22244.848968001315,22525.7683503912,24564.459764832314,28719.213826906125
2022-06-18 00:00:00.000,20473.05288079512,24232922585.24016,391441740414.39136,bitcoin,2022,6,18,5,24,2,23331.85328213922,38364833858.58314,445434195326.7228,28442.57557289554,27649393441.21987,542200700019.6422,20408.690490591813,22529.198114649807,22244.848968001315,23331.85328213922,28442.57557289554
2022-06-19 00:00:00.000,19047.41782828195,38920632524.1614,362303884192.0101,bitcoin,2022,6,19,6,24,2,21999.463686561787,40708014680.62919,419936290929.34894,28064.74262576509,27973745972.777565,534988221297.77997,20473.05288079512,20408.690490591813,22529.198114649807,21999.463686561787,28064.74262576509
2022-06-20 00:00:00.000,20516.41197977524,32488136325.883087,390555374756.5322,bitcoin,2022,6,20,0,25,2,21106.484087498062,41087168282.09467,402272474392.9867,27773.395912610387,28190654586.321396,529433345213.6397,19047.41782828195,20473.05288079512,20408.690490591813,21106.484087498062,27773.395912610387
2022-06-21 00:00:00.000,20636.75891240637,28346447996.779846,392793374515.9921,bitcoin,2022,6,21,1,25,2,20836.62559635737,35872014256.00854,397029784672.2692,27478.237611431916,28683502638.601757,523803245978.878,20516.41197977524,19047.41782828195,20473.05288079512,20836.62559635737,27478.237611431916
2022-06-22 00:00:00.000,20700.923933039136,25340643362.789,395059669321.2376,bitcoin,2022,6,22,2,25,2,20616.06487707706,32686467455.27962,393031955347.2262,27156.56672862861,28954859745.53469,517702222053.4144,20636.75891240637,20516.41197977524,19047.41782828195,20616.06487707706,27156.56672862861
2022-06-23 00:00:00.000,19983.566482863105,24955466738.11085,381616262301.266,bitcoin,2022,6,23,3,25,2,20252.40321539325,28819075354.079567,386136004692.42957,26850.580018866076,28898483492.648033,511907450315.98285,20700.923933039136,20636.75891240637,20516.41197977524,20252.40321539325,26850.580018866076
2022-06-24 00:00:00.000,21100.270533511088,23655104386.97852,402495826231.4205,bitcoin,2022,6,24,4,25,2,20351.200364381715,28277050559.99184,388038018818.9786,26565.4214989247,28904105744.328632,506494469589.6305,19983.566482863105,20700.923933039136,20636.75891240637,20351.200364381715,26565.4214989247
2022-06-25 00:00:00.000,21262.71348295613,21955656695.74872,407086114490.3726,bitcoin,2022,6,25,5,25,2,20464.009021833288,27951726861.49306,390272929401.2616,26288.01361995704,28865668803.64671,501278105974.0457,21100.270533511088,19983.566482863105,20700.923933039136,20464.009021833288,26288.01361995704
2022-06-26 00:00:00.000,21525.88036221139,16152442749.306295,410110791491.0548,bitcoin,2022,6,26,6,25,2,20818.07509810892,24699128322.22805,397102487586.83936,26027.316917283035,28338348738.899925,496312929812.29193,21262.71348295613,21100.270533511088,19983.566482863105,20818.07509810892,26027.316917283035
2022-06-27 00:00:00.000,21052.80539783573,15392697878.417652,401645800330.4072,bitcoin,2022,6,27,0,26,2,20894.70272926042,22256922829.732983,398686834097.39294,25774.188691146475,27792895138.146996,491509359839.24335,21525.88036221139,21262.71348295613,21100.270533511088,20894.70272926042,25774.188691146475
2022-06-28 00:00:00.000,20751.47753079077,17719011287.9831,395914576106.05786,bitcoin,2022,6,28,1,26,2,20911.091103315335,20738717585.619164,399132720038.831,25496.296727078927,27869978335.322712,486208555902.2026,21052.80539783573,21525.88036221139,21262.71348295613,20911.091103315335,25496.296727078927
2022-06-29 00:00:00.000,20282.54247926969,18161209601.432373,386606940573.39575,bitcoin,2022,6,29,2,26,2,20851.322324205415,19713084191.139645,397925187360.5678,25189.29803588946,27992148275.439312,480369742397.684,20751.47753079077,21052.80539783573,21525.88036221139,20851.322324205415,25189.29803588946
2022-06-30 00:00:00.000,20108.529472889782,20744333507.35517,384067866465.5609,bitcoin,2022,6,30,3,26,2,20869.174179923513,19111493729.60312,398275416526.8956,24801.550994146888,27520582549.197044,473007784365.177,20282.54247926969,20751.47753079077,21052.80539783573,20869.174179923513,24801.550994146888
2022-07-01 00:00:00.000,19608.397493423083,22816515394.911003,365984224323.4528,bitcoin,2022,7,1,4,26,3,20656.04945991094,18991695302.1649,393059473397.186,24392.97258988855,27288780817.24448,464960811965.33246,20108.529472889782,20282.54247926969,20751.47753079077,20656.04945991094,24392.97258988855
2022-07-02 00:00:00.000,19407.447430262477,28756781114.699898,370916529918.7163,bitcoin,2022,7,2,5,26,3,20391.011452383274,19963284504.872215,387892389886.94934,24045.439159890462,27062229161.349953,458357975481.3558,19608.397493423083,20108.529472889782,20282.54247926969,20391.011452383274,24045.439159890462
2022-07-03 00:00:00.000,19268.227002666128,15601715000.679424,367706689137.568,bitcoin,2022,7,3,6,26,3,20068.48954387681,19884609112.211235,381834660979.3085,23671.679593445133,26774539661.830563,451252760114.2063,19407.447430262477,19608.397493423083,20108.529472889782,20068.48954387681,23671.679593445133
2022-07-04 00:00:00.000,19310.233218521837,13976969844.33244,368549364135.05225,bitcoin,2022,7,4,0,27,3,19819.55066111768,19682362250.19906,377106598665.68634,23324.882584490868,26507176670.28603,444661885725.3688,19268.227002666128,19407.447430262477,19608.397493423083,19819.55066111768,23324.882584490868
2022-07-05 00:00:00.000,20257.01232859288,18634860046.37241,386425176262.7784,bitcoin,2022,7,5,1,27,3,19748.91277508941,19813197787.111816,375750970116.64636,23004.3709851535,26697959222.43699,438598053763.21704,19310.233218521837,19268.227002666128,19407.447430262477,19748.91277508941,23004.3709851535
2022-07-06 00:00:00.000,20188.779663973284,23623270105.54542,385301783065.72974,bitcoin,2022,7,6,2,27,3,19735.518087189925,20593492144.84225,375564519044.1226,22680.071505537406,27038893924.10809,432434448695.66046,20257.01232859288,19310.233218521837,19268.227002666128,19735.518087189925,22680.071505537406
2022-07-07 00:00:00.000,20566.68722377,21755499642.28282,392479833070.6018,bitcoin,2022,7,7,3,27,3,19800.96919445853,20737944449.831917,376766228559.1285,22319.87492089722,26842583974.74091,425584885258.7955,20188.779663973284,20257.01232859288,19310.233218521837,19800.96919445853,22319.87492089722
2022-07-08 00:00:00.000,21660.596837075183,21927087503.43376,414055638573.8548,bitcoin,2022,7,8,4,27,3,20094.14052926597,20610883322.478027,383633573452.04297,21999.712506209948,26369776041.25397,419479884852.83923,20566.68722377,20188.779663973284,20257.01232859288,20094.14052926597,21999.712506209948
2022-07-09 00:00:00.000,21858.818749217564,46645398900.96298,417690286504.50726,bitcoin,2022,7,9,5,27,3,20444.33643197384,23166400149.087036,390315538678.5846,21720.69856997952,27021946507.000576,414194935024.9439,21660.596837075183,20566.68722377,20188.779663973284,20444.33643197384,21720.69856997952
2022-07-10 00:00:00.000,21589.628101459668,26211587451.783283,412459838738.2113,bitcoin,2022,7,10,6,27,3,20775.965160372918,24682096213.530445,396708845764.39075,21436.979922647126,27266613026.648678,408816269553.06274,21858.818749217564,21660.596837075183,20566.68722377,20775.965160372918,21436.979922647126
2022-07-11 00:00:00.000,20859.81407965063,25037950754.00336,398249545888.6735,bitcoin,2022,7,11,0,28,3,20997.333854819884,26262236343.483433,400951728872.0509,21162.26378331392,27245775194.134495,403603825256.0505,21589.628101459668,21858.818749217564,21660.596837075183,20997.333854819884,21162.26378331392
2022-07-12 00:00:00.000,19998.46783957584,21319467248.801025,382000290322.39886,bitcoin,2022,7,12,1,28,3,20960.398927817452,26645751658.116093,400319602309.1396,20883.074544722316,27205811876.766556,398310861101.0095,20859.81407965063,21589.628101459668,21858.818749217564,20960.398927817452,20883.074544722316
2022-07-13 00:00:00.000,19350.73735007727,22074971578.2899,370191767290.5106,bitcoin,2022,7,13,2,28,3,20840.67859726088,26424566154.222446,398161028626.96545,20635.856817284184,26947175558.8554,393510516993.6576,19998.46783957584,20859.81407965063,21589.628101459668,20840.67859726088,20635.856817284184
2022-07-14 00:00:00.000,20225.23866433186,28560004360.90292,385462566548.9708,bitcoin,2022,7,14,3,28,3,20791.900231626856,27396638256.882465,397158561981.0181,20559.17249441554,25737424831.57274,392042862459.92285,19350.73735007727,19998.46783957584,20859.81407965063,20791.900231626856,20559.17249441554
2022-07-15 00:00:00.000,20574.84059150044,28732413536.669937,393104346702.71136,bitcoin,2022,7,15,4,28,3,20636.792196544753,28368827690.201912,394165520285.14056,20503.505548532175,25107189583.865353,391044858196.7952,20225.23866433186,19350.73735007727,19998.46783957584,20636.792196544753,20503.505548532175
2022-07-16 00:00:00.000,20794.811981436706,46542248374.33238,397285233065.6553,bitcoin,2022,7,16,5,28,3,20484.791229718918,28354091900.68326,391250512651.01886,20445.692677425068,24924357481.459396,389958102069.489,20574.84059150044,20225.23866433186,19350.73735007727,20484.791229718918,20445.692677425068
2022-07-17 00:00:00.000,21193.08334336837,42051101694.797554,404705642580.8908,bitcoin,2022,7,17,6,28,3,20428.141978563017,30616879649.6853,390142770342.8302,20471.839105850955,25411084939.766224,390475565910.66614,20794.811981436706,20574.84059150044,20225.23866433186,20428.141978563017,20471.839105850955
2022-07-18 00:00:00.000,20824.36275165164,29615794461.49923,397660610560.5498,bitcoin,2022,7,18,0,29,3,20423.077503134587,31270857322.18471,390058636724.5268,20483.549434879507,25590514002.30819,390682861582.2047,21193.08334336837,20794.811981436706,20574.84059150044,20423.077503134587,20483.549434879507
2022-07-19 00:00:00.000,22395.365383103952,58636734705.48306,425756736660.6174,bitcoin,2022,7,19,1,29,3,20765.49143792432,36601895530.28214,396309557629.98663,20595.147686706907,26247717408.352245,392797956664.4916,20824.36275165164,21193.08334336837,20794.811981436706,20765.49143792432,20595.147686706907
2022-07-20 00:00:00.000,23366.90769792785,57338223361.51413,445889013251.1064,bitcoin,2022,7,20,2,29,3,21339.230059045833,41639502927.885605,407123449910.0717,20690.16421064533,27076053642.873283,394642411280.9775,22395.365383103952,20824.36275165164,21193.08334336837,21339.230059045833,20690.16421064533
2022-07-21 00:00:00.000,23313.296731959555,40775718993.79776,446130012149.9108,bitcoin,2022,7,21,3,29,3,21780.381211564072,43384605018.29915,415790227853.0631,20779.382137963767,27490362676.107216,396420299202.1081,23366.90769792785,22395.365383103952,20824.36275165164,21780.381211564072,20779.382137963767
2022-07-22 00:00:00.000,23155.207555248304,63224249257.51128,442379611364.02734,bitcoin,2022,7,22,4,29,3,22149.005063528053,48312010121.27649,422829551376.1083,20861.19159203741,28753149539.264626,397997630603.53436,23313.296731959555,23366.90769792785,22395.365383103952,22149.005063528053,20861.19159203741
2022-07-23 00:00:00.000,22696.90275429005,40304373301.41499,433485926857.3929,bitcoin,2022,7,23,5,29,3,22420.73231679282,47420885110.85972,428001079060.6422,20951.636134418306,29264779758.041428,399726619422.07196,23155.207555248304,23313.296731959555,23366.90769792785,22420.73231679282,20951.636134418306
2022-07-24 00:00:00.000,22506.199573628983,42519262113.1533,429803379587.5513,bitcoin,2022,7,24,6,29,3,22608.32034968719,47487765170.62482,431586470061.5937,20998.50043575557,29893585015.580585,400636871200.6096,22696.90275429005,23155.207555248304,23313.296731959555,22608.32034968719,20998.50043575557
2022-07-25 00:00:00.000,22613.71920824845,33108916659.05373,433819662321.5266,bitcoin,2022,7,25,0,30,3,22863.942700629592,47986782627.41833,436752048884.59033,21043.533959931978,30265360347.69075,401527989461.64813,22506.199573628983,22696.90275429005,23155.207555248304,22863.942700629592,21043.533959931978
2022-07-26 00:00:00.000,21330.295450788173,42667548128.93224,407480099599.8142,bitcoin,2022,7,26,1,30,3,22711.789853155908,45705470259.33964,434141100733.04706,21037.014462884537,31149197193.678284,401440299731.9401,22613.71920824845,22506.199573628983,22696.90275429005,22711.789853155908,21037.014462884537
2022-07-27 00:00:00.000,21235.61231608577,53995620035.18145,405692421501.5272,bitcoin,2022,7,27,2,30,3,22407.319084321327,45227955498.43496,428398730483.10724,21043.10802682621,32435961265.57041,401575187104.3107,21330.295450788173,22613.71920824845,22506.199573628983,22407.319084321327,21043.10802682621
2022-07-28 00:00:00.000,22908.884260468687,54498281944.45157,437193517021.8447,bitcoin,2022,7,28,3,30,3,22349.545874108346,47188321634.24265,427122088321.95496,21115.02158448214,33661936954.11936,402951151801.50366,21235.61231608577,21330.295450788173,22613.71920824845,22349.545874108346,21115.02158448214
2022-07-29 00:00:00.000,23822.06759782312,55609627980.6571,454806622614.75885,bitcoin,2022,7,29,4,30,3,22444.811594476178,46100518594.692055,428897375643.488,21233.005755100585,34910217566.760185,405224474536.21576,22908.884260468687,21235.61231608577,21330.295450788173,22444.811594476178,21233.005755100585
2022-07-30 00:00:00.000,23847.58331873861,41089335195.63975,459609388579.5554,bitcoin,2022,7,30,5,30,3,22609.194532254543,46212656008.15273,432629298746.654,21357.64088329555,35588384289.703,407742525273.3489,23822.06759782312,22908.884260468687,21235.61231608577,22609.194532254543,21357.64088329555
2022-07-31 00:00:00.000,23653.4595494308,62102072346.807785,451726702392.36206,bitcoin,2022,7,31,6,30,3,22773.088814511946,49010200327.24623,435761202004.4842,21492.476285162473,36897902854.76623,410600607875.6459,23847.58331873861,23822.06759782312,22908.884260468687,22773.088814511946,21492.476285162473
2022-08-01 00:00:00.000,23379.70052509082,31786729326.443203,447051019373.1847,bitcoin,2022,8,1,0,31,3,22882.514716917998,48821316422.587585,437651395869.0068,21624.884721656745,36998901128.491005,413138424190.7948,23653.4595494308,23847.58331873861,23822.06759782312,22882.514716917998,21624.884721656745
2022-08-02 00:00:00.000,23333.749243312184,44489771146.510735,445958949620.3002,bitcoin,2022,8,2,1,31,3,23168.722401564282,49081633996.52737,443148374443.3619,21760.40212967828,37961836333.35205,415746832873.55255,23379.70052509082,23653.4595494308,23847.58331873861,23168.722401564282,21760.40212967828
2022-08-03 00:00:00.000,23053.84684748268,35151096516.75639,440954684720.7478,bitcoin,2022,8,3,2,31,3,23428.47019176384,46389559208.18093,448185840617.5362,21885.189250643645,38667640555.76618,418160343559.74243,23333.749243312184,23379.70052509082,23653.4595494308,23428.47019176384,21885.189250643645
2022-08-04 00:00:00.000,22860.42098438317,41334593234.075066,437035641450.2815,bitcoin,2022,8,4,3,31,3,23421.546866608773,44509032249.55572,448163286964.45575,21971.969539169986,39424298328.6896,419847359065.9925,23053.84684748268,23333.749243312184,23379.70052509082,23421.546866608773,21971.969539169986
2022-08-05 00:00:00.000,22678.363633874185,23624874220.429745,432420621055.8012,bitcoin,2022,8,5,4,31,3,23258.160586044633,39939781712.38038,444965286741.74756,22054.955671500014,39424351799.18575,421417986998.9949,22860.42098438317,23053.84684748268,23333.749243312184,23258.160586044633,22054.955671500014
2022-08-06 00:00:00.000,23225.036201942938,27040190909.828075,443821669890.4801,bitcoin,2022,8,6,5,31,3,23169.22528364525,37932761100.121574,442709898357.59393,22143.56730410578,39600508174.77059,423129381559.6575,22678.363633874185,22860.42098438317,23053.84684748268,23169.22528364525,22143.56730410578
2022-08-07 00:00:00.000,22984.57953144855,14439694271.14074,439414782173.1877,bitcoin,2022,8,7,6,31,3,23073.670995362078,31123849946.454853,440951052611.99756,22187.70006058489,39350928400.360825,423974686346.30194,23225.036201942938,22678.363633874185,22860.42098438317,23073.670995362078,22187.70006058489
2022-08-08 00:00:00.000,23197.603469525384,14324042469.270954,442979379284.1196,bitcoin,2022,8,8,0,32,3,23047.6571302813,28629180395.430244,440369389742.13116,22232.32621792849,38273549852.637764,424817656105.6223,22984.57953144855,23225.036201942938,22678.363633874185,23047.6571302813,22232.32621792849
2022-08-09 00:00:00.000,23823.67944245361,27756736787.028625,455450642522.2554,bitcoin,2022,8,9,1,32,3,23117.647158730077,26238746915.50423,441725345870.9819,22306.79459596162,38325054830.47926,426250682898.4238,23197.603469525384,22984.57953144855,23225.036201942938,23117.647158730077,22306.79459596162
2022-08-10 00:00:00.000,23203.680696781623,29738069337.77638,443382534834.6949,bitcoin,2022,8,10,2,32,3,23139.05199434421,25465457318.50708,442072181601.5458,22384.92348319932,38481725449.93836,427755115863.2912,23823.67944245361,23197.603469525384,22984.57953144855,23139.05199434421,22384.92348319932
2022-08-11 00:00:00.000,23948.829553271637,32215976525.650154,457270455537.3291,bitcoin,2022,8,11,3,32,3,23294.538932756845,24162797788.732098,444962869328.2668,22516.60220698918,38844942425.833336,430264121370.4555,23203.680696781623,23823.67944245361,23197.603469525384,23294.538932756845,22516.60220698918
2022-08-12 00:00:00.000,23948.75170368143,33892871243.716595,458070674127.7904,bitcoin,2022,8,12,4,32,3,23476.022942729312,25629654506.344505,448627162624.26526,22669.869352109316,39238872414.68089,433193418265.0315,23948.829553271637,23203.680696781623,23823.67944245361,23476.022942729312,22669.869352109316
2022-08-13 00:00:00.000,24411.37987152261,25195193357.103275,466765701334.6809,bitcoin,2022,8,13,5,32,3,23645.500609812123,25366083427.383816,451904881402.0083,22809.40739234901,39126712047.88757,435903522757.88855,23948.75170368143,23948.829553271637,23203.680696781623,23645.500609812123,22809.40739234901
2022-08-14 00:00:00.000,24433.653747243658,22240559959.52209,467078368768.6749,bitcoin,2022,8,14,6,32,3,23852.511212068563,26480492811.438297,455856822344.22076,22938.03449754045,38910316928.649315,438369323493.42065,24411.37987152261,23948.75170368143,23948.829553271637,23852.511212068563,22938.03449754045
2022-08-15 00:00:00.000,24312.54142489156,21287616855.70449,464896345363.0234,bitcoin,2022,8,15,0,33,3,24011.788062835163,27475289152.357372,458987817498.3499,23055.292145655614,38068495878.02837,440623027236.6662,24433.653747243658,24411.37987152261,23948.75170368143,24011.788062835163,23055.292145655614
2022-08-16 00:00:00.000,24179.0146523092,33404812507.80541,462437221425.1544,bitcoin,2022,8,16,1,33,3,24062.55023567167,28282157112.46834,459985900198.76404,23154.823189286974,37780286238.46197,442547413198.14166,24312.54142489156,24433.653747243658,24411.37987152261,24062.55023567167,23154.823189286974
2022-08-17 00:00:00.000,23913.333725628458,24971300201.368164,456791042838.0383,bitcoin,2022,8,17,2,33,3,24163.929239792655,27601190092.981453,461901401342.09875,23257.78888841953,37625469763.124275,444518427607.39136,24179.0146523092,24312.54142489156,24433.653747243658,24163.929239792655,23257.78888841953
2022-08-18 00:00:00.000,23359.418837070007,29567403252.00121,447015816173.3428,bitcoin,2022,8,18,3,33,3,24079.727708906703,27222822482.46018,460436452861.5293,23289.924003551732,36656492048.00821,445227063591.1488,23913.333725628458,24179.0146523092,24312.54142489156,24079.727708906703,23289.924003551732
2022-08-19 00:00:00.000,23248.38422819264,20228208349.156567,444845955425.38696,bitcoin,2022,8,19,4,33,3,23979.675212408307,25270727783.237312,458547207332.61456,23285.97322122723,35419491547.59629,445192294996.9582,23359.418837070007,23913.333725628458,24179.0146523092,23979.675212408307,23285.97322122723
2022-08-20 00:00:00.000,20945.8339660496,35142410593.122185,400810425580.64777,bitcoin,2022,8,20,5,33,3,23484.59722591216,26691758816.954304,449125025082.0384,23207.0577956969,35231714600.90711,443681642111.3161,23248.38422819264,23359.418837070007,23913.333725628458,23484.59722591216,23207.0577956969
2022-08-21 00:00:00.000,21175.232732989512,23809679190.922188,404924875533.8922,bitcoin,2022,8,21,6,33,3,23019.10850959014,26915918707.154316,440245954619.9266,23141.058634954934,33917895598.687473,442433150916.9783,20945.8339660496,23248.38422819264,23359.418837070007,23019.10850959014,23141.058634954934
2022-08-22 00:00:00.000,21615.761693416986,20476237108.35153,413578924865.8514,bitcoin,2022,8,22,0,34,3,22633.85426223663,26800007314.67532,432914894548.9019,23105.0205995925,33256957725.585354,441769584183.9269,21175.232732989512,20945.8339660496,23248.38422819264,22633.85426223663,23105.0205995925
2022-08-23 00:00:00.000,21387.747114773963,28856912427.17573,408409110509.79584,bitcoin,2022,8,23,1,34,3,22235.10175687445,26150307303.1568,425196592989.565,23067.738850964,32801546069.386105,441056441881.335,21615.761693416986,21175.232732989512,20945.8339660496,22235.10175687445,23067.738850964
2022-08-24 00:00:00.000,21562.45153991356,29331102121.79332,412338357271.396,bitcoin,2022,8,24,2,34,3,21899.261444629465,26773136148.93182,418846209337.18756,23032.696595352838,32675618918.144093,440340398379.664,21387.747114773963,21615.761693416986,21175.232732989512,21899.261444629465,23032.696595352838
2022-08-25 00:00:00.000,21395.45846975991,26855905243.36116,409503007623.0169,bitcoin,2022,8,25,3,34,3,21618.69567787088,26385779290.55467,413487236687.141,23034.868695985228,32148564155.29172,440407828647.1041,21562.45153991356,21387.747114773963,21615.761693416986,21618.69567787088,23034.868695985228
2022-08-26 00:00:00.000,21618.009019176647,26767966536.315014,413843488595.5175,bitcoin,2022,8,26,4,34,3,21385.78493372574,27320030460.148735,409058312854.30255,23047.615252754927,31240975705.32951,440679530883.57043,21395.45846975991,21562.45153991356,21387.747114773963,21385.78493372574,23047.615252754927
2022-08-27 00:00:00.000,20271.322951706014,34910727805.04114,387215087166.7839,bitcoin,2022,8,27,5,34,3,21289.426217390945,27286932918.994297,407116121652.3219,22959.696542462836,30588057234.015823,439013583221.7351,21618.009019176647,21395.45846975991,21562.45153991356,21289.426217390945,22959.696542462836
2022-08-28 00:00:00.000,20069.9533315962,24463219414.743477,383790676113.79205,bitcoin,2022,8,28,6,34,3,21131.52916004904,27380295808.111626,404096950306.5933,22834.626066921937,29549843615.15204,436646385005.0362,20271.322951706014,21618.009019176647,21395.45846975991,21131.52916004904,22834.626066921937
2022-08-29 00:00:00.000,19659.24670619362,19781826309.451183,376180531070.6233,bitcoin,2022,8,29,0,35,3,20852.027019017132,27281094265.41158,398754322621.5607,22695.01484650377,28839593318.945755,433865423088.07184,20069.9533315962,20271.322951706014,21618.009019176647,20852.027019017132,22695.01484650377
2022-08-30 00:00:00.000,20308.861447891457,28706315246.140064,389119405471.2333,bitcoin,2022,8,30,1,35,3,20697.900495176775,27259580382.406483,395998650473.19476,22583.528243119126,27726401415.59016,431778513190.7008,19659.24670619362,20069.9533315962,20271.322951706014,20697.900495176775,22583.528243119126
2022-08-31 00:00:00.000,19805.35069885804,30308993725.45616,379555151404.602,bitcoin,2022,8,31,2,35,3,20446.886089311698,27399279182.929745,391315335349.36707,22464.383248911367,27677143562.223927,429528650925.08136,20308.861447891457,19659.24670619362,20069.9533315962,20446.886089311698,22464.383248911367
2022-09-01 00:00:00.000,20023.55444491251,27825786159.8556,383348414528.7825,bitcoin,2022,9,1,3,35,3,20250.899800047784,27537833599.571804,387578964907.3335,22354.043422298048,27121677396.002087,427441633088.69745,19805.35069885804,20308.861447891457,19659.24670619362,20250.899800047784,22354.043422298048
2022-09-02 00:00:00.000,20153.975977982507,25616737335.88055,385027707310.6654,bitcoin,2022,9,2,4,35,3,20041.752222734336,27373372285.224026,383462424723.7832,22257.381059981373,26803865423.306225,425577400508.3614,20023.55444491251,19805.35069885804,20308.861447891457,20041.752222734336,22257.381059981373
2022-09-03 00:00:00.000,19941.45137004716,24078042298.340076,381788074511.76855,bitcoin,2022,9,3,5,35,3,19994.627711068784,25825845784.26673,382687137201.6382,22160.082072836838,26228647058.781727,423735814943.74426,20153.975977982507,20023.55444491251,19805.35069885804,19994.627711068784,22160.082072836838
2022-09-04 00:00:00.000,19814.5642451146,20048153187.39969,379422449024.2574,bitcoin,2022,9,4,6,35,3,19958.14355585713,25195122037.50333,382063104760.27606,22064.62209321152,26109423024.347397,421969209209.3595,19941.45137004716,20153.975977982507,20023.55444491251,19958.14355585713,22064.62209321152
2022-09-05 00:00:00.000,19980.01322224228,21537524477.36904,382421043401.0045,bitcoin,2022,9,5,0,36,3,20003.967343864082,25445936061.491596,382954606521.7591,21956.45466055483,25926000809.93209,419922521659.71027,19814.5642451146,19941.45137004716,20153.975977982507,20003.967343864082,21956.45466055483
2022-09-06 00:00:00.000,19785.73350185514,23522961655.00036,378685143698.17633,bitcoin,2022,9,6,1,36,3,19929.23478014461,24705456977.043068,381463997697.0366,21849.826459568387,26228776389.39408,417898200377.20996,19980.01322224228,19814.5642451146,19941.45137004716,19929.23478014461,21849.826459568387
2022-09-07 00:00:00.000,18859.50008768028,39940310406.47586,361210437263.86273,bitcoin,2022,9,7,2,36,3,19794.11326426207,26081359360.04588,378843324248.35956,21705.22301350688,27082651987.30091,415172568976.5347,19785.73350185514,19980.01322224228,19814.5642451146,19794.11326426207,21705.22301350688
2022-09-08 00:00:00.000,19280.62547645678,30517907004.082462,369340091982.8708,bitcoin,2022,9,8,3,36,3,19687.980554482678,26465948052.07829,376842135313.2294,21553.787881306987,27174690994.536037,412302217291.88855,18859.50008768028,19785.73350185514,19980.01322224228,19687.980554482678,21553.787881306987
2022-09-09 00:00:00.000,19322.77774937157,28936941008.35892,369723445425.44885,bitcoin,2022,9,9,4,36,3,19569.237950395403,26940262862.432343,374655812186.7699,21424.42444972665,27147986716.88879,409846914311.5803,19280.62547645678,18859.50008768028,19785.73350185514,19569.237950395403,21424.42444972665
2022-09-10 00:00:00.000,21359.58252557909,42487059054.97593,408976281844.7646,bitcoin,2022,9,10,5,36,3,19771.828115471395,29570122399.094612,378539841805.76935,21338.116215470236,27490356134.53298,408237108521.8282,19322.77774937157,19280.62547645678,18859.50008768028,19771.828115471395,21338.116215470236
2022-09-11 00:00:00.000,21707.38731931814,35941349745.24438,415974687298.0947,bitcoin,2022,9,11,6,36,3,20042.231411786186,31840579050.215275,383761590130.6032,21263.40406932479,27558638751.250576,406833908960.8383,21359.58252557909,19322.77774937157,19280.62547645678,20042.231411786186,21263.40406932479
2022-09-12 00:00:00.000,21739.80437979554,31266252145.35619,416073628622.0949,bitcoin,2022,9,12,0,37,3,20293.63014857951,33230397288.499157,388569102305.04474,21174.351552933887,27761007377.525673,405144173203.7521,21707.38731931814,21359.58252557909,19322.77774937157,20293.63014857951,21174.351552933887
2022-09-13 00:00:00.000,22339.67050262336,44006486689.44507,427473787888.3761,bitcoin,2022,9,13,1,37,3,20658.478291546395,36156615150.56269,395538908617.93036,21104.552111446545,28486538268.523106,403824020507.7422,21739.80437979554,21707.38731931814,21359.58252557909,20658.478291546395,21104.552111446545
2022-09-14 00:00:00.000,20184.96749189655,46489890914.82466,386529657258.8565,bitcoin,2022,9,14,2,37,3,20847.830777863004,37092269508.89823,399155940045.7866,20966.966313680045,29326614070.493774,401211797570.93665,22339.67050262336,21739.80437979554,21707.38731931814,20847.830777863004,20966.966313680045
2022-09-15 00:00:00.000,20255.922978327133,35789015870.392235,387486232249.8002,bitcoin,2022,9,15,3,37,3,20987.15899241591,37845285061.228195,401748245798.20514,20836.196591213975,29406087515.913334,398713431265.0915,20184.96749189655,22339.67050262336,21739.80437979554,20987.15899241591,20836.196591213975
2022-09-16 00:00:00.000,19702.16988981172,33715957206.68328,377719382182.4472,bitcoin,2022,9,16,4,37,3,21041.35786962165,38528001660.98882,402890522477.7763,20695.82446335342,29697576082.757175,396077709243.2384,20255.922978327133,20184.96749189655,22339.67050262336,21041.35786962165,20695.82446335342
2022-09-17 00:00:00.000,19764.411712043777,30187737709.58007,377988702161.6817,bitcoin,2022,9,17,5,37,3,20813.476324830892,36770955754.5037,398463725380.193,20575.99089251921,29718253898.009808,393776805442.84973,19702.16988981172,20255.922978327133,20184.96749189655,20813.476324830892,20575.99089251921
2022-09-18 00:00:00.000,20131.675305714027,23394494073.784782,385486747327.04944,bitcoin,2022,9,18,6,37,3,20588.37460860173,34978547801.43804,394108305384.3294,20472.100595103253,29823796755.497414,391798165172.9052,19764.411712043777,19702.16988981172,20255.922978327133,20588.37460860173,20472.100595103253
2022-09-19 00:00:00.000,19437.157867982634,28689764413.699097,372598380208.2709,bitcoin,2022,9,19,0,38,3,20259.425106914172,34610478125.48702,387897555610.92596,20421.811391834355,29608708549.516644,390857763660.49255,20131.675305714027,19764.411712043777,19702.16988981172,20259.425106914172,20421.811391834355
2022-09-20 00:00:00.000,19570.386709523507,39507938864.87854,374524246937.4287,bitcoin,2022,9,20,1,38,3,19863.813136471337,33967828436.263237,380333335475.07635,20368.31652438549,30131983871.981853,389844409373.9438,19437.157867982634,20131.675305714027,19764.411712043777,19863.813136471337,20368.31652438549
2022-09-21 00:00:00.000,18869.92880939053,33890591849.676517,361980678159.1343,bitcoin,2022,9,21,2,38,3,19675.950467541905,32167928569.813507,376826338460.8304,20276.78876158461,30579129030.02602,388124467817.0533,19570.386709523507,19437.157867982634,20131.675305714027,19675.950467541905,20276.78876158461
2022-09-22 00:00:00.000,18539.63523831258,41059997264.96848,355194467885.9514,bitcoin,2022,9,22,3,38,3,19430.766504682684,32920925911.895824,372213229265.9948,20181.851699035895,30985898524.619106,386350646396.2585,18869.92880939053,19570.386709523507,19437.157867982634,19430.766504682684,20181.851699035895
2022-09-23 00:00:00.000,19464.322663348463,37660914389.8923,372075639498.16974,bitcoin,2022,9,23,4,38,3,19396.788329473646,33484491223.78283,371406980311.098,20111.91406981706,31263558933.55574,385008555803.81757,18539.63523831258,18869.92880939053,19570.386709523507,19396.788329473646,20111.91406981706
2022-09-24 00:00:00.000,19291.904802452067,35506139423.901344,370913140447.5164,bitcoin,2022,9,24,5,38,3,19329.287342389118,34244262897.257294,370396185780.503,20041.79561424013,31551900072.907085,383722226897.9675,19464.322663348463,18539.63523831258,18869.92880939053,19329.287342389118,20041.79561424013
2022-09-25 00:00:00.000,18939.97058049937,24644354421.61794,363168779956.3335,bitcoin,2022,9,25,6,38,3,19159.043810215597,34422814375.51918,367207904727.5436,19952.527666284223,31481113002.41718,382033069943.32806,19291.904802452067,19464.322663348463,18539.63523831258,19159.043810215597,19952.527666284223
2022-09-26 00:00:00.000,18809.41143933244,21516374222.67532,360256894978.40894,bitcoin,2022,9,26,0,39,3,19069.36574897985,33398044348.230064,365444835408.9918,19903.797282538435,31034634549.67165,381134463537.0489,18939.97058049937,19291.904802452067,19464.322663348463,19069.36574897985,19903.797282538435
2022-09-27 00:00:00.000,19219.727780656474,42560193944.41844,367613056759.2221,bitcoin,2022,9,27,1,39,3,19019.27161628456,33834080788.164337,364457522526.3909,19875.45643084044,31637867033.99415,380595209558.56323,18809.41143933244,18939.97058049937,19291.904802452067,19019.27161628456,19875.45643084044
2022-09-28 00:00:00.000,19116.33116071044,52482615483.86207,366383164263.7157,bitcoin,2022,9,28,2,39,3,19054.471952187403,36490084164.476555,365086449112.7597,19857.359245991007,32727893339.807846,380268630664.99963,19219.727780656474,18809.41143933244,18939.97058049937,19054.471952187403,19857.359245991007
2022-09-29 00:00:00.000,19444.78777136297,47494258189.70422,372892084645.0075,bitcoin,2022,9,29,3,39,3,19183.77945690889,37409264296.581665,367614680078.33905,19828.556790106722,33354158104.59332,379727719970.7921,19116.33116071044,19219.727780656474,18809.41143933244,19183.77945690889,19828.556790106722
2022-09-30 00:00:00.000,19563.765161776904,37537716230.48356,374830625219.6003,bitcoin,2022,9,30,4,39,3,19197.98552811295,37391664559.52327,368008249467.1149,19820.503938870686,33595115521.427567,379570235764.62537,19444.78777136297,19116.33116071044,19219.727780656474,19197.98552811295,19820.503938870686
2022-10-01 00:00:00.000,19476.92659600407,37848666330.67224,373222100680.7475,bitcoin,2022,10,1,5,39,4,19224.417212906093,37726311260.49055,368338100929.00507,19802.283010573734,33929211527.121456,379232691969.69086,19563.765161776904,19444.78777136297,19116.33116071044,19224.417212906093,19802.283010573734
2022-10-02 00:00:00.000,19314.463835217448,15943514602.722157,370204708063.3375,bitcoin,2022,10,2,6,39,4,19277.91624929439,36483334143.505424,369343233515.7199,19774.299272481567,33606770769.34951,378738591994.77997,19476.92659600407,19563.765161776904,19444.78777136297,19277.91624929439,19774.299272481567
2022-10-03 00:00:00.000,19065.153837148988,17859684587.64641,366195863790.6755,bitcoin,2022,10,3,0,40,4,19314.4508775539,35960949909.92987,370191657631.758,19745.089354718293,33399492178.993053,378218851637.4102,19314.463835217448,19476.92659600407,19563.765161776904,19314.4508775539,19745.089354718293
2022-10-04 00:00:00.000,19620.567543591394,26634227151.925247,375767908259.0832,bitcoin,2022,10,4,1,40,4,19371.713700830318,33685811796.71656,371356636417.4525,19738.622798000855,33619027977.81057,378097033611.90436,19065.153837148988,19314.463835217448,19476.92659600407,19371.713700830318,19738.622798000855
2022-10-05 00:00:00.000,20345.398520106643,30974520027.94433,390177741507.47705,bitcoin,2022,10,5,2,40,4,19547.29475217263,30613226731.585453,374755861737.9898,19750.80230792967,33933594496.163082,378355590215.4535,19620.567543591394,19065.153837148988,19314.463835217448,19547.29475217263,19750.80230792967
2022-10-06 00:00:00.000,20161.830614985047,29366342083.10176,386368899196.38165,bitcoin,2022,10,6,3,40,4,19649.729444118642,28023524430.642242,376681120959.6147,19763.33887836733,34128373843.76646,378611715398.7269,20345.398520106643,19620.567543591394,19065.153837148988,19649.729444118642,19763.33887836733
2022-10-07 00:00:00.000,19949.051041418512,31354758329.142307,382505641462.1564,bitcoin,2022,10,7,4,40,4,19704.77028406744,27140244730.450634,377777551851.4083,19799.65724349194,33842188774.52201,379321555538.6701,20161.830614985047,20345.398520106643,19620.567543591394,19704.77028406744,19799.65724349194
2022-10-08 00:00:00.000,19457.308951251147,25445042398.33797,373170861484.1397,bitcoin,2022,10,8,5,40,4,19701.967763388453,25368298454.402885,377770231966.1787,19805.54669265175,33673093287.66386,379449247855.3791,19949.051041418512,20161.830614985047,20345.398520106643,19701.967763388453,19805.54669265175
2022-10-09 00:00:00.000,19418.037989243952,12996183216.30484,372391945609.07526,bitcoin,2022,10,9,6,40,4,19716.764071106525,24947251113.486126,378082694472.7127,19808.72203398083,33141734694.59539,379538197861.49994,19457.308951251147,19949.051041418512,20161.830614985047,19716.764071106525,19808.72203398083
2022-10-10 00:00:00.000,19448.14900175761,14404623229.04686,372264710552.3351,bitcoin,2022,10,10,0,41,4,19771.477666050614,24453670919.400475,378949672581.5212,19745.00758318678,32205653500.397755,378314478818.419,19418.037989243952,19457.308951251147,19949.051041418512,19771.477666050614,19745.00758318678
2022-10-11 00:00:00.000,19142.69476739289,23743487600.53748,367207056773.2261,bitcoin,2022,10,11,1,41,4,19703.210126593687,24040708126.345074,377726693797.8273,19659.517831455938,31799058095.574192,376688891134.25665,19448.14900175761,19418.037989243952,19457.308951251147,19703.210126593687,19659.517831455938
2022-10-12 00:00:00.000,19058.628039738272,25102717820.99086,365118514776.268,bitcoin,2022,10,12,2,41,4,19519.385772255344,23201879239.637444,374146804264.7974,19570.145286787367,31593606951.428684,374990387339.3958,19142.69476739289,19448.14900175761,19418.037989243952,19519.385772255344,19570.145286787367
2022-10-13 00:00:00.000,19153.039779986982,22339104401.38417,367301644901.367,bitcoin,2022,10,13,3,41,4,19375.27279582705,22197988142.24921,371422910794.08105,19463.924262699486,30871360875.15998,372984649239.82886,19058.628039738272,19142.69476739289,19448.14900175761,19375.27279582705,19463.924262699486
2022-10-14 00:00:00.000,19383.9432200889,37194496437.924,371647189087.476,bitcoin,2022,10,14,4,41,4,19294.54310706568,23032236443.503742,369871703311.9839,19437.223453639228,30561514392.59663,372488566967.4494,19153.039779986982,19058.628039738272,19142.69476739289,19294.54310706568,19437.223453639228
2022-10-15 00:00:00.000,19198.107144951755,34806651159.13548,367584653730.7548,bitcoin,2022,10,15,5,41,4,19257.51427759434,24369609123.617672,369073673632.92883,19401.962925860054,30528768902.2214,371825181016.81464,19383.9432200889,19153.039779986982,19058.628039738272,19257.51427759434,19401.962925860054
2022-10-16 00:00:00.000,19072.780513358884,13103099352.405506,365870425566.53,bitcoin,2022,10,16,6,41,4,19208.191781039328,24384882857.34634,368142027912.5653,19380.98327997829,29841673640.412144,371430215796.28406,19198.107144951755,19383.9432200889,19153.039779986982,19208.191781039328,19380.98327997829
2022-10-17 00:00:00.000,19272.92184777201,15683330320.159586,369552982160.5376,bitcoin,2022,10,17,0,42,4,19183.159330469956,24567555298.93387,367754638142.30853,19364.60028450256,29358193394.09813,371149025129.5792,19072.780513358884,19198.107144951755,19383.9432200889,19183.159330469956,19364.60028450256
2022-10-18 00:00:00.000,19557.895548868444,23713928577.519844,375052275829.7958,bitcoin,2022,10,18,1,42,4,19242.47372782361,24563332581.35992,368875383721.8185,19345.47429260771,29368841210.889294,370801209413.0041,19272.92184777201,19072.780513358884,19198.107144951755,19242.47372782361,19345.47429260771
2022-10-19 00:00:00.000,19348.02936881037,25848175158.687187,371196833238.99286,bitcoin,2022,10,19,2,42,4,19283.816774833907,24669826486.745113,369743714930.7792,19342.5033426353,29274121569.055565,370754491180.6949,19557.895548868444,19272.92184777201,19072.780513358884,19283.816774833907,19342.5033426353
2022-10-20 00:00:00.000,19134.242664465204,23047051893.294765,367085331987.69183,bitcoin,2022,10,20,3,42,4,19281.13147261651,24770961842.732338,369712813085.9684,19327.965207800025,28725425336.669437,370506527349.0369,19348.02936881037,19557.895548868444,19272.92184777201,19281.13147261651,19327.965207800025
2022-10-21 00:00:00.000,19031.15987195947,25712511231.935688,365098952754.63934,bitcoin,2022,10,21,4,42,4,19230.73385145516,23130678241.876865,368777350752.70605,19333.339576552324,28452822649.41141,370610469835.5538,19134.242664465204,19348.02936881037,19557.895548868444,19230.73385145516,19333.339576552324
2022-10-22 00:00:00.000,19173.28046885863,30297335038.197,367999082249.1525,bitcoin,2022,10,22,5,42,4,19227.18718344186,22486490224.59994,368836554826.7628,19354.461084237195,28094067241.85236,371037290314.32715,19031.15987195947,19134.242664465204,19348.02936881037,19227.18718344186,19354.461084237195
2022-10-23 00:00:00.000,19203.86547117714,13362526957.65784,368484939423.5548,bitcoin,2022,10,23,6,42,4,19245.913605987324,22523551311.064556,369210056806.3378,19345.779177831482,27284120994.111214,370917600311.83997,19173.28046885863,19031.15987195947,19134.242664465204,19245.913605987324,19345.779177831482
2022-10-24 00:00:00.000,19574.8242318408,19928822961.41621,375197423662.3941,bitcoin,2022,10,24,0,43,4,19289.04251799715,23130050259.815502,370016405592.3173,19355.209825477774,26764877112.028378,371060409752.33594,19203.86547117714,19173.28046885863,19031.15987195947,19289.04251799715,19355.209825477774
2022-10-25 00:00:00.000,19316.94062294213,28657172008.9177,370622833880.7626,bitcoin,2022,10,25,1,43,4,19254.620385721963,23836227892.87234,369383628171.0269,19367.775493559195,26898637698.271706,371308878216.4835,19574.8242318408,19203.86547117714,19173.28046885863,19254.620385721963,19367.775493559195
2022-10-26 00:00:00.000,20095.152230674925,39846253138.59686,385476931983.846,bitcoin,2022,10,26,2,43,4,19361.352223131187,25835953318.573723,371423642277.43445,19410.63351993728,27509633662.135754,372149546116.6648,19316.94062294213,19574.8242318408,19203.86547117714,19361.352223131187,19410.63351993728
2022-10-27 00:00:00.000,20774.247496426036,50667020407.51415,398674628646.93066,bitcoin,2022,10,27,3,43,4,19595.63862769702,29781663106.319347,375936398943.04,19462.450843796265,27779861210.905613,373184931846.25507,20095.152230674925,19316.94062294213,19574.8242318408,19595.63862769702,19462.450843796265
2022-10-28 00:00:00.000,20278.36623205219,41829789298.17936,389238872375.6226,bitcoin,2022,10,28,4,43,4,19773.81096485312,32084131401.497017,379384958888.8947,19501.185346174323,27424767004.716187,373946788783.31866,20774.247496426036,20095.152230674925,19316.94062294213,19773.81096485312,19501.185346174323
2022-10-29 00:00:00.000,20591.24120809861,36165609164.5681,395201306734.5831,bitcoin,2022,10,29,5,43,4,19976.37678474455,32922456276.69289,383270990958.242,19539.400460732177,27047145370.544983,374690429519.6378,20278.36623205219,20774.247496426036,20095.152230674925,19976.37678474455,19539.400460732177
2022-10-30 00:00:00.000,20800.70708772471,32806216910.570454,399135164712.3964,bitcoin,2022,10,30,6,43,4,20204.497015679914,35700126269.96612,387649594570.9336,19580.63185826377,26889428726.54788,375500580836.0644,20591.24120809861,20278.36623205219,20774.247496426036,20204.497015679914,19580.63185826377
2022-10-31 00:00:00.000,20623.871497040946,24707906148.749344,395548335410.141,bitcoin,2022,10,31,0,44,4,20354.360910708503,36382852439.58514,390556867677.7546,19618.863354965,26451403387.150448,376244788660.3775,20800.70708772471,20591.24120809861,20278.36623205219,20354.360910708503,19618.863354965
2022-11-01 00:00:00.000,20494.60120983709,37290619694.72375,393311097043.5727,bitcoin,2022,11,1,1,44,4,20522.59813740779,37616202108.98601,393798048129.5846,19658.201267452325,27162973556.883835,377015001626.3854,20623.871497040946,20800.70708772471,20591.24120809861,20522.59813740779,19658.201267452325
2022-11-02 00:00:00.000,20489.646203160763,32262771910.727062,393218202887.5868,bitcoin,2022,11,2,2,44,4,20578.95441919148,36532847647.86175,394903943972.9762,19705.684346319384,27643076467.65319,377915746262.94904,20494.60120983709,20623.871497040946,20800.70708772471,20578.95441919148,19705.684346319384
2022-11-03 00:00:00.000,20162.980904822525,44539856162.44828,387015867490.0914,bitcoin,2022,11,3,3,44,4,20491.630620390973,35657538469.99519,393238406664.8563,19723.764791693753,28239930768.003956,378290678237.31604,20489.646203160763,20494.60120983709,20623.871497040946,20491.630620390973,19723.764791693753
2022-11-04 00:00:00.000,20210.91241711132,36562782563.97917,387756249891.6283,bitcoin,2022,11,4,4,44,4,20481.99436111371,34905108936.53802,393026603452.8571,19719.281921593905,28426206185.871784,378209961850.121,20162.980904822525,20489.646203160763,20494.60120983709,20481.99436111371,19719.281921593905
2022-11-05 00:00:00.000,21150.3155839124,33773463079.332672,405987599945.2726,bitcoin,2022,11,5,5,44,4,20561.862129087105,34563373781.50439,394567502482.95557,19752.231420558157,28573110219.079483,378863918541.75073,20210.91241711132,20162.980904822525,20489.646203160763,20561.862129087105,19752.231420558157
2022-11-06 00:00:00.000,21282.98510942269,31061573100.60496,408892506459.0742,bitcoin,2022,11,6,6,44,4,20630.758989329675,34314138951.509315,395961408446.7667,19796.695889491628,28563337378.12824,379743480708.31464,21150.3155839124,20210.91241711132,20162.980904822525,20630.758989329675,19796.695889491628
2022-11-07 00:00:00.000,20906.99792695512,50602704770.81252,401869336200.07385,bitcoin,2022,11,7,0,45,4,20671.205622174555,38013395897.51835,396864408559.61426,19845.018855348426,29401926123.877388,380700096532.1791,21282.98510942269,21150.3155839124,20210.91241711132,20671.205622174555,19845.018855348426
2022-11-08 00:00:00.000,20597.755017060837,91750982446.38734,395168506455.3059,bitcoin,2022,11,8,1,45,4,20685.94188034938,45793447719.18457,397129752761.29047,19884.342756275655,32027086098.213474,381459315227.05347,20906.99792695512,21282.98510942269,21150.3155839124,20685.94188034938,19884.342756275655
2022-11-09 00:00:00.000,18562.353215089643,92144963385.0274,356871594631.61395,bitcoin,2022,11,9,2,45,4,20410.614310624933,54348046501.22748,391937380153.2943,19854.816230053388,34618430770.07949,380946211363.0294,20597.755017060837,20906.99792695512,21282.98510942269,20410.614310624933,19854.816230053388
2022-11-10 00:00:00.000,15742.444335961438,74978675390.59279,301963847693.5264,bitcoin,2022,11,10,3,45,4,19779.109086501918,58696449248.10526,379787091610.92786,19741.474549005674,36326270363.08134,378771437727.03937,18562.353215089643,20597.755017060837,20906.99792695512,19779.109086501918,19741.474549005674
2022-11-11 00:00:00.000,17594.923500278233,65200666543.364624,336597208099.6668,bitcoin,2022,11,11,4,45,4,19405.396384097196,62787575530.87462,372478657069.2191,19692.68439769034,37662868653.827126,377820727504.4861,15742.444335961438,18562.353215089643,20597.755017060837,19405.396384097196,19692.68439769034
2022-11-12 00:00:00.000,17080.215260565037,45030331310.74984,325921112619.09045,bitcoin,2022,11,12,5,45,4,18823.953480761855,64395699563.93421,361040587451.19305,19623.590247042943,38419242884.13931,376441376428.41016,17594.923500278233,15742.444335961438,18562.353215089643,18823.953480761855,19623.590247042943
2022-11-13 00:00:00.000,16797.98748257006,21893997140.86048,322330608513.1628,bitcoin,2022,11,13,6,45,4,18183.239534068623,63086045855.399284,348674602030.34863,19537.391722458982,37909226240.90386,374797490409.2664,17080.215260565037,17594.923500278233,15742.444335961438,18183.239534068623,19537.391722458982
2022-11-14 00:00:00.000,16344.342316001042,20411619109.007805,313605586517.2854,bitcoin,2022,11,14,0,46,4,17531.431589646614,58773033617.99861,336065494932.80743,19442.266228160624,37429391839.23294,372998188168.81744,16797.98748257006,17080.215260565037,17594.923500278233,17531.431589646614,19442.266228160624
2022-11-15 00:00:00.000,16645.828500283515,37539226046.106285,320598982524.9025,bitcoin,2022,11,15,1,46,4,16966.870658678425,51028496989.38703,325412705799.8926,19361.367827724778,38243929395.689644,371489140067.4299,16344.342316001042,16797.98748257006,17080.215260565037,16966.870658678425,19361.367827724778
2022-11-16 00:00:00.000,16890.52938386464,28676275678.9418,324608360619.00433,bitcoin,2022,11,16,2,46,4,16728.038682789138,41961541602.80338,320803672369.51984,19281.954745594532,38677027574.315704,369990986016.0455,16645.828500283515,16344.342316001042,16797.98748257006,16728.038682789138,19281.954745594532
2022-11-17 00:00:00.000,16689.39673273771,26922027947.408916,320099234744.2721,bitcoin,2022,11,17,3,46,4,16863.31759661432,35096306253.77711,323394441948.1978,19186.338118390177,38783964219.978676,368159217979.86127,16890.52938386464,16645.828500283515,16344.342316001042,16863.31759661432,19186.338118390177
2022-11-18 00:00:00.000,16718.361228055077,22011291267.356167,321287480849.7667,bitcoin,2022,11,18,4,46,4,16738.094414868156,28926395500.061615,321207338055.3549,19098.68251369833,38656068090.26765,366495572900.22046,16689.39673273771,16890.52938386464,16645.828500283515,16738.094414868156,19098.68251369833
2022-11-19 00:00:00.000,16707.022778986535,20942172141.414623,320876918352.4405,bitcoin,2022,11,19,5,46,4,16684.781203214083,25485229904.442295,320486738874.4049,19017.775184182377,38585905431.871635,364955292445.71204,16718.361228055077,16689.39673273771,16890.52938386464,16684.781203214083,19017.775184182377
2022-11-20 00:00:00.000,16712.729525794817,10844466289.901129,321151208473.7581,bitcoin,2022,11,20,6,46,4,16672.601495103332,23906725497.162388,320318253154.4899,18940.494172643557,38090303933.80382,363490367636.3493,16707.022778986535,16718.361228055077,16689.39673273771,16672.601495103332,18940.494172643557
2022-11-21 00:00:00.000,16304.07685562355,15680401749.95844,313370674122.3842,bitcoin,2022,11,21,0,47,4,16666.849286477976,23230837303.012478,320284694240.9326,18844.854052202383,37603072824.19587,361669420698.79034,16712.729525794817,16707.022778986535,16718.361228055077,16666.849286477976,18844.854052202383
2022-11-22 00:00:00.000,15814.335280855255,31057277097.34788,303834128504.1595,bitcoin,2022,11,22,1,47,4,16548.064540845367,22304844596.046993,317889715095.1122,18731.869712524986,38192897828.8522,359514393668.14386,16304.07685562355,16712.729525794817,16707.022778986535,16548.064540845367,18731.869712524986
2022-11-23 00:00:00.000,16171.628978315088,25091849198.571053,311463297390.4882,bitcoin,2022,11,23,2,47,4,16445.36448290972,21792783670.279743,316011848919.60986,18618.429870740798,38364998703.424034,357389922792.4137,15814.335280855255,16304.07685562355,16712.729525794817,16445.36448290972,18618.429870740798
2022-11-24 00:00:00.000,16608.00998544357,26858079944.170044,319494112507.07404,bitcoin,2022,11,24,3,47,4,16433.737804724842,21783648241.245625,315925402885.7245,18528.13218282418,38305028967.93245,355685632079.9574,16171.628978315088,15814.335280855255,16304.07685562355,16433.737804724842,18528.13218282418
2022-11-25 00:00:00.000,16596.03575847268,20949512927.386944,318949911014.53784,bitcoin,2022,11,25,4,47,4,16416.262737641642,21631965621.25002,315591464337.83466,18411.4949670841,37675137627.55877,353468064714.3138,16608.00998544357,16171.628978315088,15814.335280855255,16416.262737641642,18411.4949670841
2022-11-26 00:00:00.000,16524.449007720887,18933018587.76629,317919884011.3825,bitcoin,2022,11,26,5,47,4,16390.180770317977,21344943685.014538,315169030860.5406,18269.8350174606,36617337566.90052,350776239893.12885,16596.03575847268,16608.00998544357,16171.628978315088,16390.180770317977,18269.8350174606
2022-11-27 00:00:00.000,16456.156062496684,18243019109.753235,316206865319.883,bitcoin,2022,11,27,6,47,4,16353.527418418244,22401879802.13627,314462696124.27277,18142.42801180875,35831111893.95298,348341839657.9375,16524.449007720887,16596.03575847268,16608.00998544357,16353.527418418244,18142.42801180875
2022-11-28 00:00:00.000,16459.149543755877,16551822516.185429,316487666895.4407,bitcoin,2022,11,28,0,48,4,16375.680659580006,22526368483.02584,314907980806.138,18004.691622997325,35177319005.67356,345718051663.2995,16456.156062496684,16524.449007720887,16596.03575847268,16375.680659580006,18004.691622997325
2022-11-29 00:00:00.000,16222.210728731225,24566056814.212288,311810991501.448,bitcoin,2022,11,29,1,48,4,16433.948580705146,21599051299.720757,316047532662.8935,17852.07507769754,34902647002.46162,342807245889.6012,16459.149543755877,16456.156062496684,16524.449007720887,16433.948580705146,17852.07507769754
2022-11-30 00:00:00.000,16441.979978419113,24663035431.352062,316170903326.0224,bitcoin,2022,11,30,2,48,4,16472.570152148575,21537792190.118042,316720047796.5412,17712.67869374348,34901151311.88171,340161331486.7972,16222.210728731225,16459.149543755877,16456.156062496684,16472.570152148575,17712.67869374348
2022-12-01 00:00:00.000,17186.502572066118,30676053555.32337,330763402606.7043,bitcoin,2022,12,1,3,48,4,16555.21195023751,22083216991.711372,318329946382.2027,17602.408739151117,34680665773.901695,338076408338.90155,16441.979978419113,16222.210728731225,16459.149543755877,16555.21195023751,17602.408739151117
2022-12-02 00:00:00.000,16972.73406077455,23319572025.36399,326141917292.63745,bitcoin,2022,12,2,4,48,4,16609.025993423496,22421796862.850952,319357375850.5026,17485.178334404907,34382559111.05626,335840532152.40326,17186.502572066118,16441.979978419113,16222.210728731225,16609.025993423496,17485.178334404907
2022-12-03 00:00:00.000,17084.87334047068,20945433171.615204,328178365692.1309,bitcoin,2022,12,3,5,48,4,16689.08661238775,22709284660.54365,320822873233.4667,17382.574748926512,33596078344.695156,333879282092.47125,16972.73406077455,17186.502572066118,16441.979978419113,16689.08661238775,17382.574748926512
2022-12-04 00:00:00.000,16923.38287008033,16931408153.950111,326498242602.6305,bitcoin,2022,12,4,6,48,4,16755.83329918541,22521911666.85749,322293069988.1449,17272.990430692145,32941699197.69419,331837348516.1713,17084.87334047068,16972.73406077455,17186.502572066118,16755.83329918541,17272.990430692145
2022-12-05 00:00:00.000,17149.93175096291,18214353301.13762,329544949093.6664,bitcoin,2022,12,5,0,49,4,16854.51647164356,22759416064.707806,324158396016.4628,17139.644302927165,32423062205.08769,329289260154.4511,16923.38287008033,17084.87334047068,16972.73406077455,16854.51647164356,17139.644302927165
2022-12-06 00:00:00.000,16973.372577553495,23204017213.929634,326635737516.3175,bitcoin,2022,12,6,1,49,4,16961.8253071896,22564838978.953144,326276216875.7299,16995.990551864856,32161143675.531845,326547367856.35925,17149.93175096291,16923.38287008033,17084.87334047068,16961.8253071896,16995.990551864856
2022-12-07 00:00:00.000,17085.64314125141,21026126511.19885,328108161816.87274,bitcoin,2022,12,7,2,49,4,17053.777187594213,22045280561.788395,327981539517.27997,16868.612059008065,31175257733.544724,324088662043.5859,16973.372577553495,17149.93175096291,16923.38287008033,17053.777187594213,16868.612059008065
2022-12-08 00:00:00.000,16851.30346863184,21192130005.603653,324178677956.7833,bitcoin,2022,12,8,3,49,4,17005.891601389318,20690434340.399868,327040864567.2913,16743.7303407271,28823295985.5186,321722334426.9685,17085.64314125141,16973.372577553495,17149.93175096291,17005.891601389318,16743.7303407271
2022-12-09 00:00:00.000,17235.014157992136,22674029585.253864,331389860355.59094,bitcoin,2022,12,9,4,49,4,17043.360186706115,20598213991.812706,327790570719.1417,16699.48570549052,26507598192.192814,320872943284.4343,16851.30346863184,17085.64314125141,16973.372577553495,17043.360186706115,16699.48570549052
2022-12-10 00:00:00.000,17149.824203925327,23179829829.17013,329756788298.6587,bitcoin,2022,12,10,5,49,4,17052.63888148535,20917413514.320553,328016059662.93146,16746.39836775598,24780970006.812057,321799374637.9388,17235.014157992136,16851.30346863184,17085.64314125141,17052.63888148535,16746.39836775598
2022-12-11 00:00:00.000,17125.364927688952,14234368489.84426,329283186564.5152,bitcoin,2022,12,11,6,49,4,17081.493461143724,20532122133.734,328413908800.34357,16730.746415336336,23082093405.02805,321555573920.10034,17149.824203925327,17235.014157992136,16851.30346863184,17081.493461143724,16730.746415336336
2022-12-12 00:00:00.000,17101.038019732932,15681124918.738192,328868814164.99066,bitcoin,2022,12,12,0,50,4,17074.508642396584,20170232364.819798,328317318096.247,16731.4405073086,22103786525.294323,321653830638.29706,17125.364927688952,17149.824203925327,17235.014157992136,17074.508642396584,16731.4405073086
2022-12-13 00:00:00.000,17179.596038203494,21633829199.489117,330715694645.24335,bitcoin,2022,12,13,1,50,4,17103.969136775155,19945919791.328297,328900169114.665,16744.160792496383,22095114260.581947,321933333509.3664,17101.038019732932,17125.364927688952,17149.824203925327,17103.969136775155,16744.160792496383
2022-12-14 00:00:00.000,17784.162894053265,28941242217.591747,342102502914.68976,bitcoin,2022,12,14,2,50,4,17203.757672889707,21076650606.52728,330899360700.06744,16792.154811764787,22379435030.868076,322883230722.6132,17179.596038203494,17101.038019732932,17125.364927688952,17203.757672889707,16792.154811764787
2022-12-15 00:00:00.000,17808.71617265881,27267536668.811485,342692750075.4062,bitcoin,2022,12,15,3,50,4,17340.53091632213,21944565844.1284,333544228145.58496,16830.9177341773,22037045384.958252,323619689640.96326,17784.162894053265,17179.596038203494,17101.038019732932,17340.53091632213,16830.9177341773
2022-12-16 00:00:00.000,17338.358126632633,22754686787.817104,333854506370.7365,bitcoin,2022,12,16,4,50,4,17355.294340413628,21956088301.637432,333896320433.4629,16845.845358936233,21839659088.58743,323927894499.35443,17808.71617265881,17784.162894053265,17179.596038203494,17355.294340413628,16845.845358936233
2022-12-17 00:00:00.000,16623.75782614431,22250411214.773224,318992400741.96515,bitcoin,2022,12,17,5,50,4,17280.142000730626,21823314213.866447,332358550782.5067,16843.657395383118,21683938530.832905,323891000032.6109,17338.358126632633,17808.71617265881,17784.162894053265,17280.142000730626,16843.657395383118
2022-12-18 00:00:00.000,16806.48559206152,15086383815.776106,323096167353.6004,bitcoin,2022,12,18,6,50,4,17234.587809926707,21945030688.99957,331474690895.2331,16846.594874183334,21453108282.446903,323951289582.7386,16623.75782614431,17338.358126632633,17808.71617265881,17234.587809926707,16846.594874183334
2022-12-19 00:00:00.000,16742.816663834055,11134054723.147482,322740705484.67255,bitcoin,2022,12,19,0,51,4,17183.413330512583,21295449232.48661,330599246798.04486,16847.788003678248,21126171035.17133,324013415820.4797,16806.48559206152,16623.75782614431,17338.358126632633,17183.413330512583,16847.788003678248
2022-12-20 00:00:00.000,16422.562273279298,17719672544.8918,316270478163.65466,bitcoin,2022,12,20,1,51,4,17075.265649809127,20736283996.115566,328535644443.53217,16838.115761927733,21355344577.004353,323850724810.14294,16742.816663834055,16806.48559206152,16623.75782614431,17075.265649809127,16838.115761927733
2022-12-21 00:00:00.000,16899.331969046758,24938219697.886032,325120443529.51874,bitcoin,2022,12,21,2,51,4,16948.861231951054,20164423636.157604,326109635959.93634,16857.95759904184,21663938508.60194,324242383790.38074,16422.562273279298,16742.816663834055,16806.48559206152,16948.861231951054,16857.95759904184
2022-12-22 00:00:00.000,16816.85370118997,16062767787.358068,323127932459.19025,bitcoin,2022,12,22,3,51,4,16807.16659316979,18563742367.378544,323314662014.76263,16891.374879719664,21164121531.60228,324885510588.8818,16899.331969046758,16422.562273279298,16742.816663834055,16807.16659316979,16891.374879719664
2022-12-23 00:00:00.000,16824.790162441503,17847826941.681046,323519254392.6745,bitcoin,2022,12,23,4,51,4,16733.799741142488,17862762389.359108,321838197446.4681,16913.146919190545,20922654123.03928,325287375822.28796,16816.85370118997,16899.331969046758,16422.562273279298,16733.799741142488,16913.146919190545
2022-12-24 00:00:00.000,16791.45543916491,16765392449.950891,323013370317.2425,bitcoin,2022,12,24,5,51,4,16757.756543002575,17079188280.098774,322412621671.5077,16919.26176764792,20586231206.565308,325404684415.9602,16824.790162441503,16816.85370118997,16899.331969046758,16757.756543002575,16919.26176764792
2022-12-25 00:00:00.000,16848.568708323422,10169853734.117493,324072643385.91296,bitcoin,2022,12,25,6,51,4,16763.768416754272,16376826839.86183,322552118247.5523,16927.67953264295,20226909233.456326,325575442161.6728,16791.45543916491,16824.790162441503,16816.85370118997,16763.768416754272,16927.67953264295
2022-12-26 00:00:00.000,16842.177039905502,12574453968.75801,323868581953.1157,bitcoin,2022,12,26,0,52,4,16777.96275619305,16582598160.663334,322713243457.32996,16938.2704670491,20014957079.489384,325773732093.06384,16848.568708323422,16791.45543916491,16824.790162441503,16777.96275619305,16938.2704670491
2022-12-27 00:00:00.000,16900.081871938084,12574997282.039291,325036912914.6697,bitcoin,2022,12,27,1,52,4,16846.179841715733,15847644551.684404,323965591278.90344,16953.06799403048,19826023018.565586,326068067012.8901,16842.177039905502,16848.568708323422,16791.45543916491,16846.179841715733,16953.06799403048
2022-12-28 00:00:00.000,16701.840210667935,17436062121.5136,321351469136.8621,bitcoin,2022,12,28,2,52,4,16817.966733375906,14775907755.05977,323427166365.6669,16961.15768292755,19855497672.076527,326230193754.27075,16900.081871938084,16842.177039905502,16848.568708323422,16817.966733375906,16961.15768292755
2022-12-29 00:00:00.000,16538.906094001977,19113614755.87469,318288869204.81464,bitcoin,2022,12,29,3,52,4,16778.259932349047,15211743036.276432,322735871615.0417,16971.714195103243,19673749603.46527,326446123011.0497,16701.840210667935,16900.081871938084,16842.177039905502,16778.259932349047,16971.714195103243
2022-12-30 00:00:00.000,16644.379087037905,15683731676.998154,320297298175.8769,bitcoin,2022,12,30,4,52,4,16752.486921577103,14902586569.89316,322275592155.4992,16978.460832057204,19374439478.32014,326583669506.04486,16538.906094001977,16701.840210667935,16900.081871938084,16752.486921577103,16978.460832057204
2022-12-31 00:00:00.000,16604.020520373393,17497327983.349342,319722045805.09534,bitcoin,2022,12,31,5,52,4,16725.71050460689,15007148788.950085,321805402939.47815,16959.044763667443,18935148625.92101,326215624279.3245,16644.379087037905,16538.906094001977,16701.840210667935,16725.71050460689,16959.044763667443
2023-01-01 00:00:00.000,16540.693624776803,12013247678.029589,318278329991.7019,bitcoin,2023,1,1,6,52,1,16681.728349814515,15270490780.937527,320977643883.1623,16944.643415800852,18558271147.676525,325953504702.6267,16604.020520373393,16644.379087037905,16538.906094001977,16681.728349814515,16944.643415800852
2023-01-02 00:00:00.000,16615.969318012816,9799252684.089952,319832024054.6308,bitcoin,2023,1,2,0,1,1,16649.412960972702,14874033454.556376,320400992754.8073,16929.013281718922,18186731798.092354,325675293314.71,16540.693624776803,16604.020520373393,16644.379087037905,16649.412960972702,16929.013281718922
2023-01-03 00:00:00.000,16674.342536301097,13023861027.769472,321486454934.26776,bitcoin,2023,1,3,1,1,1,16617.164484453133,14938156846.803543,319893784471.89276,16920.711937259613,18056480227.21966,325508233725.7646,16615.969318012816,16540.693624776803,16604.020520373393,16617.164484453133,16920.711937259613
2023-01-04 00:00:00.000,16677.646185850346,15367167883.495031,321080820418.184,bitcoin,2023,1,4,2,1,1,16613.708195193474,14642600527.086605,319855120369.2245,16904.969085089197,17961574046.631577,325226096103.2486,16674.342536301097,16615.969318012816,16540.693624776803,16613.708195193474,16904.969085089197
2023-01-05 00:00:00.000,16855.1747387671,20836560771.723637,324397588037.39484,bitcoin,2023,1,5,3,1,1,16658.889430159925,14888735672.207884,320727794488.1645,16901.02915712965,17882658831.891376,325151491120.6178,16677.646185850346,16674.342536301097,16615.969318012816,16658.889430159925,16901.02915712965
2023-01-06 00:00:00.000,16832.098988497855,14919039445.1069,324138957221.0557,bitcoin,2023,1,6,4,1,1,16685.706558939917,14779493924.794847,321276602923.19006,16892.577685371198,17679089263.021645,325019184300.75714,16855.1747387671,16677.646185850346,16674.342536301097,16685.706558939917,16892.577685371198
2023-01-07 00:00:00.000,16960.23206247515,19046576249.72856,326571439011.6566,bitcoin,2023,1,7,5,1,1,16736.593922097312,15000815105.706163,322255087666.9845,16896.20863849931,17607570804.492477,325098943002.58624,16832.098988497855,16855.1747387671,16677.646185850346,16736.593922097312,16896.20863849931
2023-01-08 00:00:00.000,16950.861521853905,9594456673.448977,326371741274.41095,bitcoin,2023,1,8,6,1,1,16795.189335965468,14655273533.623219,323411289278.8001,16886.736883961366,17171585040.765648,324931672366.547,16960.23206247515,16832.098988497855,16855.1747387671,16795.189335965468,16886.736883961366
2023-01-09 00:00:00.000,17074.61539572674,11841041542.993702,328470896861.37854,bitcoin,2023,1,9,0,2,1,16860.710204210314,14946957656.323755,324645413965.4784,16884.229923688083,16793625431.226433,324888809318.63763,16950.861521853905,16960.23206247515,16832.098988497855,16860.710204210314,16884.229923688083
2023-01-10 00:00:00.000,17194.90932945318,25532751567.19817,331158152699.25574,bitcoin,2023,1,10,1,2,1,16935.076888946325,16733942019.099283,326027085074.7623,16886.548070413555,17170238200.471561,324951308189.7957,17074.61539572674,16950.861521853905,16960.23206247515,16935.076888946325,16886.548070413555
2023-01-11 00:00:00.000,17436.90232978116,21858206845.29233,335743942932.3494,bitcoin,2023,1,11,2,2,1,17043.542052365014,17661233299.35604,328121816862.5003,16897.743547415164,17376140931.3567,325180479148.70764,17194.90932945318,17074.61539572674,16950.861521853905,17043.542052365014,16897.743547415164
2023-01-12 00:00:00.000,17996.832553741606,25439279072.98185,345688973386.69006,bitcoin,2023,1,12,3,2,1,17206.6360259328,18318764485.25007,331163443340.971,16924.98476459977,17502989260.473125,325679588440.0892,17436.90232978116,17194.90932945318,17074.61539572674,17206.6360259328,16924.98476459977
2023-01-13 00:00:00.000,18866.810330617045,48025109150.17737,363381125082.7658,bitcoin,2023,1,13,4,2,1,17497.30907480697,23048203014.54585,336769467321.21533,16961.073012485227,18139118158.22598,326388875845.6917,17996.832553741606,17436.90232978116,17194.90932945318,17497.30907480697,16961.073012485227
2023-01-14 00:00:00.000,19941.780543296303,39514419053.17687,382675302196.4898,bitcoin,2023,1,14,5,2,1,17923.244572067135,25972180557.89561,344784304919.04865,17032.175158173144,18547347571.03816,327721627583.0612,18866.810330617045,17996.832553741606,17436.90232978116,17923.244572067135,17032.175158173144
2023-01-15 00:00:00.000,21019.20661402266,49498711311.53301,405209898132.0056,bitcoin,2023,1,15,6,2,1,18504.43672809124,31672788363.33619,356046898755.84784,17154.87010775281,19438815055.162025,330100140641.77014,19941.780543296303,18866.810330617045,17996.832553741606,18504.43672809124,17154.87010775281
2023-01-16 00:00:00.000,20853.230569490253,23072133987.553684,401697403586.5178,bitcoin,2023,1,16,0,3,1,19044.23889577174,33277230141.13047,366507828288.0106,17295.852532531007,19466205814.254707,332856974069.9219,21019.20661402266,19941.780543296303,18866.810330617045,19044.23889577174,17295.852532531007
2023-01-17 00:00:00.000,21175.33773662521,34809391745.54498,407760358639.0028,bitcoin,2023,1,17,1,3,1,19612.871525367747,34602464452.322876,377451000565.1173,17441.4809373498,20123639411.91367,335679113779.4353,20853.230569490253,21019.20661402266,19941.780543296303,19612.871525367747,17441.4809373498
2023-01-18 00:00:00.000,21156.78393116713,33278841336.508595,407405144842.9396,bitcoin,2023,1,18,2,3,1,20144.2831827086,36233983665.35377,387688315123.773,17588.613179594235,20861798965.692368,338501261758.0442,21175.33773662521,20853.230569490253,21019.20661402266,20144.2831827086,17588.613179594235
2023-01-19 00:00:00.000,20726.844969426445,40612056908.80891,399349603616.14526,bitcoin,2023,1,19,3,3,1,20534.284956377865,38401523356.1862,395354119442.26666,17732.089269465807,21624878444.48961,341270565939.7939,21156.78393116713,21175.33773662521,20853.230569490253,20534.284956377865,17732.089269465807
2023-01-20 00:00:00.000,21081.67102220433,29144534677.57505,406258441952.3726,bitcoin,2023,1,20,4,3,1,20850.693626604618,35704298431.52873,401479450423.6391,17871.500571237724,21765088943.812576,343975165887.22235,20726.844969426445,21156.78393116713,21175.33773662521,20850.693626604618,17871.500571237724
2023-01-21 00:00:00.000,22705.83367889906,41321936668.62795,436724993652.4275,bitcoin,2023,1,21,5,3,1,21245.558360262155,35962515233.73602,409200834917.3444,18067.799903828025,22607061239.854904,347761734593.6635,21081.67102220433,20726.844969426445,21156.78393116713,21245.558360262155,18067.799903828025
2023-01-22 00:00:00.000,22771.023287021784,44077026803.66082,438578588179.0604,bitcoin,2023,1,22,6,3,1,21495.817884976317,35187988875.46857,413967790638.35223,18266.00767464737,23481367901.920895,351597045719.8764,22705.83367889906,21081.67102220433,20726.844969426445,21495.817884976317,18266.00767464737
2023-01-23 00:00:00.000,22736.66142892971,34124364415.43915,438060367560.3554,bitcoin,2023,1,23,0,4,1,21764.87943632481,36766878936.59506,419162499777.472,18464.18120763953,24060000300.770504,355431945627.9802,22771.023287021784,22705.83367889906,21081.67102220433,21764.87943632481,18464.18120763953
2023-01-24 00:00:00.000,22984.87497643721,36750647385.65293,442926343072.5924,bitcoin,2023,1,24,1,4,1,22023.384756297954,37044201170.8962,424186211839.41327,18668.72474990999,24946026755.82169,359393735617.53613,22736.66142892971,22771.023287021784,22705.83367889906,22023.384756297954,18668.72474990999
2023-01-25 00:00:00.000,22610.01059827285,35621897292.95152,435679436196.35767,bitcoin,2023,1,25,2,4,1,22230.98856588448,37378923450.38805,428225396318.4731,18860.985868522235,25714274866.628136,363120764092.3109,22984.87497643721,22736.66142892971,22771.023287021784,22230.98856588448,18860.985868522235
2023-01-26 00:00:00.000,23180.422697874263,42772537174.72366,446715261348.7517,bitcoin,2023,1,26,3,4,1,22581.499669948458,37687563488.37587,434991918851.7025,19070.33056272011,26720859529.717613,367176709040.1136,22610.01059827285,22984.87497643721,22736.66142892971,22581.499669948458,19070.33056272011
2023-01-27 00:00:00.000,23024.74618081709,37099702812.22777,444005849172.13904,bitcoin,2023,1,27,4,4,1,22859.081835464567,38824016079.04054,440384405597.3834,19281.09409505841,27376314219.40809,371265188374.6229,23180.422697874263,22610.01059827285,22984.87497643721,22859.081835464567,19281.09409505841
2023-01-28 00:00:00.000,23082.858382122955,36109035905.258965,444898315874.05536,bitcoin,2023,1,28,5,4,1,22912.942507353695,38079315969.98783,441552023057.6161,19499.225837995775,27942828257.720894,375485503263.5976,23024.74618081709,23180.422697874263,22610.01059827285,22912.942507353695,19499.225837995775
2023-01-29 00:00:00.000,23022.23299135344,19567219823.87809,443702765526.11646,bitcoin,2023,1,29,6,4,1,22948.8296079725,34577914972.876015,442284048392.9097,19711.82096813963,28072277862.616894,379599018841.9389,23082.858382122955,23024.74618081709,23180.422697874263,22948.8296079725,19711.82096813963
2023-01-30 00:00:00.000,23797.46089488124,38438621263.58117,458368002025.743,bitcoin,2023,1,30,0,5,1,23100.37238882272,35194237379.75344,445185139030.82227,19951.602313956555,28770320971.957954,384220550715.9605,23022.23299135344,23082.858382122955,23024.74618081709,23100.37238882272,19951.602313956555
2023-01-31 00:00:00.000,22840.385858797104,38594596831.97205,439295730927.16473,bitcoin,2023,1,31,1,5,1,23079.731086302705,35457658729.2276,444666480152.904,20161.59205509057,29656365943.75604,388254464080.4759,23797.46089488124,23022.23299135344,23082.858382122955,23079.731086302705,20161.59205509057
2023-02-01 00:00:00.000,23137.323554088376,32683643418.329483,445991168199.3282,bitcoin,2023,2,1,2,5,1,23155.061508562067,35037908175.71017,446139584724.7569,20378.97052962642,30419178968.230694,392459768885.29913,22840.385858797104,23797.46089488124,23022.23299135344,23155.061508562067,20378.97052962642
2023-02-02 00:00:00.000,23725.16179614224,37452064508.17389,457383099382.75,bitcoin,2023,2,2,3,5,1,23232.881379743205,34277840651.917347,447663561586.7567,20613.997838287793,31233452417.577503,396989657033.5819,23137.323554088376,22840.385858797104,23797.46089488124,23232.881379743205,20613.997838287793
2023-02-03 00:00:00.000,23539.676770196525,44735297656.69828,453565018922.5452,bitcoin,2023,2,3,4,5,1,23306.4428925117,35368639915.41313,449029157265.38617,20842.73219109933,32212390076.684277,401405796983.7273,23725.16179614224,23137.323554088376,22840.385858797104,23306.4428925117,20842.73219109933
2023-02-04 00:00:00.000,23451.577650774638,41267040610.76361,452312595756.25696,bitcoin,2023,2,4,5,5,1,23359.11707374765,36105497730.48522,450088340105.7006,21062.61228816625,32893406071.318947,405669630574.356,23539.676770196525,23725.16179614224,23137.323554088376,23359.11707374765,21062.61228816625
2023-02-05 00:00:00.000,23340.34958553934,21063097082.257824,450197147854.798,bitcoin,2023,2,5,6,5,1,23404.562301488495,36319194481.682335,451016109009.798,21279.553974734295,33098207992.55731,409871570262.14746,23451.577650774638,23539.676770196525,23725.16179614224,23404.562301488495,21279.553974734295
2023-02-06 00:00:00.000,22946.286578591236,26678691424.549904,442933975658.56586,bitcoin,2023,2,6,0,6,1,23282.965970589925,34639204504.677864,448811248100.20123,21479.0891252715,33352611831.71802,413750321483.71106,23340.34958553934,23451.577650774638,23539.676770196525,23282.965970589925,21479.0891252715
2023-02-07 00:00:00.000,22786.483006387727,33963650031.470352,438726385719.1618,bitcoin,2023,2,7,1,6,1,23275.26556310287,33977640676.034763,448729913070.48663,21673.60984142263,34164918276.9854,417495476298.5361,22946.286578591236,23340.34958553934,23451.577650774638,23275.26556310287,21673.60984142263
2023-02-08 00:00:00.000,23294.9136483527,38850594358.69947,449391195299.20337,bitcoin,2023,2,8,2,6,1,23297.778433712057,34858633667.51619,449215631227.61163,21880.95311651016,35065236704.17559,421526152913.1302,22786.483006387727,22946.286578591236,23340.34958553934,23297.778433712057,21880.95311651016
2023-02-09 00:00:00.000,22947.50782856846,34247782005.793324,442518382691.6549,bitcoin,2023,2,9,3,6,1,23186.685009772948,34400879024.31896,447092100271.74084,22072.706399814004,35355737718.79543,425238160579.5436,23294.9136483527,22786.483006387727,22946.286578591236,23186.685009772948,22072.706399814004
2023-02-10 00:00:00.000,21820.88650809277,51161546272.35185,420790678627.7739,bitcoin,2023,2,10,4,6,1,22941.14354375812,35318914540.840904,442410051658.2021,22218.839205757722,36332515699.69741,428073051769.391,22947.50782856846,23294.9136483527,22786.483006387727,22941.14354375812,22218.839205757722
2023-02-11 00:00:00.000,21630.132979576298,42389972640.44812,417351358181.0193,bitcoin,2023,2,11,5,6,1,22680.937162158363,35479333402.22441,437415589147.4539,22339.949219952214,36897538818.61295,430461797929.202,21820.88650809277,22947.50782856846,23294.9136483527,22680.937162158363,22339.949219952214
2023-02-12 00:00:00.000,21889.432080049624,23574706405.838543,422107650473.77954,bitcoin,2023,2,12,6,6,1,22473.663232802686,35838134734.164505,433402803807.3084,22440.703278266632,36082525393.80167,432419348775.56915,21630.132979576298,21820.88650809277,22947.50782856846,22473.663232802686,22440.703278266632
2023-02-13 00:00:00.000,21779.87440384417,25877166000.55028,420218240428.1313,bitcoin,2023,2,13,0,7,1,22307.032922124537,35723631102.16456,430157698774.38916,22501.973073618232,35627950292.04745,433670780049.95715,21889.432080049624,21630.132979576298,21820.88650809277,22307.032922124537,22501.973073618232
2023-02-14 00:00:00.000,21807.834274723064,36761909546.14395,420838871938.8273,bitcoin,2023,2,14,1,7,1,22167.225960458156,36123382461.40365,427602339662.9128,22528.260662308243,35203390233.20114,434191745843.5179,21779.87440384417,21889.432080049624,21630.132979576298,22167.225960458156,22528.260662308243
2023-02-15 00:00:00.000,22220.070997481067,45363697019.73754,428649056117.7321,bitcoin,2023,2,15,2,7,1,22013.677010333635,37053825698.6948,424639176922.70264,22573.822009907934,35946442334.27393,435090134261.22504,21807.834274723064,21779.87440384417,21889.432080049624,22013.677010333635,22573.822009907934
2023-02-16 00:00:00.000,24307.8751016316,44336284482.19016,468820317786.9533,bitcoin,2023,2,16,3,7,1,22208.015192199797,38495040338.18006,428396596222.03094,22678.239922074816,36264005425.495445,437125466232.8234,22220.070997481067,21807.834274723064,21779.87440384417,22208.015192199797,22678.239922074816
2023-02-17 00:00:00.000,23756.907281577434,48144978044.45546,459293697174.9459,bitcoin,2023,2,17,4,7,1,22484.589588411898,38064102019.90915,433897027443.05554,22764.910700421828,36759543315.76034,438855084643.8903,24307.8751016316,22220.070997481067,21807.834274723064,22484.589588411898,22764.910700421828
2023-02-18 00:00:00.000,24628.82455217312,54200707340.94142,475194230168.0997,bitcoin,2023,2,18,5,7,1,22912.97409878287,39751349834.265335,442160294869.78125,22894.976686513382,37212498330.16476,441383238862.28876,23756.907281577434,24307.8751016316,22220.070997481067,22912.97409878287,22894.976686513382
2023-02-19 00:00:00.000,24642.79087073843,24900444765.27695,475529620771.9494,bitcoin,2023,2,19,6,7,1,23306.31106888127,39940741028.470825,449792004912.377,23013.680681464513,37071028666.421486,443692278156.27466,24628.82455217312,23756.907281577434,24307.8751016316,23306.31106888127,23013.680681464513
2023-02-20 00:00:00.000,24284.478003714703,33664683478.33256,470798520570.0436,bitcoin,2023,2,20,0,8,1,23664.111583148486,41053243525.29686,457017759218.36444,23066.302158958373,36815786893.41164,444828062386.8619,24642.79087073843,24628.82455217312,23756.907281577434,23664.111583148486,23066.302158958373
2023-02-21 00:00:00.000,24786.665940845705,38997046274.497246,478236525469.6496,bitcoin,2023,2,21,1,8,1,24089.658964023147,41372548772.204475,465217424008.482,23133.49024741917,36646454209.106186,446149993629.88153,24284.478003714703,24642.79087073843,24628.82455217312,24089.658964023147,23133.49024741917
2023-02-22 00:00:00.000,24417.38703630947,41991954878.4476,470623925511.17865,bitcoin,2023,2,22,2,8,1,24403.561255284352,40890871323.44878,471213833921.8314,23189.514434331828,36908707224.5398,447235445561.57556,24786.665940845705,24284.478003714703,24642.79087073843,24403.561255284352,23189.514434331828
2023-02-23 00:00:00.000,24146.101364545226,40336608135.49699,465998918250.2451,bitcoin,2023,2,23,3,8,1,24380.45072141487,40319488988.206894,470810776845.1588,23228.221980602095,37028239249.5346,448004531400.83075,24417.38703630947,24786.665940845705,24284.478003714703,24380.45072141487,23228.221980602095
2023-02-24 00:00:00.000,23951.11098423326,42356618035.349625,461042830140.0772,bitcoin,2023,2,24,4,8,1,24408.194107508556,39492580415.477486,471060652983.0347,23272.925326800778,37252729940.94787,448849977865.62134,24146.101364545226,24417.38703630947,24786.665940845705,24408.194107508556,23272.925326800778
2023-02-25 00:00:00.000,23172.286538018925,35081974267.07997,447316067422.04736,bitcoin,2023,2,25,5,8,1,24200.117248343675,36761332833.49728,467078058305.02734,23272.654121472264,36996377844.02641,448870004734.73126,23951.11098423326,24146.101364545226,24417.38703630947,24200.117248343675,23272.654121472264
2023-02-26 00:00:00.000,23157.038107459524,22999909593.10942,447030240435.99854,bitcoin,2023,2,26,6,8,1,23987.866853589545,36489827808.90192,463006718257.0343,23277.06385236035,36526384736.722466,448970817776.8598,23172.286538018925,23951.11098423326,24146.101364545226,23987.866853589545,23277.06385236035
2023-02-27 00:00:00.000,23541.11585449356,24469102669.371048,454284528651.5023,bitcoin,2023,2,27,0,9,1,23881.672260843665,35176173407.6217,460647576554.38556,23292.339101439364,36138386962.19288,449283691536.1081,23157.038107459524,23172.286538018925,23951.11098423326,23881.672260843665,23292.339101439364
2023-02-28 00:00:00.000,23518.12390627588,28832423816.47872,454364917718.867,bitcoin,2023,2,28,1,9,1,23700.451970190836,33724084485.047626,457237346875.7023,23308.868798603446,36447227095.279564,449639096609.19977,23541.11585449356,23157.038107459524,23172.286538018925,23700.451970190836,23308.868798603446
2023-03-01 00:00:00.000,23155.543746825795,25534054046.06684,446010055987.85736,bitcoin,2023,3,1,2,9,1,23520.188643121735,31372955794.707516,453721079800.9422,23287.471560334936,36017074854.695755,449227165074.6036,23518.12390627588,23541.11585449356,23157.038107459524,23520.188643121735,23287.471560334936
2023-03-02 00:00:00.000,23634.333489123783,32507897259.08433,456417315966.7193,bitcoin,2023,3,2,3,9,1,23447.078946632962,30254568526.648563,452352279474.7242,23313.93648134582,35814184868.93282,449797884575.92206,23155.543746825795,23518.12390627588,23541.11585449356,23447.078946632962,23313.93648134582
2023-03-03 00:00:00.000,23464.33654185282,27432755758.4402,453067155320.8529,bitcoin,2023,3,3,4,9,1,23377.539740578613,28122588201.37579,451212897357.6922,23324.836914271305,35639155280.26985,450033750813.3063,23634.333489123783,23155.543746825795,23518.12390627588,23377.539740578613,23324.836914271305
2023-03-04 00:00:00.000,22367.43302246967,34239649135.07021,431727585101.1504,bitcoin,2023,3,4,5,9,1,23262.560666928715,28002256039.660114,448985971311.84973,23279.579288482215,35532074767.83306,449178567003.9196,23464.33654185282,23634.333489123783,23155.543746825795,23262.560666928715,23279.579288482215
2023-03-05 00:00:00.000,22348.32991538815,13392431931.930376,431837491811.4938,bitcoin,2023,3,5,6,9,1,23147.03092520424,26629759230.920246,446815578651.2061,23239.86772665527,34487312577.00747,448454316100.21783,22367.43302246967,23464.33654185282,23634.333489123783,23147.03092520424,23239.86772665527
2023-03-06 00:00:00.000,22421.885805853268,16080097920.160831,433081135066.3954,bitcoin,2023,3,6,0,10,1,22987.140918255627,25431329981.033073,443786522424.7623,23205.544665157893,33647747820.654037,447813267410.5558,22348.32991538815,22367.43302246967,23464.33654185282,22987.140918255627,23205.544665157893
2023-03-07 00:00:00.000,22415.113659694827,21124920006.057716,432758824798.3097,bitcoin,2023,3,7,1,10,1,22829.5680258869,24330258008.115784,440699937721.82556,23174.70346762974,33649808584.7807,447231989975.33954,22421.885805853268,22348.32991538815,22367.43302246967,22829.5680258869,23174.70346762974
2023-03-08 00:00:00.000,22217.209884905325,27780357943.16268,427994888566.54205,bitcoin,2023,3,8,2,10,1,22695.520331326832,24651158564.84376,438126342375.92334,23150.400911173547,33686530802.067795,446734020405.6054,22415.113659694827,22421.885805853268,22348.32991538815,22695.520331326832,23150.400911173547
2023-03-09 00:00:00.000,21712.65119391273,28493032424.783108,419694984165.3824,bitcoin,2023,3,9,3,10,1,22420.99428915383,24077606445.657875,432880294975.73236,23114.60651742438,33504176881.844887,446099640353.81274,22217.209884905325,22415.113659694827,22421.885805853268,22420.99428915383,23114.60651742438
2023-03-10 00:00:00.000,20376.320007428807,40173833477.66077,392841773384.4403,bitcoin,2023,3,10,4,10,1,21979.849069950396,25897760405.546528,424276668984.8163,23017.320062726914,33548284852.47693,444214659623.3207,21712.65119391273,22217.209884905325,22415.113659694827,21979.849069950396,23017.320062726914
2023-03-11 00:00:00.000,20195.2289502733,51593890225.48742,390202255053.33545,bitcoin,2023,3,11,5,10,1,21669.534202493775,28376937704.17756,418344478977.98553,22925.577433450413,34126488459.800064,442470788702.0433,20376.320007428807,21712.65119391273,22217.209884905325,21669.534202493775,22925.577433450413
2023-03-12 00:00:00.000,20521.55615175117,37746654239.61721,394742728281.98926,bitcoin,2023,3,12,6,10,1,21408.5665219742,31856112319.561394,413045227045.1992,22882.266421572356,33679325392.042244,441602523690.5172,20195.2289502733,20376.320007428807,21712.65119391273,21408.5665219742,22882.266421572356
2023-03-13 00:00:00.000,22095.71339833569,36639901908.82403,425816781283.9279,bitcoin,2023,3,13,0,11,1,21361.970463757407,34793227175.0847,412007462219.1324,22897.785768864334,33487656367.654774,441884704460.61414,20521.55615175117,20195.2289502733,20376.320007428807,21361.970463757407,22897.785768864334
2023-03-14 00:00:00.000,24178.95532797469,66799159801.95812,466509005562.78174,bitcoin,2023,3,14,1,11,1,21613.947844940245,41318118574.49905,416828916614.057,22974.103210461843,34928471480.85876,443364749630.2475,22095.71339833569,20521.55615175117,20195.2289502733,21613.947844940245,22974.103210461843
2023-03-15 00:00:00.000,24758.765085827567,70714394276.37074,478406045309.6089,bitcoin,2023,3,15,2,11,1,21977.02715935771,47451552336.38592,424030510434.4951,23073.399566527954,36423045756.719444,445304343126.2968,24178.95532797469,22095.71339833569,20521.55615175117,21977.02715935771,23073.399566527954
2023-03-16 00:00:00.000,24470.88205445031,63107437928.81401,472833547484.0809,bitcoin,2023,3,16,3,11,1,22371.060139434507,52396467408.39033,431621733765.7378,23162.16782585219,37301230036.14177,447037498977.80524,24758.765085827567,24178.95532797469,22095.71339833569,22371.060139434507,23162.16782585219
2023-03-17 00:00:00.000,25161.27201752005,60688056874.81415,486375597562.7987,bitcoin,2023,3,17,4,11,1,23054.62471230468,55327070750.840805,444983708648.3604,23260.207859853494,37812042031.311,448961717025.97406,24470.88205445031,24758.765085827567,24178.95532797469,23054.62471230468,23260.207859853494
2023-03-18 00:00:00.000,27466.677829829863,64617615617.80156,530038219067.3334,bitcoin,2023,3,18,5,11,1,24093.403123669905,57187602949.742836,464960274936.07434,23365.50128412677,38488086402.49804,451002313735.3201,25161.27201752005,24470.88205445031,24758.765085827567,24093.403123669905,23365.50128412677
2023-03-19 00:00:00.000,27107.792183504385,46473651090.578415,523262280970.14777,bitcoin,2023,3,19,6,11,1,25034.293985348933,58434316785.59443,483320211034.38275,23477.197447524333,38432375504.035484,453134599861.8269,27466.677829829863,25161.27201752005,24470.88205445031,25034.293985348933,23477.197447524333
2023-03-20 00:00:00.000,28186.842652360127,46394763656.03816,546680822196.2155,bitcoin,2023,3,20,0,12,1,25904.455307352426,59827868463.767876,500586502593.28094,23595.798050863898,38172177381.20536,455517486262.76404,27107.792183504385,27466.677829829863,25161.27201752005,25904.455307352426,23595.798050863898
2023-03-21 00:00:00.000,27929.167733140293,55315948514.426994,538935400013.3555,bitcoin,2023,3,21,1,12,1,26440.199936661804,58187409708.40629,510933130371.93445,23705.343946277295,39186027506.17703,457631012237.4776,28186.842652360127,27107.792183504385,27466.677829829863,26440.199936661804,23705.343946277295
2023-03-22 00:00:00.000,28264.23961052235,34430928756.27183,545917428270.1058,bitcoin,2023,3,22,2,12,1,26940.982011618198,53004057491.249306,520577613652.0054,23838.00266650422,39211569015.44168,460134975827.4797,27929.167733140293,28186.842652360127,27107.792183504385,26940.982011618198,23838.00266650422
2023-03-23 00:00:00.000,27449.25483080736,35394833933.50181,530515158753.954,bitcoin,2023,3,23,3,12,1,27366.46383681206,49045114063.34756,528817843833.41583,23926.75562950294,39091495270.74183,461877596936.9565,28264.23961052235,27929.167733140293,28186.842652360127,27366.46383681206,23926.75562950294
2023-03-24 00:00:00.000,28459.735113552502,20360807194.56342,549578396178.6341,bitcoin,2023,3,24,4,12,1,27837.67285053098,43284078394.74031,537846815064.24945,24061.500565411043,38370457014.61235,464509412625.8717,27449.25483080736,28264.23961052235,27929.167733140293,27837.67285053098,24061.500565411043
2023-03-25 00:00:00.000,27595.4947483755,21551272690.41361,533634255119.3758,bitcoin,2023,3,25,5,12,1,27856.075267466076,37131743690.82775,538360534500.2555,24176.48034487205,37744279166.44291,466763923854.8427,28459.735113552502,27449.25483080736,28264.23961052235,27856.075267466076,24176.48034487205
2023-03-26 00:00:00.000,27670.199498496837,15053754845.31385,534960802333.31067,bitcoin,2023,3,26,6,12,1,27936.419169607856,32643187084.36138,540031751837.85016,24300.44996201417,36834183726.775055,469227856261.2838,27595.4947483755,28459.735113552502,27449.25483080736,27936.419169607856,24300.44996201417
2023-03-27 00:00:00.000,28048.46997853496,14450374261.063795,542675619058.77966,bitcoin,2023,3,27,0,13,1,27916.651644775684,28079702885.079334,539459579961.07367,24462.98941003137,36146463726.57451,472406507982.5082,27670.199498496837,27595.4947483755,28459.735113552502,27916.651644775684,24462.98941003137
2023-03-28 00:00:00.000,27182.299559950465,18519053231.63728,525230880103.1384,bitcoin,2023,3,28,1,13,1,27809.956191462854,22823003558.966515,537501791402.47125,24597.164791781066,35997101847.85877,475013195971.4129,28048.46997853496,27670.199498496837,27595.4947483755,27809.956191462854,24597.164791781066
2023-03-29 00:00:00.000,27291.3500210497,17658503318.910484,528042785008.98267,bitcoin,2023,3,29,2,13,1,27670.971964395332,20426942782.200603,534948270936.5965,24722.172597332938,35770081869.510086,477471804516.66223,27182.299559950465,28048.46997853496,27670.199498496837,27670.971964395332,24722.172597332938
2023-03-30 00:00:00.000,28394.997780199057,21097595427.48953,548808373530.0567,bitcoin,2023,3,30,3,13,1,27806.078100022714,18384480138.484566,537561587333.18256,24884.735059797047,35512254256.543785,480619919710.3685,27291.3500210497,27182.299559950465,28048.46997853496,27806.078100022714,24884.735059797047
2023-03-31 00:00:00.000,28041.123080088284,22702531379.35043,542369769760.288,bitcoin,2023,3,31,4,13,1,27746.276380956402,18719012164.88271,536531783559.1331,25047.587704239126,35417870167.65324,483831910169.4495,28394.997780199057,27291.3500210497,27182.299559950465,27746.276380956402,25047.587704239126
2023-04-01 00:00:00.000,28516.78472968864,19112345639.962196,551707238559.8757,bitcoin,2023,4,1,5,13,2,27877.889235429702,18370594014.818226,539113638336.34735,25210.336078924625,34971351780.34916,487008240922.5548,28041.123080088284,28394.997780199057,27291.3500210497,27877.889235429702,25210.336078924625
2023-04-02 00:00:00.000,28498.94463304862,10085380788.870918,550949831049.3949,bitcoin,2023,4,2,6,13,2,27996.281397508534,17660826292.469234,541397785295.788,25378.156348631146,34393105948.03019,490270996780.17285,28516.78472968864,28041.123080088284,28394.997780199057,27996.281397508534,25378.156348631146
2023-04-03 00:00:00.000,28236.508738939792,11682876586.814528,545181408318.2205,bitcoin,2023,4,3,0,14,2,28023.14407756637,17265469481.862194,541755755189.99384,25573.79220584682,33641213529.754997,494052790887.4085,28498.94463304862,28516.78472968864,28041.123080088284,28023.14407756637,25573.79220584682
2023-04-04 00:00:00.000,27815.42653124798,19711493345.47604,539350908801.9282,bitcoin,2023,4,4,1,14,2,28113.590787751724,17435818069.553444,543772902146.9638,25756.028759708814,33851848910.20652,497636571453.7563,28236.508738939792,28498.94463304862,28516.78472968864,28113.590787751724,25756.028759708814
2023-04-05 00:00:00.000,28175.33033421539,14871614372.831093,544313567953.4008,bitcoin,2023,4,5,2,14,2,28239.87368963254,17037691077.25639,546097299710.45215,25947.81024398755,33811566125.295532,501344319216.6565,27815.42653124798,28236.508738939792,28498.94463304862,28239.87368963254,25947.81024398755
2023-04-06 00:00:00.000,28197.20034124555,16507617903.813946,545409754928.52686,bitcoin,2023,4,6,3,14,2,28211.61691263918,16381980002.445593,545611782767.37646,26140.54646670591,33657656055.220737,505099350220.9971,28175.33033421539,27815.42653124798,28236.508738939792,28211.61691263918,26140.54646670591
2023-04-07 00:00:00.000,28042.9833864884,13079528995.139923,542601176317.4441,bitcoin,2023,4,7,4,14,2,28211.882670696337,15007265376.129807,545644840846.97015,26334.738916758677,33167628423.61998,508919559812.6938,28197.20034124555,28175.33033421539,27815.42653124798,28211.882670696337,26334.738916758677
2023-04-08 00:00:00.000,27934.43871284895,10141276803.893911,540432353743.3232,bitcoin,2023,4,8,5,14,2,28128.690382576384,13725684113.834335,544034143016.03406,26542.131834056552,32555903236.257008,512944138798.6252,28042.9833864884,28197.20034124555,28175.33033421539,28128.690382576384,26542.131834056552
2023-04-09 00:00:00.000,27968.12804705512,8844199146.1801,541094458101.4472,bitcoin,2023,4,9,6,14,2,28052.859441720164,13548372450.59279,542626232594.89874,26795.1921020441,31511582091.874317,517885894955.8587,27934.43871284895,28042.9833864884,28197.20034124555,28052.859441720164,26795.1921020441
2023-04-10 00:00:00.000,28351.23699385011,11429030269.731691,548568597244.1978,bitcoin,2023,4,10,0,15,2,28069.249192421645,13512108691.009527,543110116727.18115,27067.05903682999,30172753426.682457,523164773028.8875,27968.12804705512,27934.43871284895,28042.9833864884,28069.249192421645,27067.05903682999
2023-04-11 00:00:00.000,29657.97413687356,17475381731.251884,574059578670.3654,bitcoin,2023,4,11,1,15,2,28332.47027893958,13192664174.691793,548068498136.9579,27371.60630300074,29497044343.07028,529142001375.1667,28351.23699385011,27968.12804705512,27934.43871284895,28332.47027893958,27371.60630300074
2023-04-12 00:00:00.000,30260.93610940865,18320296514.777645,585359301945.2595,bitcoin,2023,4,12,2,15,2,28630.413961110047,13685333052.112728,553932174421.5092,27643.780393369838,28886390829.935406,534460085397.21106,29657.97413687356,28351.23699385011,27968.12804705512,28630.413961110047,27643.780393369838
2023-04-13 00:00:00.000,29904.138694718906,18407698928.06657,578850627447.6105,bitcoin,2023,4,13,3,15,2,28874.26229732053,13956773198.43453,558709441924.2354,27834.619838927974,27273342134.13902,538204806126.7054,30260.93610940865,29657.97413687356,28351.23699385011,28874.26229732053,27834.619838927974
2023-04-14 00:00:00.000,30405.027312781145,16404033694.47376,587939018759.4221,bitcoin,2023,4,14,4,15,2,29211.697143933776,14431702441.196508,565186276558.8037,28022.82857982643,25462996781.40912,541855905241.69916,29904.138694718906,30260.93610940865,29657.97413687356,29211.697143933776,28022.82857982643
2023-04-15 00:00:00.000,30468.40870059078,20984067684.216217,589051372432.549,bitcoin,2023,4,15,5,15,2,29573.692856468322,15980672566.956839,572131850657.2645,28222.746134697776,24058884439.922523,545729832739.98145,30405.027312781145,29904.138694718906,30260.93610940865,29573.692856468322,28222.746134697776
2023-04-16 00:00:00.000,30312.16187965924,11028264273.146706,586969785778.0928,bitcoin,2023,4,16,6,15,2,29908.55483255463,16292681870.80921,578685468896.7853,28394.44246343575,22403558019.866943,549082972347.1579,30468.40870059078,30405.027312781145,29904.138694718906,29908.55483255463,28394.44246343575
2023-04-17 00:00:00.000,30304.807514785844,11188035367.077024,586268225587.8677,bitcoin,2023,4,17,0,16,2,30187.636335545445,16258254027.57283,584071130088.7382,28489.046786267612,20622572011.509457,550957305897.8424,30312.16187965924,30468.40870059078,30405.027312781145,30187.636335545445,28489.046786267612
2023-04-18 00:00:00.000,29467.459829260344,16771824487.579355,569958059900.5195,bitcoin,2023,4,18,1,16,2,30160.420005886415,16157745849.905325,583485198835.9031,28567.70237445948,19632511124.74282,552513831862.1881,30304.807514785844,30312.16187965924,30468.40870059078,30160.420005886415,28567.70237445948
2023-04-19 00:00:00.000,30365.90416754141,18078539248.52104,587730212230.9563,bitcoin,2023,4,19,2,16,2,30175.41544276252,16123209097.58295,583823900305.2882,28640.337758298858,18688636977.825584,553882144863.3461,29467.459829260344,30304.807514785844,30312.16187965924,30175.41544276252,28640.337758298858
2023-04-20 00:00:00.000,28833.217501221105,24136616861.63636,558796473890.5958,bitcoin,2023,4,20,3,16,2,30022.426700834265,16941625945.23578,580959021225.7147,28670.47275056822,17649325922.732563,554544180659.2542,30365.90416754141,29467.459829260344,30304.807514785844,30022.426700834265,28670.47275056822
2023-04-21 00:00:00.000,28255.57824866478,21695904964.79905,546141074655.3764,bitcoin,2023,4,21,4,16,2,29715.362548817644,17697607555.28225,574987886353.7083,28670.184038506297,17224825129.68347,554551635538.7632,28833.217501221105,30365.90416754141,29467.459829260344,29715.362548817644,28670.184038506297
2023-04-22 00:00:00.000,27300.15712851557,20420333533.71415,528357279464.0127,bitcoin,2023,4,22,5,16,2,29262.75518137833,17617074105.210526,566317301643.9174,28665.214115096573,16725675116.357216,554479706229.0984,28255.57824866478,28833.217501221105,30365.90416754141,29262.75518137833,28665.214115096573
2023-04-23 00:00:00.000,27861.640663476548,11700230849.968126,539454716829.9368,bitcoin,2023,4,23,6,16,2,28912.680721923654,17713069330.47073,559529434651.3236,28645.277633427373,16436989238.20404,554142250250.8085,27300.15712851557,28255.57824866478,28833.217501221105,28912.680721923654,28645.277633427373
2023-04-24 00:00:00.000,27606.578347653143,11435645306.771605,533753154140.2553,bitcoin,2023,4,24,0,17,2,28527.219412333274,17748442178.998528,552027281587.379,28645.64708673663,16099801658.749308,554146213551.5045,27861.640663476548,27300.15712851557,28255.57824866478,28527.219412333274,28645.64708673663
2023-04-25 00:00:00.000,27511.635682161308,16443099944.64734,532290845181.53394,bitcoin,2023,4,25,1,17,2,28247.815962747696,17701481530.00824,546646250913.2382,28640.361626192112,16146113162.060425,554057214979.7786,27606.578347653143,27861.640663476548,27300.15712851557,28247.815962747696,28640.361626192112
2023-04-26 00:00:00.000,28351.218248373007,17061823985.865343,548359667398.65234,bitcoin,2023,4,26,2,17,2,27960.003688580775,17556236492.485996,541021887365.7662,28650.453235186713,16233161486.220472,554246683257.7743,27511.635682161308,27606.578347653143,27861.640663476548,27960.003688580775,28650.453235186713
2023-04-27 00:00:00.000,28352.19132059668,30540034741.28477,548638734338.3676,bitcoin,2023,4,27,3,17,2,27891.285662777293,18471010475.29291,539570781715.4478,28689.44962720825,16633860869.875391,555026945065.6154,28351.218248373007,27511.635682161308,27606.578347653143,27891.285662777293,28689.44962720825
2023-04-28 00:00:00.000,29483.52170499186,26238597379.49954,570258039118.5771,bitcoin,2023,4,28,4,17,2,28066.7061565383,19119966534.53584,543016062353.048,28762.522016672996,16919864005.22836,556434120202.6018,28352.19132059668,28351.218248373007,27511.635682161308,28066.7061565383,28762.522016672996
2023-04-29 00:00:00.000,29339.99499754935,18730801539.181557,568153896404.9741,bitcoin,2023,4,29,5,17,2,28358.111566400272,18878604821.03118,548701293344.61383,28794.021923918,16840970875.618093,557078970965.0991,29483.52170499186,28352.19132059668,28351.218248373007,28358.111566400272,28794.021923918
2023-04-30 00:00:00.000,29217.944046809916,9711415138.827158,565714356650.6621,bitcoin,2023,4,30,6,17,2,28551.869192590755,18594488290.868187,552452670461.8604,28833.249289475392,16407933667.60065,557857123861.445,29339.99499754935,29483.52170499186,28352.19132059668,28551.869192590755,28833.249289475392
2023-05-01 00:00:00.000,29362.056213625398,14707008604.647,568513467268.4124,bitcoin,2023,5,1,0,18,2,28802.651744872503,19061825904.850388,557418429480.1686,28861.425005606616,16261089099.756811,558417331485.0627,29217.944046809916,29339.99499754935,29483.52170499186,28802.651744872503,28861.425005606616
2023-05-02 00:00:00.000,28125.501155636823,19980169281.008976,544421676291.20087,bitcoin,2023,5,2,1,18,2,28890.34681251186,19567121524.33062,559151405352.978,28848.97688969289,16590915382.828081,558199726326.4563,29362.056213625398,29217.944046809916,29339.99499754935,28890.34681251186,28848.97688969289
2023-05-03 00:00:00.000,28654.39013332672,17699097406.188805,554886795897.9369,bitcoin,2023,5,3,2,18,2,28933.657081790967,19658160584.37683,560083852281.4473,28862.906269505784,16791456076.807222,558523239245.7802,28125.501155636823,29362.056213625398,29217.944046809916,28933.657081790967,28862.906269505784
2023-05-04 00:00:00.000,28988.320996249277,19944381490.560024,561312171794.5802,bitcoin,2023,5,4,3,18,2,29024.532749741335,18144495834.273293,561894343346.6205,28902.0027516725,16799219014.97669,559255281345.5353,28654.39013332672,28125.501155636823,29362.056213625398,29024.532749741335,28902.0027516725
2023-05-05 00:00:00.000,28846.461458608057,12676760580.080193,558634329303.2208,bitcoin,2023,5,5,4,18,2,28933.524143115075,16207090577.213388,560233813372.9982,28924.37378915225,16726057221.88499,559732640057.1959,28988.320996249277,28654.39013332672,28125.501155636823,28933.524143115075,28924.37378915225
2023-05-06 00:00:00.000,29520.322268970496,4971523630.54862,571520224182.8824,bitcoin,2023,5,6,5,18,2,28959.285181889525,14241479447.408682,560714717341.2708,28968.477853409753,16341520746.10948,560602989032.3411,28846.461458608057,28988.320996249277,28654.39013332672,28959.285181889525,28968.477853409753
2023-05-07 00:00:00.000,28887.74104552337,6463808309.438925,559078681902.6073,bitcoin,2023,5,7,6,18,2,28912.113324562877,13777535614.638933,559766763805.8344,28996.636442044248,16120996723.25278,561152239218.5132,29520.322268970496,28846.461458608057,28988.320996249277,28912.113324562877,28996.636442044248
2023-05-08 00:00:00.000,28611.43919761457,10199066943.170338,554373015261.6681,bitcoin,2023,5,8,0,19,2,28804.882322275615,13133543948.713697,557746699233.4424,29019.20312486977,16122923061.228662,561616927935.7914,28887.74104552337,29520.322268970496,28846.461458608057,28804.882322275615,29019.20312486977
2023-05-09 00:00:00.000,27696.76078562556,21535578788.860283,536032086472.038,bitcoin,2023,5,9,1,19,2,28743.63369798829,13355745306.978168,556548186402.1334,29010.15754948878,16545969049.318,561448182214.811,28611.43919761457,28887.74104552337,29520.322268970496,28743.63369798829,29010.15754948878
2023-05-10 00:00:00.000,27607.39168091902,8876813250.933558,535037100026.6903,bitcoin,2023,5,10,2,19,2,28594.062490501477,12095418999.084564,553712515563.3839,28985.362705724416,16460895148.691397,560997132307.5608,27696.76078562556,28611.43919761457,28887.74104552337,28594.062490501477,28985.362705724416
2023-05-11 00:00:00.000,27639.73356593586,17159331951.189877,534937464538.75824,bitcoin,2023,5,11,3,19,2,28401.40714331385,11697554779.174543,549944700241.1237,28918.088020026495,16450360156.022663,559693061836.5072,27607.39168091902,27696.76078562556,28611.43919761457,28401.40714331385,28918.088020026495
2023-05-12 00:00:00.000,27024.76572929978,7754296234.077171,523414877659.3074,bitcoin,2023,5,12,4,19,2,28141.164896269805,10994345586.888395,544913350006.2789,28810.21567402286,16098160146.665981,557628247693.6422,27639.73356593586,27607.39168091902,27696.76078562556,28141.164896269805,28810.21567402286
2023-05-13 00:00:00.000,26787.69039591833,9157286238.193071,518816444750.7709,bitcoin,2023,5,13,5,19,2,27750.788914405213,11592311673.694746,537384238658.8343,28706.334064062845,15789813057.003532,555627108270.4142,27024.76572929978,27639.73356593586,27607.39168091902,27750.788914405213,28706.334064062845
2023-05-14 00:00:00.000,26798.126271474703,8365379054.202115,520426027097.3362,bitcoin,2023,5,14,6,19,2,27452.272518112546,11863964637.232344,531862430829.5098,28586.104029352628,15521857902.327812,553376675215.0114,26787.69039591833,27024.76572929978,27639.73356593586,27452.272518112546,28586.104029352628
2023-05-15 00:00:00.000,26911.805273213893,6019488454.419681,521319019334.69617,bitcoin,2023,5,15,0,20,2,27209.46767176959,11266881995.98225,527140431411.37103,28467.5505817734,15023038594.667927,551118930111.7495,26798.126271474703,26787.69039591833,27024.76572929978,27209.46767176959,28467.5505817734
2023-05-16 00:00:00.000,27227.793422558792,14570026781.747086,527655229433.8867,bitcoin,2023,5,16,1,20,2,27142.472334188624,10271803137.823223,525943737548.77795,28364.73829987005,15141097344.954607,549141778233.6094,26911.805273213893,26798.126271474703,26787.69039591833,27142.472334188624,28364.73829987005
2023-05-17 00:00:00.000,27022.713173921147,12927093920.902998,523965691858.8659,bitcoin,2023,5,17,2,20,2,27058.94683318893,10850414662.10457,524362107810.5174,28255.33515517456,15199065963.415472,547065027109.30927,27227.793422558792,26911.805273213893,26798.126271474703,27058.94683318893,28255.33515517456
2023-05-18 00:00:00.000,27389.971511442203,12580626234.913448,530762551513.4872,bitcoin,2023,5,18,3,20,2,27023.266539689834,10196313845.493652,523765691664.0501,28186.085544580626,15059359354.993273,545758510163.0749,27022.713173921147,27227.793422558792,26911.805273213893,27023.266539689834,28186.085544580626
2023-05-19 00:00:00.000,26842.95249471792,12599487111.93878,520544913836.41,bitcoin,2023,5,19,4,20,2,26997.293220463853,10888483970.902454,523355696832.2076,28068.653822153174,14876724283.773865,543519000216.59,27389.971511442203,27022.713173921147,27227.793422558792,26997.293220463853,28068.653822153174
2023-05-20 00:00:00.000,26884.371059589947,11559136131.368769,521153640362.9618,bitcoin,2023,5,20,5,20,2,27011.104743845517,11231605384.213268,523689581919.66345,28003.6922740988,14457474926.098278,542264239099.0022,26842.95249471792,27389.971511442203,27022.713173921147,27011.104743845517,28003.6922740988
2023-05-21 00:00:00.000,27093.79110149735,3882362454.219783,525040003344.1629,bitcoin,2023,5,21,6,20,2,27053.34257670589,10591174441.358648,524348721383.4958,27964.96603585989,13863690175.745636,541560870055.2951,26884.371059589947,26842.95249471792,27389.971511442203,27053.34257670589,27964.96603585989
2023-05-22 00:00:00.000,26773.83024366478,8125825605.684245,519171380714.0945,bitcoin,2023,5,22,0,21,2,27033.631858198878,10892079748.68216,524041915866.26697,27947.42180636486,13453873244.811306,541254673430.2978,27093.79110149735,26884.371059589947,26842.95249471792,27033.631858198878,27947.42180636486
2023-05-23 00:00:00.000,26869.686021790774,8025716966.179398,520821915713.9187,bitcoin,2023,5,23,1,21,2,26982.47365808916,9957178346.458204,523065728191.98584,27914.356651642,13331389448.685015,540633580059.76385,26773.83024366478,27093.79110149735,26884.371059589947,26982.47365808916,27914.356651642
2023-05-24 00:00:00.000,27222.937746603853,11685763863.312372,527528695688.7587,bitcoin,2023,5,24,2,21,2,27011.077168472402,9779845481.088114,523574728739.1134,27901.568631607024,13339726733.90304,540426098111.3807,26869.686021790774,26773.83024366478,27093.79110149735,27011.077168472402,27901.568631607024
2023-05-25 00:00:00.000,26338.948946998687,17477200137.10873,510987979871.2201,bitcoin,2023,5,25,3,21,2,26860.931087837613,10479356038.544582,520749789933.0752,27862.479073768267,13374196740.31842,539716002601.03687,27222.937746603853,26869.686021790774,26773.83024366478,26860.931087837613,27862.479073768267
2023-05-26 00:00:00.000,26475.607902534277,11953749225.494,513295724355.69904,bitcoin,2023,5,26,4,21,2,26808.45328895424,10387107769.052471,519714191435.83075,27799.95872890698,13203927581.639376,538547204499.6051,26338.948946998687,27222.937746603853,26869.686021790774,26808.45328895424,27799.95872890698
2023-05-27 00:00:00.000,26717.987553571777,10994037071.45216,517973731437.9403,bitcoin,2023,5,27,5,21,2,26784.684216665926,10306379331.921526,519259918732.25635,27745.485270006153,12552394325.978289,537525037736.25757,26475.607902534277,26338.948946998687,27222.937746603853,26784.684216665926,27745.485270006153
2023-05-28 00:00:00.000,26848.23993959246,6029471707.897409,520461980942.25433,bitcoin,2023,5,28,6,21,2,26749.605479250946,10613109225.304045,518605915531.9837,27657.642544492835,11878756803.591553,535865169130.38007,26717.987553571777,26475.607902534277,26338.948946998687,26749.605479250946,27657.642544492835
2023-05-29 00:00:00.000,28110.313467609285,13144599279.47902,544879177078.8053,bitcoin,2023,5,29,0,22,2,26940.53165410016,11330076892.989012,522278457869.7995,27616.6531601615,11692550061.601467,535089345152.84106,26848.23993959246,26717.987553571777,26475.607902534277,26940.53165410016,27616.6531601615
2023-05-30 00:00:00.000,27759.74666392068,13483205892.539597,538430950369.49817,bitcoin,2023,5,30,1,22,2,27067.68317440443,12109718168.183325,524794034249.16797,27568.046580731858,11818276420.05855,534179898276.8023,28110.313467609285,26848.23993959246,26717.987553571777,27067.68317440443,27568.046580731858
2023-05-31 00:00:00.000,27713.908547529507,12766436369.815956,537414074116.4985,bitcoin,2023,5,31,2,22,2,27137.821860250955,12264099954.826696,526206231167.4165,27513.108325195328,11753590678.897512,533143251838.4052,27759.74666392068,28110.313467609285,26848.23993959246,27137.821860250955,27513.108325195328
2023-06-01 00:00:00.000,27245.474465179723,10001106221.647074,528464394082.93866,bitcoin,2023,6,1,3,22,2,27267.325505705387,11196086538.332172,528702861769.0905,27483.774102180094,11420955243.58545,532611342431.4631,27713.908547529507,27759.74666392068,28110.313467609285,27267.325505705387,27483.774102180094
2023-06-02 00:00:00.000,26824.10149951678,12156086970.872988,520271910707.11273,bitcoin,2023,6,2,4,22,2,27317.110305274316,11224991930.529171,529699459819.29254,27422.7644810531,11236188229.074923,531457512925.10236,27245.474465179723,27713.908547529507,27759.74666392068,27317.110305274316,27422.7644810531
2023-06-03 00:00:00.000,27247.74008145703,15428145241.775955,528508990069.2122,bitcoin,2023,6,3,5,22,2,27392.78923782935,11858435954.861143,531204496766.6171,27364.745117226685,11085647020.782118,530364073534.2568,26824.10149951678,27245.474465179723,27713.908547529507,27392.78923782935,27364.745117226685
2023-06-04 00:00:00.000,27066.371328526235,6673279605.629511,525209390395.5061,bitcoin,2023,6,4,6,22,2,27423.950864819893,11950408511.680014,531882698117.0816,27305.408779557292,10885530988.300432,529249908903.9996,27247.74008145703,26824.10149951678,27245.474465179723,27423.950864819893,27305.408779557292
2023-06-05 00:00:00.000,27315.447587487684,6098045626.047618,529630092281.3869,bitcoin,2023,6,5,0,23,2,27310.39859623109,10943757989.761242,529704257431.7362,27231.912956841195,10923081721.48373,527853571173.94977,27066.371328526235,27247.74008145703,26824.10149951678,27310.39859623109,27231.912956841195
2023-06-06 00:00:00.000,25792.6160902334,21208433571.87331,500593893699.2183,bitcoin,2023,6,6,1,23,2,27029.379942847194,12047361943.951773,524298963621.6962,27128.7421249982,11414569230.231543,525904078233.8368,27315.447587487684,27066.371328526235,27247.74008145703,27029.379942847194,27128.7421249982
2023-06-07 00:00:00.000,27216.61556469773,22188018260.83246,527295592028.0809,bitcoin,2023,6,7,2,23,2,26958.33808815694,13393302214.096987,522853466180.4937,27082.248003900975,11814200940.82028,525001497459.38385,25792.6160902334,27315.447587487684,27066.371328526235,26958.33808815694,27082.248003900975
2023-06-08 00:00:00.000,26346.244545137637,14723854336.09437,510979921090.6337,bitcoin,2023,6,8,3,23,2,26829.87667100807,14067980516.160889,520355684324.4502,27037.230795884712,11587143459.061419,524166425280.00366,27216.61556469773,25792.6160902334,27315.447587487684,26829.87667100807,27037.230795884712
2023-06-09 00:00:00.000,26507.90989220298,10197924963.780262,514279355771.4992,bitcoin,2023,6,9,4,23,2,26784.706441391812,13788243086.576214,519499605047.93396,27000.581402927506,11631180516.156307,523474500471.4973,26346.244545137637,27216.61556469773,25792.6160902334,26784.706441391812,27000.581402927506
2023-06-10 00:00:00.000,26469.581684007026,10464066236.48124,513226142603.1213,bitcoin,2023,6,10,5,23,2,26673.540956041812,13079088942.96268,517316341124.2066,26961.576340196545,11408004992.332685,522750789740.30945,26507.90989220298,26346.244545137637,27216.61556469773,26673.540956041812,26961.576340196545
2023-06-11 00:00:00.000,25858.12289218562,9755626714.244692,501653860264.2029,bitcoin,2023,6,11,6,23,2,26500.934036564584,13519424244.19342,513951265391.1634,26922.688245626072,11474716008.338268,522025422493.8059,26469.581684007026,26507.90989220298,26346.244545137637,26500.934036564584,26922.688245626072
2023-06-12 00:00:00.000,25916.57989637981,10439993428.365507,502683000962.43024,bitcoin,2023,6,12,0,24,2,26301.095794977744,14139702501.667404,510101680917.0267,26893.65122897479,11517472914.677351,521487641034.1945,25858.12289218562,26469.581684007026,26507.90989220298,26301.095794977744,26893.65122897479
2023-06-13 00:00:00.000,25910.362742919464,9761691909.31603,502562686069.16986,bitcoin,2023,6,13,1,24,2,26317.916745361465,12504453692.730652,510382936969.8769,26864.059111356284,11564016676.514479,520892196333.2557,25916.57989637981,25858.12289218562,26469.581684007026,26317.916745361465,26864.059111356284
2023-06-14 00:00:00.000,25872.20645879509,9921875985.888603,501752262681.7188,bitcoin,2023,6,14,2,24,2,26125.858301661094,10752147653.452957,506733889920.39655,26829.40581754232,11694096260.896778,520239971111.4898,25910.362742919464,25916.57989637981,25858.12289218562,26125.858301661094,26829.40581754232
2023-06-15 00:00:00.000,25107.754695880594,11982737579.702812,487262840554.6715,bitcoin,2023,6,15,3,24,2,25948.931180338655,10360559545.39702,503345735558.1163,26758.737859986384,11607853287.495302,518893558148.8493,25872.20645879509,25910.362742919464,25916.57989637981,25948.931180338655,26758.737859986384
2023-06-16 00:00:00.000,25564.599632887144,15184095954.029512,495788386559.1016,bitcoin,2023,6,16,4,24,2,25814.172571864965,11072869686.8612,500704168527.77374,26710.134075285245,11683086688.59952,517954314638.8572,25107.754695880594,25872.20645879509,25910.362742919464,25814.172571864965,26710.134075285245
2023-06-17 00:00:00.000,26327.3256694539,13604025863.641972,510906153487.6052,bitcoin,2023,6,17,5,24,2,25793.85028407166,11521435347.884161,500372741511.2715,26674.71254721897,11717200009.557138,517292434704.6611,25564.599632887144,25107.754695880594,25872.20645879509,25793.85028407166,26674.71254721897
2023-06-18 00:00:00.000,26501.044442233677,9533422254.890305,514331114457.8236,bitcoin,2023,6,18,6,24,2,25885.696219792815,11489691853.690678,502183777824.6458,26663.31561213616,11614997847.655523,517085308058.7082,26327.3256694539,25564.599632887144,25107.754695880594,25885.696219792815,26663.31561213616
2023-06-19 00:00:00.000,26333.092529664373,8589379740.11672,511384956032.88007,bitcoin,2023,6,19,0,25,2,25945.19802454775,11225318469.655136,503426914263.28156,26644.939661138644,11516005967.94712,516759685247.70544,26501.044442233677,26327.3256694539,25564.599632887144,25945.19802454775,26644.939661138644
2023-06-20 00:00:00.000,26779.38746152284,6651894946.454161,519667661979.1768,bitcoin,2023,6,20,1,25,2,26069.344412919658,10781061760.67487,505870482250.42535,26634.45953980616,11608323717.688267,516580607202.20593,26333.092529664373,26501.044442233677,26327.3256694539,26069.344412919658,26634.45953980616
2023-06-21 00:00:00.000,28330.891419807507,19958565664.552258,549330089183.52325,bitcoin,2023,6,21,2,25,2,26420.58512163572,12214874571.912533,512667314607.82605,26686.361579010918,12002748386.3172,517585897484.52026,26779.38746152284,26333.092529664373,26501.044442233677,26420.58512163572,26686.361579010918
2023-06-22 00:00:00.000,30101.76481948869,23757254196.777027,584070487996.789,bitcoin,2023,6,22,3,25,2,27134.01513929402,13896948374.35171,526496978528.1285,26794.097538934184,12527132960.670454,519694183227.2826,28330.891419807507,26779.38746152284,26333.092529664373,27134.01513929402,26794.097538934184
2023-06-23 00:00:00.000,29935.63210674956,19613389213.798763,581473706978.9268,bitcoin,2023,6,23,4,25,2,27758.448349845796,14529704554.318743,538737738588.1035,26884.520684272375,12791387139.02,521492350270.28815,30101.76481948869,28330.891419807507,26779.38746152284,27758.448349845796,26884.520684272375
2023-06-24 00:00:00.000,30629.24435333575,22630955878.97284,594588611688.3142,bitcoin,2023,6,24,5,25,2,28373.00816182891,15819265985.080296,550692375473.9191,27027.530531150278,12963178997.08214,524279037997.52466,29935.63210674956,30101.76481948869,28330.891419807507,28373.00816182891,27027.530531150278
2023-06-25 00:00:00.000,30537.816664634796,11736119929.84371,592912110031.5245,bitcoin,2023,6,25,6,25,2,28949.68990788621,16133937081.50221,561918231984.4479,27162.937489886957,12955924687.227129,526932917520.0522,30629.24435333575,29935.63210674956,30101.76481948869,28949.68990788621,27162.937489886957
2023-06-26 00:00:00.000,30454.75697441562,12076819255.30491,591387700082.1104,bitcoin,2023,6,26,0,26,2,29538.499114279253,16632142726.529097,573347195420.0521,27287.49647058175,12992017426.688887,529380049808.19116,30537.816664634796,30629.24435333575,29935.63210674956,29538.499114279253,27287.49647058175
2023-06-27 00:00:00.000,30285.50506407074,16032184116.631308,587134340343.6245,bitcoin,2023,6,27,1,26,2,30039.37305750038,17972184036.5544,582985292329.2589,27402.071974731032,13325441173.64668,531602461788.2369,30454.75697441562,30537.816664634796,30629.24435333575,30039.37305750038,27402.071974731032
2023-06-28 00:00:00.000,30693.54635606798,14411853963.110468,595427193050.2291,bitcoin,2023,6,28,2,26,2,30376.89519125188,17179796650.634146,589570592881.6455,27488.179737679653,13367682996.434397,533287395653.951,30285.50506407074,30454.75697441562,30537.816664634796,30376.89519125188,27488.179737679653
2023-06-29 00:00:00.000,30083.477245263824,8489428028.028098,584187696961.3756,bitcoin,2023,6,29,3,26,2,30374.282680648324,14998678626.527157,589587337019.4436,27565.637423724424,13201223734.284014,534812620540.3469,30693.54635606798,30285.50506407074,30454.75697441562,30374.282680648324,27565.637423724424
2023-06-30 00:00:00.000,30466.61045689353,12545425127.446297,591688337868.8445,bitcoin,2023,6,30,4,26,2,30450.13673066889,13988969471.333944,591046570003.7175,27657.39415403656,13193856692.871693,536621762665.42505,30083.477245263824,30693.54635606798,30285.50506407074,30450.13673066889,27657.39415403656
2023-07-01 00:00:00.000,30480.781481944465,21422361050.823097,591722375245.7673,bitcoin,2023,7,1,5,26,3,30428.927749041562,13816313067.312555,590637107654.7823,27765.237721262045,13574565187.177559,538730362037.5194,30466.61045689353,30083.477245263824,30693.54635606798,30428.927749041562,27765.237721262045
2023-07-02 00:00:00.000,30583.619599697537,4210431244.432685,593625140902.5646,bitcoin,2023,7,2,6,26,3,30435.471025479103,12741214683.682407,590738969207.788,27890.554991268076,13309709996.296215,541175469710.7011,30480.781481944465,30466.61045689353,30083.477245263824,30435.471025479103,27890.554991268076
2023-07-03 00:00:00.000,30571.887072871446,7236318143.905301,593627203721.8534,bitcoin,2023,7,3,0,27,3,30452.203896687075,12049714524.911037,591058898299.1799,28001.35989098189,13036649093.033863,543346076832.4558,30583.619599697537,30480.781481944465,30466.61045689353,30452.203896687075,28001.35989098189
2023-07-04 00:00:00.000,31134.713133508405,14755008156.77765,604507839820.0979,bitcoin,2023,7,4,1,27,3,30573.51933517817,11867260816.360514,593540826795.819,28136.971284481293,13306040044.7388,545989358479.9422,30571.887072871446,30583.619599697537,30480.781481944465,30573.51933517817,28136.971284481293
2023-07-05 00:00:00.000,30775.624022375305,12403890725.264544,598449423994.1252,bitcoin,2023,7,5,2,27,3,30585.244716079214,11580408925.239668,593972574073.5183,28252.31049897755,13516234881.379364,548283336203.70013,31134.713133508405,30571.887072871446,30583.619599697537,30585.244716079214,28252.31049897755
2023-07-06 00:00:00.000,30484.79377442352,10260132141.46154,592386606697.3153,bitcoin,2023,7,6,3,27,3,30642.575648816313,11833366655.73016,595143846892.9384,28408.716421783887,13151291500.365637,551343093303.6367,30775.624022375305,31134.713133508405,30571.887072871446,30642.575648816313,28408.716421783887
2023-07-07 00:00:00.000,29990.055151220247,21776707863.503357,583429029204.2451,bitcoin,2023,7,7,4,27,3,30574.49631943442,13152121332.30974,593963945655.1384,28501.1644080013,13137581153.788002,553214207876.1755,30484.79377442352,30775.624022375305,31134.713133508405,30574.49631943442,28501.1644080013
2023-07-08 00:00:00.000,30315.26540235163,13018507892.814608,588811434763.8912,bitcoin,2023,7,8,5,27,3,30550.85116520687,11951570881.16567,593548097014.8704,28633.465103241768,13080736272.34534,555808591665.284,29990.055151220247,30484.79377442352,30775.624022375305,30550.85116520687,28633.465103241768
2023-07-09 00:00:00.000,30264.19734525722,5608541981.756295,587678367157.9867,bitcoin,2023,7,9,6,27,3,30505.21941457254,12151300986.497614,592698557908.5021,28758.674685010243,12927756839.611212,558255225378.1671,30315.26540235163,29990.055151220247,30484.79377442352,30505.21941457254,28758.674685010243
2023-07-10 00:00:00.000,30169.87065747925,7559670230.189486,585883986681.1711,bitcoin,2023,7,10,0,28,3,30447.78849808794,12197494141.681067,591592384045.5475,28882.01765079265,12830943639.401485,560677153514.102,30264.19734525722,30315.26540235163,29990.055151220247,30447.78849808794,28882.01765079265
2023-07-11 00:00:00.000,30394.28114637557,12835219756.96589,590311894648.7518,bitcoin,2023,7,11,1,28,3,30342.012499926106,11923238655.993673,589564391878.2124,29033.222925932318,12933596740.825525,563632421326.9203,30169.87065747925,30264.19734525722,30315.26540235163,30342.012499926106,29033.222925932318
2023-07-12 00:00:00.000,30620.81424697801,11753418050.421658,594749192359.1351,bitcoin,2023,7,12,2,28,3,30319.89681772649,11830313988.158978,589035787358.928,29190.030737618923,12977377561.56073,566701294373.4772,30394.28114637557,30169.87065747925,30264.19734525722,30319.89681772649,29190.030737618923
2023-07-13 00:00:00.000,30407.41631435991,13072555444.26232,590629381260.7114,bitcoin,2023,7,13,3,28,3,30308.842894860263,12232088745.701946,588784755153.699,29339.932523333602,13087739679.392275,569636850879.8618,30620.81424697801,30394.28114637557,30169.87065747925,30308.842894860263,29339.932523333602
2023-07-14 00:00:00.000,31446.0149710716,21254274345.702217,610725509598.8464,bitcoin,2023,7,14,4,28,3,30516.837154839024,12157455386.016068,592684252352.9276,29525.72614040949,13465486291.38606,573269292443.7661,30407.41631435991,30620.81424697801,30394.28114637557,30516.837154839024,29525.72614040949
2023-07-15 00:00:00.000,30311.82780813052,21977151420.85325,588107447250.1327,bitcoin,2023,7,15,5,28,3,30516.346069950298,13437261604.307302,592583682708.1051,29699.195244151153,13798633419.424408,576630779333.6149,31446.0149710716,30407.41631435991,30620.81424697801,30516.346069950298,29699.195244151153
2023-07-16 00:00:00.000,30297.97140012553,6233916918.782722,588642134563.5204,bitcoin,2023,7,16,6,28,3,30521.170934931484,13526600881.025362,592721363766.0385,29856.9743030591,13500294118.249514,579725904267.0955,30311.82780813052,31446.0149710716,30407.41631435991,30521.170934931484,29856.9743030591
2023-07-17 00:00:00.000,30237.334785146097,8356410453.563714,586391434733.7153,bitcoin,2023,7,17,0,29,3,30530.808667455323,13640420912.935968,592793856344.9734,29987.30794024884,13325373604.580238,582242080308.6324,30297.97140012553,30311.82780813052,31446.0149710716,30530.808667455323,29987.30794024884
2023-07-18 00:00:00.000,30147.860079211525,10974383371.546566,585500720965.1113,bitcoin,2023,7,18,1,29,3,30495.60565786046,13374587143.590347,592106545818.739,30108.868461481434,13373405641.802114,584614400525.5421,30237.334785146097,30297.97140012553,30311.82780813052,30495.60565786046,30108.868461481434
2023-07-19 00:00:00.000,29848.03227250528,13152758553.030825,579708613537.5165,bitcoin,2023,7,19,2,29,3,30385.208232935784,13574492929.677372,589957891701.3649,30226.03311957613,13525518268.899252,586891855775.6967,30147.860079211525,30237.334785146097,30297.97140012553,30385.208232935784,30226.03311957613
2023-07-20 00:00:00.000,29919.87483825516,8545620844.326587,581327322356.8716,bitcoin,2023,7,20,3,29,3,30315.5594506351,12927787986.82941,588629026143.6735,30330.716032133878,13588642465.494999,588947177788.2865,29848.03227250528,30147.860079211525,30237.334785146097,30315.5594506351,30330.716032133878
2023-07-21 00:00:00.000,29787.041530355687,11117456853.464512,579308712612.258,bitcoin,2023,7,21,4,29,3,30078.563244818542,11479671202.224026,584140912288.4465,30379.254369152146,13293938838.458742,589946465235.9109,29919.87483825516,29848.03227250528,30147.860079211525,30078.563244818542,30379.254369152146
2023-07-22 00:00:00.000,29914.68272835899,8492627980.9282,581397880391.4172,bitcoin,2023,7,22,5,29,3,30021.828233422606,9553310710.806162,583182402737.2014,30373.018299447827,12785117964.597113,589857378315.7318,29787.041530355687,29919.87483825516,29848.03227250528,30021.828233422606,30373.018299447827
2023-07-23 00:00:00.000,29710.155935991766,6745541064.873876,577068525402.119,bitcoin,2023,7,23,6,29,3,29937.854595689216,9626399874.533468,581529029999.8584,30365.502427089228,12356189692.966284,589710538929.8383,29914.68272835899,29787.041530355687,29919.87483825516,29937.854595689216,30365.502427089228
2023-07-24 00:00:00.000,30057.956718714588,7427606999.412798,584296796267.4817,bitcoin,2023,7,24,0,30,3,29912.229157627567,9493713666.797623,581229795933.2537,30346.459505935192,11849411396.98095,589367478415.8105,29710.155935991766,29914.68272835899,29787.041530355687,29912.229157627567,30346.459505935192
2023-07-25 00:00:00.000,29184.901913057693,15195244950.83804,567051778655.836,bitcoin,2023,7,25,1,30,3,29774.663705319876,10096693892.41069,578594232746.2144,30301.36234754929,11964715564.34743,588505467369.9542,30057.956718714588,29710.155935991766,29914.68272835899,29774.663705319876,30301.36234754929
2023-07-26 00:00:00.000,29222.974630383527,7929844775.363448,568019115128.7598,bitcoin,2023,7,26,2,30,3,29685.369756445347,9350563352.743923,576924304402.1062,30260.302936081553,11826483081.68271,587726514538.1759,29184.901913057693,30057.956718714588,29710.155935991766,29685.369756445347,30260.302936081553
2023-07-27 00:00:00.000,29363.672907978616,13088677750.42505,570531781624.6747,bitcoin,2023,7,27,3,30,3,29605.912337834412,9999571482.18656,575382084297.5067,30229.575197545146,11728366202.80917,587173095914.2109,29222.974630383527,29184.901913057693,30057.956718714588,29605.912337834412,30229.575197545146
2023-07-28 00:00:00.000,29200.244001291318,9047649539.81237,567708714251.7643,bitcoin,2023,7,28,4,30,3,29522.08411939664,9703884723.093397,573724941674.579,30179.798452385927,11549559388.699232,586249146620.9287,29363.672907978616,29222.974630383527,29184.901913057693,29522.08411939664,30179.798452385927
2023-07-29 00:00:00.000,29314.09738709836,7682754827.054111,569952119667.3986,bitcoin,2023,7,29,5,30,3,29436.286213502266,9588188558.254242,572089832999.7191,30154.15245711374,11522670282.000101,585774627377.7961,29200.244001291318,29363.672907978616,29222.974630383527,29436.286213502266,30154.15245711374
2023-07-30 00:00:00.000,29356.74774591667,4882536540.911603,570804910032.5747,bitcoin,2023,7,30,6,30,3,29385.799329205827,9322045054.83106,571195030804.07,30117.157033414514,11267240662.448944,585078513116.5872,29314.09738709836,29200.244001291318,29363.672907978616,29385.799329205827,30117.157033414514
2023-07-31 00:00:00.000,29277.75581027272,7872881636.625643,569135711632.8535,bitcoin,2023,7,31,0,31,3,29274.342056571273,9385655717.290037,569029161570.5516,30077.056177692128,10815591348.642363,584325624329.49,29356.74774591667,29314.09738709836,29200.244001291318,29274.342056571273,30077.056177692128
2023-08-01 00:00:00.000,29233.13636558044,6641808341.386258,568333703606.0996,bitcoin,2023,8,1,1,31,3,29281.232692645954,8163736201.654069,569212293706.3036,30032.04006988822,10896637251.874147,583482576419.6079,29277.75581027272,29356.74774591667,29314.09738709836,29281.232692645954,30032.04006988822
2023-08-02 00:00:00.000,29537.109746927432,15289922840.873833,572408929757.971,bitcoin,2023,8,2,2,31,3,29326.109137866508,9215175925.29841,569839410081.9052,29997.54749235675,11165090741.773098,582775300620.8118,29233.13636558044,29277.75581027272,29356.74774591667,29326.109137866508,29997.54749235675
2023-08-03 00:00:00.000,29146.63627084363,19266318894.08652,567074709353.651,bitcoin,2023,8,3,3,31,3,29295.103903990082,10097696088.67862,569345542614.6161,29931.27826360126,11315467766.350061,581527529605.2635,29537.109746927432,29233.13636558044,29277.75581027272,29295.103903990082,29931.27826360126
2023-08-04 00:00:00.000,29176.15059658541,12539132810.40034,567940644790.4882,bitcoin,2023,8,4,4,31,3,29291.661989032094,10596479413.048328,569378675548.7195,29877.962482741594,11319975835.854588,580510570298.4757,29146.63627084363,29537.109746927432,29233.13636558044,29291.661989032094,29877.962482741594
2023-08-05 00:00:00.000,29087.938086007627,12112869085.655884,565073127339.627,bitcoin,2023,8,5,5,31,3,29259.353517447707,11229352878.562868,568681676644.7521,29831.40062646107,11381733733.994398,579600120986.5526,29176.15059658541,29146.63627084363,29537.109746927432,29259.353517447707,29831.40062646107
2023-08-06 00:00:00.000,29046.8004570232,5335308729.48437,564970113457.8998,bitcoin,2023,8,6,6,31,3,29215.075333320066,11294034619.78755,567848134276.9414,29799.95880332117,10833687096.193766,578984823795.0079,29087.938086007627,29176.15059658541,29146.63627084363,29215.075333320066,29799.95880332117
2023-08-07 00:00:00.000,29044.20437557756,5360283576.269965,564947914083.0184,bitcoin,2023,8,7,0,32,3,29181.71084264933,10935092039.736738,567249877484.1078,29757.590102428698,10578412952.308947,578189373105.6454,29046.8004570232,29087.938086007627,29176.15059658541,29181.71084264933,29757.590102428698
2023-08-08 00:00:00.000,29178.147751873083,13252185122.112452,567529179865.8152,bitcoin,2023,8,8,1,32,3,29173.855326405424,11879431579.84048,567134945521.2101,29721.388449315895,10833201056.987482,577517733529.2397,29044.20437557756,29046.8004570232,29087.938086007627,29173.855326405424,29721.388449315895
2023-08-09 00:00:00.000,29779.56167125089,14603570418.91888,579214283623.8071,bitcoin,2023,8,9,2,32,3,29208.491315594485,11781381233.846914,568107138930.6152,29708.378149774948,11067997729.94513,577295410093.9943,29178.147751873083,29044.20437557756,29046.8004570232,29208.491315594485,29708.378149774948
2023-08-10 00:00:00.000,29585.48807737921,14633310097.491425,575535414817.4033,bitcoin,2023,8,10,3,32,3,29271.184430813853,11119522834.33333,569315811139.7227,29681.418380808398,11127934074.629314,576802860766.2826,29779.56167125089,29178.147751873083,29044.20437557756,29271.184430813853,29681.418380808398
2023-08-11 00:00:00.000,29423.81891597763,8106253519.025447,572414205818.4142,bitcoin,2023,8,11,4,32,3,29306.565619298457,10486254364.136917,569954891286.5692,29641.51853644172,11006361923.582773,576058361214.9253,29585.48807737921,29779.56167125089,29178.147751873083,29306.565619298457,29641.51853644172
2023-08-12 00:00:00.000,29396.8479714205,4651950357.636653,571976559045.8302,bitcoin,2023,8,12,5,32,3,29350.695602928867,9420408831.562742,570941095816.027,29607.832925010407,10725675087.361917,575436600474.4292,29423.81891597763,29585.48807737921,29779.56167125089,29350.695602928867,29607.832925010407
2023-08-13 00:00:00.000,29412.142274584105,3994297895.288944,572257798803.9086,bitcoin,2023,8,13,6,32,3,29402.887291151852,9228835855.24911,571982193722.5996,29540.037168460825,10150342539.014809,574154343447.9313,29396.8479714205,29423.81891597763,29585.48807737921,29402.887291151852,29540.037168460825
2023-08-14 00:00:00.000,29284.96971374381,4755220448.634491,569687130446.7833,bitcoin,2023,8,14,0,33,3,29437.28233946132,9142398265.586899,572659224631.7089,29505.8085653146,9576278173.274183,573540332887.8197,29412.142274584105,29396.8479714205,29423.81891597763,29437.28233946132,29505.8085653146
2023-08-15 00:00:00.000,29400.58680419105,12408355477.111338,572242735188.2397,bitcoin,2023,8,15,1,33,3,29469.05934693531,9021851173.443882,573332589677.7694,29475.895745450118,9782092791.885138,572993686241.9769,29284.96971374381,29412.142274584105,29396.8479714205,29469.05934693531,29475.895745450118
2023-08-16 00:00:00.000,29170.490397060614,11523395157.99864,567498309102.7323,bitcoin,2023,8,16,2,33,3,29382.04916490813,8581826136.169562,571658879031.9016,29440.334265847272,9887658948.699636,572363915387.6108,29400.58680419105,29284.96971374381,29412.142274584105,29382.04916490813,29440.334265847272
2023-08-17 00:00:00.000,28754.197021112574,14809979642.373243,559982624303.4923,bitcoin,2023,8,17,3,33,3,29263.293299727182,8607064642.581251,569437051815.6287,29393.878830577305,10015512157.727192,571513312165.5569,29170.490397060614,29400.58680419105,29284.96971374381,29263.293299727182,29393.878830577305
2023-08-18 00:00:00.000,26501.58726991974,29965585683.42136,516026928368.8375,bitcoin,2023,8,18,4,33,3,28845.831636004626,11729826380.352095,561381726465.6891,29282.330663824454,10575939728.74021,569390589326.601,28754.197021112574,29170.490397060614,29400.58680419105,28845.831636004626,29282.330663824454
2023-08-19 00:00:00.000,26042.838256849,18062351745.50358,506815826635.9217,bitcoin,2023,8,19,5,33,3,28366.687391065843,13645598007.190228,552073050407.1307,29153.096111110914,10893164092.112776,566906872802.5692,26501.58726991974,28754.197021112574,29170.490397060614,28366.687391065843,29153.096111110914
2023-08-20 00:00:00.000,26104.778630797897,3355038748.9824667,508087686822.7044,bitcoin,2023,8,20,6,33,3,27894.20687052496,13554275272.003588,542905891552.673,29030.35401445899,10634416821.963373,564532838609.5842,26042.838256849,26501.58726991974,28754.197021112574,27894.20687052496,29030.35401445899
2023-08-21 00:00:00.000,26160.70041981821,8304370131.833873,509078930366.0949,bitcoin,2023,8,21,0,34,3,27447.88268567844,14061296655.317785,534247577255.4318,28905.22127084096,10628141560.326897,562122206942.0734,26104.778630797897,26042.838256849,26501.58726991974,27447.88268567844,28905.22127084096
2023-08-22 00:00:00.000,26119.005958595222,9377753161.447634,508491920831.3545,bitcoin,2023,8,22,1,34,3,26979.085422021893,13628353467.365828,525140318061.5911,28785.51627159441,10715881963.54602,559836320123.048,26160.70041981821,26104.778630797897,26042.838256849,26979.085422021893,28785.51627159441
2023-08-23 00:00:00.000,26033.675406585844,13702941053.015312,506356213378.17975,bitcoin,2023,8,23,2,34,3,26530.968994811214,13939717166.653925,516405732958.08356,28651.373561190117,10925059765.332771,557238300693.4045,26119.005958595222,26160.70041981821,26104.778630797897,26530.968994811214,28651.373561190117
2023-08-24 00:00:00.000,26450.00862461353,14600566342.214417,514955818082.4346,bitcoin,2023,8,24,3,34,3,26201.79922388278,13909800980.916948,509973332069.361,28560.210451575313,10905237145.045319,555501768674.2911,26033.675406585844,26119.005958595222,26160.70041981821,26201.79922388278,28560.210451575313
2023-08-25 00:00:00.000,26134.934254516003,11961319630.81013,508906955118.32086,bitcoin,2023,8,25,4,34,3,26149.42022168224,11337762973.401058,508956193033.57294,28457.275772379726,11039619640.226873,553531363340.6099,26450.00862461353,26033.675406585844,26119.005958595222,26149.42022168224,28457.275772379726
2023-08-26 00:00:00.000,26044.036209289134,2582213805.5461373,507007928705.4434,bitcoin,2023,8,26,5,34,3,26149.591357745117,9126314696.26428,508983636186.36176,28346.62121575675,10689404175.397577,551413901576.6355,26134.934254516003,26450.00862461353,26033.675406585844,26149.591357745117,28346.62121575675
2023-08-27 00:00:00.000,26002.01571731937,3420999388.355067,506086069151.6848,bitcoin,2023,8,27,6,34,3,26134.9109415339,9135737644.74608,508697690804.7876,28240.013606291017,10501849170.349,549359813406.6328,26044.036209289134,26134.934254516003,26450.00862461353,26134.9109415339,28240.013606291017
2023-08-28 00:00:00.000,26082.717178218525,4743752357.401259,507835678906.7792,bitcoin,2023,8,28,0,35,3,26123.77047844823,8627077962.684278,508520083453.4567,28132.30093266169,10403882421.36057,547289265381.2789,26002.01571731937,26044.036209289134,26134.934254516003,26123.77047844823,28132.30093266169
2023-08-29 00:00:00.000,26109.2698239287,9995933796.2508,508350651765.9018,bitcoin,2023,8,29,1,35,3,26122.3796020673,8715389481.941874,508499902158.392,28024.05166859542,10574328996.538546,545207456772.3897,26082.717178218525,26002.01571731937,26044.036209289134,26122.3796020673,28024.05166859542
2023-08-30 00:00:00.000,27730.50373550554,29462388818.839893,539045091002.1688,bitcoin,2023,8,30,2,35,3,26364.78364905583,10966739162.773956,513169741818.9619,27972.47659943651,11293979235.945686,544204436084.7002,26109.2698239287,26082.717178218525,26002.01571731937,26364.78364905583,27972.47659943651
2023-08-31 00:00:00.000,27297.261438480404,16029914124.395369,531729400483.3156,bitcoin,2023,8,31,3,35,3,26485.819765322525,11170931703.085522,515565967876.2306,27907.94743519985,11606916095.379326,542984292647.2741,27730.50373550554,26109.2698239287,26082.717178218525,26485.819765322525,27907.94743519985
2023-09-01 00:00:00.000,25927.417005779287,20360682650.055054,505403246528.0237,bitcoin,2023,9,1,4,35,3,26456.174444074422,12370840705.834795,515065438077.61676,27787.624343828244,11775941422.352032,540750769872.9425,27297.261438480404,27730.50373550554,26109.2698239287,26456.174444074422,27787.624343828244
2023-09-02 00:00:00.000,25812.33049442542,15924588668.893366,502687549096.97,bitcoin,2023,9,2,5,35,3,26423.073627665322,14276894257.741543,514448240990.69196,27676.48081794764,11664550414.845592,538604531197.71985,25927.417005779287,27297.261438480404,27730.50373550554,26423.073627665322,27676.48081794764
2023-09-03 00:00:00.000,25853.65684277757,8203515572.755595,503679892454.50775,bitcoin,2023,9,3,6,35,3,26401.879502730775,14960110855.513048,514104501462.5238,27565.731026154044,11520029840.257435,536462506119.8538,25812.33049442542,25927.417005779287,27297.261438480404,26401.879502730775,27565.731026154044
2023-09-04 00:00:00.000,25959.59631146345,8301138495.084562,505513039060.6845,bitcoin,2023,9,4,0,36,3,26384.290807480054,15468308875.182093,513772695770.2246,27461.45296700257,11392972153.905058,534477169843.88904,25853.65684277757,25812.33049442542,25927.417005779287,26384.290807480054,27461.45296700257
2023-09-05 00:00:00.000,25829.364772941324,6700578092.438599,502409490053.88367,bitcoin,2023,9,5,1,36,3,26344.304371624712,14997543774.637491,512923958382.79346,27354.205110866507,11438481132.670198,532391815730.4219,25959.59631146345,25853.65684277757,25812.33049442542,26344.304371624712,27354.205110866507
2023-09-06 00:00:00.000,25784.41351983038,7633735596.705433,501979376928.41833,bitcoin,2023,9,6,2,36,3,26066.291483671117,11879164742.903996,507628856372.2577,27245.545415674933,11514262866.684713,530292864491.93524,25829.364772941324,25959.59631146345,25853.65684277757,26066.291483671117,27245.545415674933
2023-09-07 00:00:00.000,25752.958418589413,12225427270.62692,501615002105.18665,bitcoin,2023,9,7,3,36,3,25845.67676654383,11335666620.937075,503326799461.0964,27131.37243789881,11480037604.96853,528095725233.2476,25784.41351983038,25829.364772941324,25959.59631146345,25845.67676654383,27131.37243789881
2023-09-08 00:00:00.000,26192.333433090567,4521997781.160889,509837705629.17126,bitcoin,2023,9,8,4,36,3,25883.521970445447,9072997353.952194,503960293618.4032,27011.798163293468,11143985183.70993,525783172633.4264,25752.958418589413,25784.41351983038,25829.364772941324,25883.521970445447,27011.798163293468
2023-09-09 00:00:00.000,25907.22813724973,8058794338.820984,504533063388.2184,bitcoin,2023,9,9,5,36,3,25897.0787765632,7949312449.656141,504223938517.15295,26889.189498622487,10924834658.420916,523416427585.7869,26192.333433090567,25752.958418589413,25784.41351983038,25897.0787765632,26889.189498622487
2023-09-10 00:00:00.000,25889.3250094629,404806432.5216888,504373920218.6837,bitcoin,2023,9,10,6,36,3,25902.174228946824,6835211143.908439,504323085340.6066,26771.373035071992,10668119755.537455,521148418065.7959,25907.22813724973,26192.333433090567,25752.958418589413,25902.174228946824,26771.373035071992
2023-09-11 00:00:00.000,25834.580098562918,6603006234.083502,503489661583.33154,bitcoin,2023,9,11,0,37,3,25884.31476996103,6592620820.908288,504034031415.2705,26652.63077264341,10733154951.419016,518865521483.71265,25889.3250094629,25907.22813724973,26192.333433090567,25884.31476996103,26652.63077264341
2023-09-12 00:00:00.000,25133.303106566527,14859931201.000029,489502952545.6269,bitcoin,2023,9,12,1,37,3,25784.87738905035,7758242693.559921,502190240342.6624,26510.002800376154,11095342728.276054,516107026608.4365,25834.580098562918,25889.3250094629,25907.22813724973,25784.87738905035,26510.002800376154
2023-09-13 00:00:00.000,25866.806663158084,16825266473.04872,503997883573.3815,bitcoin,2023,9,13,2,37,3,25796.647838097164,9071318533.037533,502478598434.7999,26396.0640320233,11497677595.756529,513917385045.9898,25133.303106566527,25834.580098562918,25889.3250094629,25796.647838097164,26396.0640320233
2023-09-14 00:00:00.000,26223.436075660946,12975855576.243193,510909474484.6564,bitcoin,2023,9,14,3,37,3,25863.85893196452,9178522576.697,503806380203.2957,26290.159007738963,11516594265.727592,511872943022.53705,25866.806663158084,25133.303106566527,25834.580098562918,25863.85893196452,26290.159007738963
2023-09-15 00:00:00.000,26531.39556626326,11739428177.432598,516823786025.9003,bitcoin,2023,9,15,4,37,3,25912.296379560623,10209584061.878674,504804391688.54266,26202.189180045716,11523795366.37539,510183792253.3093,26223.436075660946,25866.806663158084,25133.303106566527,25912.296379560623,26202.189180045716
2023-09-16 00:00:00.000,26634.631025000588,9768889419.723415,518872387637.1001,bitcoin,2023,9,16,5,37,3,26016.21107781075,10453883359.15045,506852866581.2401,26131.536980175315,11355759025.620396,508813451031.09625,26531.39556626326,26223.436075660946,25866.806663158084,26016.21107781075,26131.536980175315
2023-09-17 00:00:00.000,26557.768691994646,1224363671.9175522,517396850180.9239,bitcoin,2023,9,17,6,37,3,26111.70303245814,10570962964.778429,508713285147.2744,26133.40969424448,10397718291.9036,508859115091.4991,26634.631025000588,26531.39556626326,26223.436075660946,26111.70303245814,26133.40969424448
2023-09-18 00:00:00.000,26520.98825478389,5791146184.464804,516614128895.5437,bitcoin,2023,9,18,0,38,3,26209.761340489706,10454982957.690044,510588209049.019,26149.34802750898,9988678106.535643,509185725166.8199,26557.768691994646,26634.631025000588,26531.39556626326,26209.761340489706,26149.34802750898
2023-09-19 00:00:00.000,26741.461110948952,16477839825.05836,521346975856.4663,bitcoin,2023,9,19,1,38,3,26439.498198258625,10686112761.12695,515137355236.28174,26170.570776847344,10426104809.071505,509627701467.9452,26520.98825478389,26557.768691994646,26634.631025000588,26439.498198258625,26170.570776847344
2023-09-20 00:00:00.000,27219.296874634216,12615959842.229397,530357673731.022,bitcoin,2023,9,20,2,38,3,26632.711085612355,10084783242.438473,518903039544.5161,26205.85732534121,10569824466.08469,510336992913.4428,26741.461110948952,26520.98825478389,26557.768691994646,26632.711085612355,26205.85732534121
2023-09-21 00:00:00.000,27115.846446970816,13497179076.831764,529168513966.1614,bitcoin,2023,9,21,3,38,3,26760.198281513767,10159258028.236843,521511473756.15967,26239.085341620397,10707138663.26416,511026212684.60297,27219.296874634216,26741.461110948952,26520.98825478389,26760.198281513767,26239.085341620397
2023-09-22 00:00:00.000,26561.13345419872,8169328790.751264,517743774814.63885,bitcoin,2023,9,22,4,38,3,26764.446551218833,9649243830.139507,521642900725.9795,26256.667276540826,10522684921.188692,511405798065.8183,27115.846446970816,27219.296874634216,26741.461110948952,26764.446551218833,26256.667276540826
2023-09-23 00:00:00.000,26572.0381115526,9968041758.936825,518383856096.9625,bitcoin,2023,9,23,5,38,3,26755.504706440548,9677694164.312853,521573110505.9598,26260.734926105462,10368267435.07944,511520065999.6359,26561.13345419872,27115.846446970816,27219.296874634216,26755.504706440548,26260.734926105462
2023-09-24 00:00:00.000,26573.9234797301,6583511185.708387,517968304453.2548,bitcoin,2023,9,24,6,38,3,26757.812533259897,10443286666.28297,521654746830.5785,26275.36790027927,10189007153.576048,511822110977.46704,26572.0381115526,26561.13345419872,27115.846446970816,26757.812533259897,26275.36790027927
2023-09-25 00:00:00.000,26249.562897845204,7226298594.495522,511787693512.02826,bitcoin,2023,9,25,0,39,3,26719.03748226866,10648308439.144503,520965256061.5049,26282.2187898978,10343809979.874361,511981436471.01984,26573.9234797301,26572.0381115526,26561.13345419872,26719.03748226866,26282.2187898978
2023-09-26 00:00:00.000,26298.634678281232,11974957450.276283,512103393581.80255,bitcoin,2023,9,26,1,39,3,26655.776563316125,10005039528.461348,519644744307.9815,26292.10608859653,10628941915.271732,512182013952.0238,26249.562897845204,26573.9234797301,26572.0381115526,26655.776563316125,26292.10608859653
2023-09-27 00:00:00.000,26204.75759083597,9786025048.05344,511054250889.6227,bitcoin,2023,9,27,2,39,3,26510.842379916376,9600763129.293354,516887112473.4959,26296.174102350444,10797017671.626806,512289299684.7853,26298.634678281232,26249.562897845204,26573.9234797301,26510.842379916376,26296.174102350444
2023-09-28 00:00:00.000,26350.146895428057,12889674588.31686,513713645983.85016,bitcoin,2023,9,28,3,39,3,26401.456729695983,9513976773.791225,514679274190.30853,26304.20333806709,10893475698.029009,512468066158.71686,26204.75759083597,26298.634678281232,26249.562897845204,26401.456729695983,26304.20333806709
2023-09-29 00:00:00.000,27009.01375072488,16683207554.844349,526917684460.4055,bitcoin,2023,9,29,4,39,3,26465.439629199722,10730245168.661667,515989832711.1324,26280.153671907734,10467502989.229156,512063819273.99146,26350.146895428057,26204.75759083597,26298.634678281232,26465.439629199722,26280.153671907734
2023-09-30 00:00:00.000,26917.199101637976,9059145545.41355,524946724658.764,bitcoin,2023,9,30,5,39,3,26514.748342069062,10600402852.444057,516927385362.8183,26267.484927346322,10235144036.59643,511837730079.8397,27009.01375072488,26350.146895428057,26204.75759083597,26514.748342069062,26267.484927346322
2023-10-01 00:00:00.000,26969.876144072576,6295435107.555985,525936342995.4552,bitcoin,2023,10,1,6,39,4,26571.313008403697,10559249126.993713,518065676583.1326,26302.23356528943,9766302451.84646,512522166628.7541,26917.199101637976,27009.01375072488,26350.146895428057,26571.313008403697,26302.23356528943
2023-10-02 00:00:00.000,27967.510579087117,9358226524.285364,545302108027.2094,bitcoin,2023,10,2,0,40,4,26816.734105723972,10863810259.820833,522853450085.30133,26374.07290144482,9547423713.692862,513942651926.4287,26969.876144072576,26917.199101637976,27009.01375072488,26816.734105723972,26374.07290144482
2023-10-03 00:00:00.000,27615.06488509527,18127133423.88185,538323470357.8827,bitcoin,2023,10,3,1,40,4,27004.79556384026,11742692541.764484,526599175339.02704,26432.78650285541,9878210975.39707,515097437856.5412,27967.510579087117,26969.876144072576,26917.199101637976,27004.79556384026,26432.78650285541
2023-10-04 00:00:00.000,27439.12194670512,12676657038.293432,535605771922.4797,bitcoin,2023,10,4,2,40,4,27181.133328964428,12155639968.94163,530106535486.57806,26482.104024030134,10024061593.50403,516100528951.93445,27615.06488509527,27967.510579087117,26969.876144072576,27181.133328964428,26482.104024030134
2023-10-05 00:00:00.000,27792.1112772493,10876597601.123323,541954661181.1118,bitcoin,2023,10,5,3,40,4,27387.128240653175,11868057542.199694,534140966229.044,26547.528907507065,10163262243.793522,517418701322.842,27439.12194670512,27615.06488509527,27967.510579087117,27387.128240653175,26547.528907507065
2023-10-06 00:00:00.000,27435.874615135104,13376186563.311192,534851643044.50543,bitcoin,2023,10,6,4,40,4,27448.108364140353,11395625971.98067,535274388883.91547,26602.577610683893,10354677276.013716,518514443526.7116,27792.1112772493,27439.12194670512,27615.06488509527,27448.108364140353,26602.577610683893
2023-10-07 00:00:00.000,27958.196437350485,13817979024.520027,545154869332.6545,bitcoin,2023,10,7,5,40,4,27596.82226924214,12075459326.138737,538161266694.47125,26676.085544642592,10407762334.476818,519965772434.2939,27435.874615135104,27792.1112772493,27439.12194670512,27596.82226924214,26676.085544642592
2023-10-08 00:00:00.000,27977.543490700005,7226218924.820883,545619681437.3984,bitcoin,2023,10,8,6,40,4,27740.774747331772,12208428442.890867,540973172186.1774,26735.592546562904,10497903039.265484,521158504961.23474,27958.196437350485,27435.874615135104,27792.1112772493,27740.774747331772,26735.592546562904
2023-10-09 00:00:00.000,27948.10365174851,7141598446.869208,544989660641.62256,bitcoin,2023,10,9,0,41,4,27738.002329140545,11891767288.974274,540928536845.37933,26803.62173037953,10467329842.867092,522507058203.0149,27977.543490700005,27958.196437350485,27435.874615135104,27738.002329140545,26803.62173037953
2023-10-10 00:00:00.000,27593.782534439662,7640029989.224315,538282690587.88,bitcoin,2023,10,10,1,41,4,27734.9619933326,10393609655.451769,540922711163.9503,26860.436981212093,10708503961.423847,523637350548.6547,27948.10365174851,27977.543490700005,27958.196437350485,27734.9619933326,26860.436981212093
2023-10-11 00:00:00.000,27392.247702732497,10151720983.669058,535200388379.76337,bitcoin,2023,10,11,2,41,4,27728.265672765083,10032904504.791143,540864799229.27655,26912.359234684413,10826794453.076698,524694374775.20245,27593.782534439662,27948.10365174851,27977.543490700005,27728.265672765083,26912.359234684413
2023-10-12 00:00:00.000,26842.1904390924,14608441295.942532,523656381533.0463,bitcoin,2023,10,12,3,41,4,27592.562695885525,10566025032.622461,538250759279.5529,26969.32214576861,10818411456.24145,525832822408.11646,27392.247702732497,27593.782534439662,27948.10365174851,27592.562695885525,26969.32214576861
2023-10-13 00:00:00.000,26729.137205815103,10867640258.925844,521607675083.3507,bitcoin,2023,10,13,4,41,4,27491.60020883981,10207661274.853123,536358763856.5308,26998.066497190506,10619823915.770687,526419815458.4488,26842.1904390924,27392.247702732497,27593.782534439662,27491.60020883981,26998.066497190506
2023-10-14 00:00:00.000,26841.136220644406,14344414895.617512,523655619453.7407,bitcoin,2023,10,14,5,41,4,27332.020177881794,10282866399.295622,533287442445.2574,27018.65650202329,10665442559.749828,526844686957.4182,26729.137205815103,26842.1904390924,27392.247702732497,27332.020177881794,27018.65650202329
2023-10-15 00:00:00.000,26863.18356907992,5543160607.188677,523979202939.078,bitcoin,2023,10,15,6,41,4,27172.825903364643,10042429496.776735,530195945516.9259,27029.716102117174,10458900307.408365,527083200854.5242,26841.136220644406,26729.137205815103,26842.1904390924,27172.825903364643,27029.716102117174
2023-10-16 00:00:00.000,27150.29700140705,6604845643.42894,529643463244.3381,bitcoin,2023,10,16,0,42,4,27058.85352474443,9965750524.856695,528003631603.0282,27046.904967997394,10353432181.531883,527442236708.0988,26863.18356907992,26841.136220644406,26729.137205815103,27058.85352474443,27046.904967997394
2023-10-17 00:00:00.000,28513.30993247735,22792799561.834,555338775502.1107,bitcoin,2023,10,17,1,42,4,27190.21458160696,12130431892.372366,530440215162.204,27112.089676013486,11072380044.529097,528706967552.13837,27150.29700140705,26863.18356907992,26841.136220644406,27190.21458160696,27112.089676013486
2023-10-18 00:00:00.000,28417.72175169982,10403248077.491972,555003134086.2079,bitcoin,2023,10,18,2,42,4,27336.710874316577,12166364334.347067,533269178834.5532,27175.31412591068,11226116774.29667,529986601058.49384,28513.30993247735,27150.29700140705,26863.18356907992,27336.710874316577,27175.31412591068
2023-10-19 00:00:00.000,28328.245198134824,13461030457.558895,553311088369.7102,bitcoin,2023,10,19,3,42,4,27549.00441132264,12002448500.292263,537505565525.50525,27228.206928816875,11125556462.04669,531052071475.6019,28417.72175169982,28513.30993247735,27150.29700140705,27549.00441132264,27228.206928816875
2023-10-20 00:00:00.000,28715.748142407952,11193923144.463654,559364043794.7655,bitcoin,2023,10,20,4,42,4,27832.805973693048,12049060341.083378,542899332484.27875,27278.08863774267,11078155238.78783,532018950477.7267,28328.245198134824,28417.72175169982,28513.30993247735,27832.805973693048,27278.08863774267
2023-10-21 00:00:00.000,29677.392888476206,23561406297.715862,579536788709.3126,bitcoin,2023,10,21,5,42,4,28237.98549766902,13365773398.526,550882356663.6462,27363.473519126183,11413629479.483969,533697892969.1651,28715.748142407952,28328.245198134824,28417.72175169982,28237.98549766902,27363.473519126183
2023-10-22 00:00:00.000,29920.07449265145,7452489477.484937,583719549318.5221,bitcoin,2023,10,22,6,42,4,28674.68420103638,13638534665.71118,559416691860.7096,27475.438220407937,11389734835.708424,535897085452.6279,29677.392888476206,28715.748142407952,28328.245198134824,28674.68420103638,27475.438220407937
2023-10-23 00:00:00.000,30019.38050086351,11330304246.065748,583399133857.2509,bitcoin,2023,10,23,0,43,4,29084.553272387304,14313600180.37358,567096073376.84,27590.34963338497,11435143585.279387,538064261377.9708,29920.07449265145,29677.392888476206,28715.748142407952,29084.553272387304,27590.34963338497
2023-10-24 00:00:00.000,32953.262760830985,35558857925.14893,641535355789.0791,bitcoin,2023,10,24,1,43,4,29718.832247866394,16137322803.704285,579409870560.6926,27802.994276088328,12400988476.594072,542183163089.165,30019.38050086351,29920.07449265145,29677.392888476206,29718.832247866394,27802.994276088328
2023-10-25 00:00:00.000,33846.72425733224,46464714676.18555,660676033939.1393,bitcoin,2023,10,25,2,43,4,30494.40403438531,21288960889.23194,594505999111.1115,28056.23298807123,13708935679.317072,547146107770.06866,32953.262760830985,30019.38050086351,29920.07449265145,30494.40403438531,28056.23298807123
2023-10-26 00:00:00.000,34471.986031672015,23840463172.49865,673948847498.8158,bitcoin,2023,10,26,3,43,4,31372.081296319193,22771736991.366188,611739964700.9836,28328.678033184256,14104452536.724485,552540956233.9691,33846.72425733224,32953.262760830985,30019.38050086351,31372.081296319193,28328.678033184256
2023-10-27 00:00:00.000,34174.451552912586,17712548549.578587,667401630872.5822,bitcoin,2023,10,27,4,43,4,32151.89606924843,23702969192.096893,627173905712.1003,28594.334498586813,14368669986.775324,557752535566.7345,34471.986031672015,33846.72425733224,32953.262760830985,32151.89606924843,28594.334498586813
2023-10-28 00:00:00.000,33899.09305644032,14148818689.499771,662119938018.2968,bitcoin,2023,10,28,5,43,4,32754.996093243302,22358313819.4946,638971498470.5265,28845.96603728722,14410641456.814754,562699411967.8827,34174.451552912586,34471.986031672015,33846.72425733224,32754.996093243302,28845.96603728722
2023-10-29 00:00:00.000,34092.630932838576,8431785274.868206,665892923223.9833,bitcoin,2023,10,29,6,43,4,33351.07558469861,22498213219.120777,650710551885.5925,29082.086610024344,14135594047.482216,567331919926.6686,33899.09305644032,34174.451552912586,34471.986031672015,33351.07558469861,29082.086610024344
2023-10-30 00:00:00.000,34556.242814761616,10359013389.425524,674293769229.6088,bitcoin,2023,10,30,0,44,4,33999.19877239833,22359457382.45789,663695499795.9293,29336.721400461796,14178922975.615946,572310154745.6968,34092.630932838576,33899.09305644032,34174.451552912586,33999.19877239833,29336.721400461796
2023-10-31 00:00:00.000,34498.70391946407,17075173423.648045,673508057017.6387,bitcoin,2023,10,31,1,44,4,34219.97608077449,19718931025.100616,668263028542.8663,29587.682326308182,14538247586.15235,577229211879.7695,34556.242814761616,34092.630932838576,33899.09305644032,34219.97608077449,29587.682326308182
2023-11-01 00:00:00.000,34672.2892841885,16419150928.652369,676319525450.0793,bitcoin,2023,11,1,2,44,4,34337.913941753955,15426707632.595877,670497813044.4293,29811.17494981156,14773611732.96458,581596459127.1985,34498.70391946407,34556.242814761616,34092.630932838576,34337.913941753955,29811.17494981156
2023-11-02 00:00:00.000,35457.45491210553,18642295524.912045,692543794894.7606,bitcoin,2023,11,2,3,44,4,34478.69521038731,14684112254.369219,673154234100.9928,30072.587950711903,14790783802.998922,586737136611.7611,34672.2892841885,34498.70391946407,34556.242814761616,34478.69521038731,30072.587950711903
2023-11-03 00:00:00.000,34924.05545044328,20690186421.955303,681560028736.5514,bitcoin,2023,11,3,4,44,4,34585.78148146313,15109489093.28018,675176862367.2742,30322.08573416984,15057901449.120985,591602278505.5636,35457.45491210553,34672.2892841885,34498.70391946407,34585.78148146313,30322.08573416984
2023-11-04 00:00:00.000,34731.38136896784,17254049537.002068,677974451476.0634,bitcoin,2023,11,4,5,44,4,34704.6798118242,15553093500.066223,677441792861.2408,30553.394737227125,15270483180.316944,596136271515.3951,34924.05545044328,35457.45491210553,34672.2892841885,34704.6798118242,30553.394737227125
2023-11-05 00:00:00.000,35048.407834901074,10001404422.938835,685385094861.7168,bitcoin,2023,11,5,6,44,4,34841.2193692617,15777324806.933456,680226388809.4884,30807.14584455266,15157990442.304533,601154053242.6355,34731.38136896784,34924.05545044328,35457.45491210553,34841.2193692617,30807.14584455266
2023-11-06 00:00:00.000,35061.92874919579,12796779677.519655,684647430279.3319,bitcoin,2023,11,6,0,45,4,34913.46021703801,16125577133.804045,681705483245.1632,31043.936921614168,15123950464.071186,605803805274.1915,35048.407834901074,34731.38136896784,34924.05545044328,34913.46021703801,31043.936921614168
2023-11-07 00:00:00.000,35031.26888208706,12717348149.539808,683644463783.0627,bitcoin,2023,11,7,1,45,4,34989.54092598415,15503030666.074297,683153541354.5095,31279.06110132707,15306988104.89515,610404631352.3804,35061.92874919579,35048.407834901074,34731.38136896784,34989.54092598415,31279.06110132707
2023-11-08 00:00:00.000,35436.53762957962,18582602380.374496,691660755958.351,bitcoin,2023,11,8,2,45,4,35098.71926104003,15812095159.177458,685345145712.834,31528.675567254773,15688354902.67866,615293667862.938,35031.26888208706,35061.92874919579,35048.407834901074,35098.71926104003,31528.675567254773
2023-11-09 00:00:00.000,35795.0806307102,14717120833.223528,699187515031.6934,bitcoin,2023,11,9,3,45,4,35146.95150655498,15251355917.507671,686294248589.5387,31802.05217046379,15924257930.811968,620657162011.065,35436.53762957962,35031.26888208706,35061.92874919579,35146.95150655498,31802.05217046379
2023-11-10 00:00:00.000,36768.42081912672,38190964507.15763,717022051490.4104,bitcoin,2023,11,10,4,45,4,35410.43227350976,17751467072.53657,691360251840.0898,32114.591274343602,16858899381.59492,626717884114.7533,35795.0806307102,35436.53762957962,35031.26888208706,35410.43227350976,32114.591274343602
2023-11-11 00:00:00.000,37344.249000720345,23152060053.421646,730760729870.4996,bitcoin,2023,11,11,5,45,4,35783.69907804583,18594040003.453655,698901148753.5808,32464.65989306453,17143686673.51089,633621362392.6683,36768.42081912672,35795.0806307102,35436.53762957962,35783.69907804583,32464.65989306453
2023-11-12 00:00:00.000,37122.72282430656,12033297219.971031,720323851790.6948,bitcoin,2023,11,12,6,45,4,36080.029790818044,18884310403.029686,703892399743.4348,32811.112747014246,17182541905.545727,640245234949.5798,37344.249000720345,36768.42081912672,35795.0806307102,36080.029790818044,32811.112747014246
2023-11-13 00:00:00.000,37067.69698212008,8831221164.408867,725016899532.0363,bitcoin,2023,11,13,0,46,4,36366.568109807224,18317802044.01386,709659466779.5354,33151.9981057301,16998768781.172108,646957277618.8563,37122.72282430656,37344.249000720345,36768.42081912672,36366.568109807224,33151.9981057301
2023-11-14 00:00:00.000,36549.16204829837,18041088204.36723,714263437353.6985,bitcoin,2023,11,14,1,46,4,36583.409990694556,19078336337.56063,714033605861.0548,33474.86405503739,17415366367.744728,653300085432.6771,37067.69698212008,37122.72282430656,37344.249000720345,36583.409990694556,33474.86405503739
2023-11-15 00:00:00.000,35545.201433454065,22330924588.059715,694845286838.959,bitcoin,2023,11,15,2,46,4,36598.93339124805,19613810938.65852,714488538843.9989,33754.69420277228,17939568999.232418,658806812885.8312,36549.16204829837,37067.69698212008,37122.72282430656,36598.93339124805,33754.69420277228
2023-11-16 00:00:00.000,37903.66245166294,28479730068.295124,739215831747.2646,bitcoin,2023,11,16,3,46,4,36900.15936566987,21579897972.240177,720206869803.3662,34067.7059534118,18129133349.447792,664936048094.0028,35545.201433454065,36549.16204829837,37067.69698212008,36900.15936566987,34067.7059534118
2023-11-17 00:00:00.000,36201.51611146142,12023334732.149555,707488742969.5619,bitcoin,2023,11,17,4,46,4,36819.172978860544,17841665147.239025,718844968586.1022,34327.16576540386,18183136237.936375,670018901723.448,37903.66245166294,35545.201433454065,36549.16204829837,36819.172978860544,34327.16576540386
2023-11-18 00:00:00.000,36527.76022530742,22683923623.96373,714651953916.8749,bitcoin,2023,11,18,5,46,4,36702.53172523012,17774788514.459324,716543714878.4414,34600.48293297628,18490566010.149868,675396930575.0201,36201.51611146142,37903.66245166294,35545.201433454065,36702.53172523012,34600.48293297628
2023-11-19 00:00:00.000,36582.36844192274,8877846889.346693,715117663450.342,bitcoin,2023,11,19,6,46,4,36625.338242032434,17324009895.798702,715799973686.9625,34862.70360962677,18413363468.312637,680588717896.8728,36527.76022530742,36201.51611146142,37903.66245166294,36625.338242032434,34862.70360962677
2023-11-20 00:00:00.000,37413.99460790531,12599067947.734495,732521837352.2426,bitcoin,2023,11,20,0,47,4,36674.809331430326,17862273721.988075,716872107661.2776,35120.59033360774,18047952189.979927,685688219518.3038,36582.36844192274,36527.76022530742,36201.51611146142,36674.809331430326,35120.59033360774
2023-11-21 00:00:00.000,37489.298470802016,16005284775.311718,732673492672.5168,bitcoin,2023,11,21,1,47,4,36809.11453464513,17571444660.694435,719502115563.966,35372.897799546095,18333045366.57415,690653350963.4369,37413.99460790531,36582.36844192274,36527.76022530742,36809.11453464513,35372.897799546095
2023-11-22 00:00:00.000,35965.36036068078,18891503534.641026,702705880301.6978,bitcoin,2023,11,22,2,47,4,36869.13723853466,17080098795.920334,720625057487.2145,35571.09712820667,18585085342.859993,694630242511.5852,37489.298470802016,37413.99460790531,36582.36844192274,36869.13723853466,35571.09712820667
2023-11-23 00:00:00.000,37464.83293220907,25245202377.321384,732259726682.3702,bitcoin,2023,11,23,3,47,4,36806.447307184106,16618023411.495514,719631328192.2295,35721.48280058594,18241296824.599075,697654388208.0281,35965.36036068078,37489.298470802016,37413.99460790531,36806.447307184106,35721.48280058594
2023-11-24 00:00:00.000,37293.316127426726,11956046626.60703,728816537112.472,bitcoin,2023,11,24,4,47,4,36962.4187380363,16608410824.98944,722678155926.9309,35836.36919625576,17091007889.613127,699925738313.8059,37464.83293220907,35965.36036068078,37489.298470802016,36962.4187380363,35836.36919625576
2023-11-25 00:00:00.000,37738.93169747125,22996708651.54232,737614054534.8141,bitcoin,2023,11,25,5,47,4,37135.443234059705,16653094400.35781,725958456015.2079,35945.26738511573,17062882738.914581,702047911881.6725,37293.316127426726,37464.83293220907,35965.36036068078,37135.443234059705,35945.26738511573
2023-11-26 00:00:00.000,37809.85286625321,7505379785.011788,739536714717.2401,bitcoin,2023,11,26,6,47,4,37310.7981518212,16457027671.16711,729446891910.4791,36066.44742889375,16722643780.095686,704452414676.4944,37738.93169747125,37293.316127426726,37464.83293220907,37310.7981518212,36066.44742889375
2023-11-27 00:00:00.000,37491.838186008135,10229112671.374176,733376783676.3198,bitcoin,2023,11,27,0,48,4,37321.91866297874,16118462631.687063,729569027099.6329,36186.205599879344,16591986912.824835,706827642865.0952,37809.85286625321,37738.93169747125,37293.316127426726,37321.91866297874,36186.205599879344
2023-11-28 00:00:00.000,37250.16905148115,17979133247.880783,728040168286.0479,bitcoin,2023,11,28,1,48,4,37287.75731736147,16400440984.911215,728907123615.8517,36291.45687050076,16910231845.258585,708899217700.4974,37491.838186008135,37809.85286625321,37738.93169747125,37287.75731736147,36291.45687050076
2023-11-29 00:00:00.000,37802.23604377473,19715537240.688644,738816928726.5587,bitcoin,2023,11,29,2,48,4,37550.168129232035,16518160085.77516,734065844819.4032,36399.656644801194,17222115973.634026,711049989683.729,37250.16905148115,37491.838186008135,37809.85286625321,37550.168129232035,36399.656644801194
2023-11-30 00:00:00.000,37810.34641654128,20964545194.804527,740494537382.5989,bitcoin,2023,11,30,3,48,4,37599.52719842235,15906637631.129896,735242246348.0072,36510.04472803711,17351761699.33924,713282872362.561,37802.23604377473,37250.16905148115,37491.838186008135,37599.52719842235,36510.04472803711
2023-12-01 00:00:00.000,37711.81837585267,16566770727.560837,737659515838.6104,bitcoin,2023,12,1,4,48,4,37659.31323391177,16565312502.694723,736505529023.1699,36611.36236442591,17356682359.302856,715327538708.8455,37810.34641654128,37802.23604377473,37250.16905148115,37659.31323391177,36611.36236442591
2023-12-02 00:00:00.000,38688.25874179069,24470176251.56647,756249390093.0282,bitcoin,2023,12,2,5,48,4,37794.931383100266,16775807874.126745,739167719817.2004,36719.05582541542,17550945050.191338,717451058548.7876,37711.81837585267,37810.34641654128,37802.23604377473,37794.931383100266,36719.05582541542
2023-12-03 00:00:00.000,39481.666416062864,14892418344.328642,771834682369.2777,bitcoin,2023,12,3,6,48,4,38033.76189021593,17831099096.886295,743781715196.0631,36870.97619093607,17357686114.27045,720460213669.8785,38688.25874179069,37711.81837585267,37810.34641654128,38033.76189021593,36870.97619093607
2023-12-04 00:00:00.000,39960.27542041052,14107800648.629309,782845232813.069,bitcoin,2023,12,4,0,49,4,38386.39578084485,18385197379.351315,750848636501.3129,37045.27265931749,17252811151.324688,723955906381.112,39481.666416062864,38688.25874179069,37711.81837585267,38386.39578084485,37045.27265931749
2023-12-05 00:00:00.000,41974.331772543344,40273974905.38232,820527379429.3416,bitcoin,2023,12,5,1,49,4,39061.27616956802,21570174758.994392,764061095236.0692,37276.136790572236,18261896834.072803,728460649200.0328,39960.27542041052,39481.666416062864,38688.25874179069,39061.27616956802,37276.136790572236
2023-12-06 00:00:00.000,44105.94477259938,37740677039.99004,863171503830.3232,bitcoin,2023,12,6,2,49,4,39961.80598797154,24145194730.323162,781826034536.607,37577.60399135236,19093360079.488483,734411451651.7325,41974.331772543344,39960.27542041052,39481.666416062864,39961.80598797154,37577.60399135236
2023-12-07 00:00:00.000,43788.28880825234,30306637687.60117,857037901744.5414,bitcoin,2023,12,7,3,49,4,40815.79775821597,25479779372.151257,798475086588.3131,37869.504655557874,19679669730.7572,740191232917.1152,44105.94477259938,41974.331772543344,39960.27542041052,40815.79775821597,37869.504655557874
2023-12-08 00:00:00.000,43270.11955970747,27712048105.023373,848245522795.3333,bitcoin,2023,12,8,4,49,4,41609.84078448095,27071961854.645905,814273087582.1306,38130.62405322879,19983984588.24549,745410725145.0145,43788.28880825234,44105.94477259938,41974.331772543344,41609.84078448095,38130.62405322879
2023-12-09 00:00:00.000,44202.17610943621,24726661392.984177,863242780337.311,bitcoin,2023,12,9,5,49,4,42397.54326557316,27108602589.134148,829557857617.0282,38410.86056918632,20317635940.237514,750879233988.5353,43270.11955970747,43788.28880825234,44105.94477259938,42397.54326557316,38410.86056918632
2023-12-10 00:00:00.000,43745.49199189547,17074228506.041449,855611272269.695,bitcoin,2023,12,10,6,49,4,43006.66120497782,27420289755.093117,841525941888.5164,38643.429608278624,19613744740.20031,755498874681.1781,44202.17610943621,43270.11955970747,43788.28880825234,43006.66120497782,38643.429608278624
2023-12-11 00:00:00.000,43757.959937619176,11865167562.179708,856192504674.1926,bitcoin,2023,12,11,0,50,4,43549.18756457906,27099913599.886036,852004123582.9626,38857.219972841915,19237514990.492245,759679933841.3011,43745.49199189547,44202.17610943621,43270.11955970747,43549.18756457906,38857.219972841915
2023-12-12 00:00:00.000,41200.96272610168,39734542163.66172,806178244439.1412,bitcoin,2023,12,12,1,50,4,43438.70627223024,27022851779.640232,849954247155.7911,38993.16130290175,20160889821.9486,762541746929.5826,43757.959937619176,43745.49199189547,44202.17610943621,43438.70627223024,38993.16130290175
2023-12-13 00:00:00.000,41450.81938737744,24919333990.627094,812055172695.532,bitcoin,2023,12,13,2,50,4,43059.40264576997,25191231344.016956,842651914136.5352,39139.26538307699,20697160249.489204,765443022701.6992,41200.96272610168,43757.959937619176,43745.49199189547,43059.40264576997,39139.26538307699
2023-12-14 00:00:00.000,42931.76182603245,26301358636.124893,840112594142.6609,bitcoin,2023,12,14,3,50,4,42937.04164830998,24619048622.37749,840234013050.5524,39352.018709001466,20972502597.214466,769637994594.6646,41450.81938737744,41200.96272610168,43757.959937619176,42937.04164830998,39352.018709001466
2023-12-15 00:00:00.000,43009.5954563739,22978695605.48269,841400560142.884,bitcoin,2023,12,15,4,50,4,42899.82391926234,23942855408.157387,839256161243.0594,39600.83184309879,20994094964.4619,774523170371.4622,42931.76182603245,41450.81938737744,41200.96272610168,42899.82391926234,39600.83184309879
2023-12-16 00:00:00.000,41992.01418722399,17134765249.072596,821883086852.3783,bitcoin,2023,12,16,5,50,4,42584.08650180344,22858298816.17002,833347633602.3549,39737.11023428416,20615929470.48781,777278745541.6327,43009.5954563739,42931.76182603245,41450.81938737744,42584.08650180344,39737.11023428416
2023-12-17 00:00:00.000,42247.06788172229,13524832238.374014,825747211475.3832,bitcoin,2023,12,17,6,50,4,42370.02591463585,22351242206.503246,829081339203.1674,39938.62862662619,20665979387.361958,781220694491.8267,41992.01418722399,43009.5954563739,42931.76182603245,42370.02591463585,39938.62862662619
2023-12-18 00:00:00.000,41410.819634575855,16536428696.461372,810534011290.7083,bitcoin,2023,12,18,0,51,4,42034.720157058226,23018565225.68634,822558697291.2411,40101.397273601804,20461062889.77855,784416763070.9545,42247.06788172229,41992.01418722399,43009.5954563739,42034.720157058226,40101.397273601804
2023-12-19 00:00:00.000,42684.182554683386,26473040426.60815,834757901244.3383,bitcoin,2023,12,19,1,51,4,42246.60870399848,21124064977.535828,826641505406.2693,40304.791077360496,21047569341.020596,788404770997.421,41410.819634575855,42247.06788172229,41992.01418722399,42246.60870399848,40304.791077360496
2023-12-20 00:00:00.000,42250.20618279751,23402523667.558952,827483345952.5029,bitcoin,2023,12,20,2,51,4,42360.80681762991,20907377788.526096,828845530157.2653,40465.9981298569,21407684531.68141,791570154617.4296,42684.182554683386,41410.819634575855,42247.06788172229,42360.80681762991,40465.9981298569
2023-12-21 00:00:00.000,43634.1241684964,28334648885.87903,854173854159.8182,bitcoin,2023,12,21,3,51,4,42461.14429512476,21197847824.205257,830854281588.2877,40670.82565311338,21818663335.366993,795620166667.0063,42250.20618279751,42684.182554683386,41410.819634575855,42461.14429512476,40670.82565311338
2023-12-22 00:00:00.000,43849.69959939619,21948638202.58336,858312140014.9476,bitcoin,2023,12,22,4,51,4,42581.15917269937,21050696766.648212,833270221570.0109,40933.636961070566,21920567824.2984,800807041990.7812,43634.1241684964,42250.20618279751,42684.182554683386,42581.15917269937,40933.636961070566
2023-12-23 00:00:00.000,44003.6960216438,20833936534.62855,861822676200.4246,bitcoin,2023,12,23,5,51,4,42868.5422919022,21579149807.44192,838975877191.1604,41151.59906405172,21773525629.541973,805125806974.7166,43849.69959939619,43634.1241684964,42250.20618279751,42868.5422919022,41151.59906405172
2023-12-24 00:00:00.000,43752.03088478376,9872050975.657969,856850313226.057,bitcoin,2023,12,24,6,51,4,43083.53700662527,21057323912.768196,843419177441.2567,41366.889555963615,21704059107.843674,809393599511.836,44003.6960216438,43849.69959939619,43634.1241684964,43083.53700662527,41366.889555963615
2023-12-25 00:00:00.000,43034.97106309152,18313974069.822758,845029028630.4425,bitcoin,2023,12,25,0,52,4,43315.55863927037,21311258966.105537,848347037061.2186,41543.4242014843,21547967955.119686,812974098648.3569,43752.03088478376,44003.6960216438,43849.69959939619,43315.55863927037,41543.4242014843
2023-12-26 00:00:00.000,43638.23630220092,18744716867.39297,854524607072.9797,bitcoin,2023,12,26,1,52,4,43451.852031772876,20207212743.36051,851170852179.5961,41737.70364934923,21922612524.53239,816807028393.5483,43034.97106309152,43752.03088478376,44003.6960216438,43451.852031772876,41737.70364934923
2023-12-27 00:00:00.000,42516.42694028252,20477744539.87234,832471600531.6842,bitcoin,2023,12,27,2,52,4,43489.88356855645,19789387153.690998,851883459976.622,41905.189941158365,22264233586.815662,820110188955.3938,43638.23630220092,43034.97106309152,43752.03088478376,43489.88356855645,41905.189941158365
2023-12-28 00:00:00.000,43418.46777504291,23244754807.44397,849194163327.4839,bitcoin,2023,12,28,3,52,4,43459.0755123488,19062259428.200275,851172075572.0028,42110.79989861043,22439754305.46777,824148655456.775,42516.42694028252,43638.23630220092,43034.97106309152,43459.0755123488,42110.79989861043
2023-12-29 00:00:00.000,42600.65063315619,20336573643.81929,836073458797.803,bitcoin,2023,12,29,4,52,4,43280.63994574309,18831964491.23398,847995121112.4108,42270.7470515898,22460455518.905457,827390539792.483,43418.46777504291,42516.42694028252,43638.23630220092,43280.63994574309,42270.7470515898
2023-12-30 00:00:00.000,42074.70715618848,24832397519.050613,822933961870.5416,bitcoin,2023,12,30,5,52,4,43005.0701078209,19403173203.294273,842439590493.8561,42412.892409578046,22589383929.713665,830138520608.7478,42600.65063315619,43418.46777504291,42516.42694028252,43005.0701078209,42412.892409578046
2023-12-31 00:00:00.000,42220.61140121376,14727224645.41767,826609156660.5117,bitcoin,2023,12,31,6,52,4,42786.29589588234,20096769441.83137,838119425270.2068,42563.18551042341,22528065726.97555,833103508636.1445,42074.70715618848,42600.65063315619,43418.46777504291,42786.29589588234,42563.18551042341
2024-01-01 00:00:00.000,42208.20217618648,14183728910.169804,827596236151.1959,bitcoin,2024,1,1,0,1,1,42668.1860548959,19506734419.023808,835629026344.6,42680.51695823661,22185184148.929,835481736838.0835,42220.61140121376,42074.70715618848,42600.65063315619,42668.1860548959,42680.51695823661
2024-01-02 00:00:00.000,44168.68118687473,16958999497.58364,863804922701.8125,bitcoin,2024,1,2,1,1,1,42743.96389556358,19251631937.622475,836954785720.1475,42836.750783930336,22254070187.370834,838547411515.8346,42208.20217618648,42220.61140121376,42074.70715618848,42743.96389556358,42836.750783930336
2024-01-03 00:00:00.000,44994.67388689237,39089952715.54279,878395004792.8407,bitcoin,2024,1,3,2,1,1,43097.9991736507,21910518819.86111,843515272043.1699,43004.5640661464,23086808589.60128,841732403915.1603,44168.68118687473,42208.20217618648,42220.61140121376,43097.9991736507,43004.5640661464
2024-01-04 00:00:00.000,42821.558989158,43146162597.56747,838208392904.1771,bitcoin,2024,1,4,3,1,1,43012.72648995286,24753577075.59304,841945876268.4119,43032.80497336688,23182548179.340786,842321771030.9883,44994.67388689237,44168.68118687473,42208.20217618648,43012.72648995286,43032.80497336688
2024-01-05 00:00:00.000,44195.57856209971,26123887042.79777,866352960236.8643,bitcoin,2024,1,5,4,1,1,43240.57333694479,25580336132.589966,846271519331.1348,43035.79276635023,22795321846.101048,842427819577.8729,42821.558989158,44994.67388689237,44168.68118687473,43240.57333694479,43035.79276635023
2024-01-06 00:00:00.000,44113.69973389081,29364675804.010384,863690851062.0247,bitcoin,2024,1,6,5,1,1,43531.85799090227,26227804459.012787,852093932072.7753,43046.63979720484,22763923116.648018,842649584555.1223,44195.57856209971,42821.558989158,44994.67388689237,43531.85799090227,43046.63979720484
2024-01-07 00:00:00.000,43956.12071720152,11841102132.239351,861211168830.4689,bitcoin,2024,1,7,6,1,1,43779.78789318623,25815501242.844456,857037076668.4834,43069.50650245465,22234891584.221886,843081772756.2935,44113.69973389081,44195.57856209971,42821.558989158,43779.78789318623,43069.50650245465
2024-01-08 00:00:00.000,43883.74387905174,15144653805.362787,856926317087.4954,bitcoin,2024,1,8,0,2,1,44019.150993595555,25952776227.87203,861227088230.8119,43058.89209477517,21915491331.30117,842871223981.2996,43956.12071720152,44113.69973389081,44195.57856209971,44019.150993595555,43058.89209477517
2024-01-09 00:00:00.000,46936.18556121751,40821502383.50064,919666641903.4098,bitcoin,2024,1,9,1,2,1,44414.508761358804,29361705211.574455,869207333831.0402,43165.2485470859,22707067127.21648,845006402969.0901,43883.74387905174,43956.12071720152,44113.69973389081,44414.508761358804,43165.2485470859
2024-01-10 00:00:00.000,46105.94607828697,39887918405.77868,902166917320.3264,bitcoin,2024,1,10,2,2,1,44573.26193155804,29475700310.179585,872603321334.9667,43243.51475177483,23641158822.003113,846538883390.628,46936.18556121751,43883.74387905174,43956.12071720152,44573.26193155804,43243.51475177483
2024-01-11 00:00:00.000,46632.31314804979,52030057180.57072,915259343942.036,bitcoin,2024,1,11,3,2,1,45117.6553828283,30744828107.751472,883610600054.6609,43424.55976583977,24051009322.566746,850174920040.7245,46105.94607828697,46936.18556121751,43883.74387905174,45117.6553828283,43424.55976583977
2024-01-12 00:00:00.000,46314.35554160269,49198128806.306175,909846384596.2128,bitcoin,2024,1,12,4,2,1,45420.33780847158,34041148359.681248,889823946391.7107,43586.67763764728,24860302483.08938,853434627104.0804,46632.31314804979,46105.94607828697,46936.18556121751,45420.33780847158,43586.67763764728
2024-01-13 00:00:00.000,42893.92960550481,45913301456.05085,838383512176.7352,bitcoin,2024,1,13,5,2,1,45246.08493298786,36405237738.544174,886208612265.2406,43585.41656362968,25514033910.420242,853376991038.5496,46314.35554160269,46632.31314804979,46105.94607828697,45246.08493298786,43585.41656362968
2024-01-14 00:00:00.000,42848.47451640749,19424747840.478382,839198740717.084,bitcoin,2024,1,14,6,2,1,45087.849761445854,37488615696.86404,883063979677.6143,43580.045865630804,25395568984.9201,853303597057.6896,42893.92960550481,46314.35554160269,46632.31314804979,45087.849761445854,43580.045865630804
2024-01-15 00:00:00.000,41800.93282193406,16968959097.076525,822907066751.3778,bitcoin,2024,1,15,0,3,1,44790.30532471476,37749230738.53742,878204086772.4545,43573.67648678781,25390042113.1869,853337729720.9896,42848.47451640749,42893.92960550481,46314.35554160269,44790.30532471476,43573.67648678781
2024-01-16 00:00:00.000,42587.336038354406,22634527323.56315,835225973285.8562,bitcoin,2024,1,16,1,3,1,44169.04110716289,35151091444.26064,866141134112.804,43585.01875867555,25693698616.02654,853653688448.0054,41800.93282193406,42848.47451640749,42893.92960550481,44169.04110716289,43585.01875867555
2024-01-17 00:00:00.000,43148.00164342693,22023116042.27529,845770850849.578,bitcoin,2024,1,17,2,3,1,43746.477616468605,32598976820.903015,858084553188.4114,43642.92482563725,25876588194.220333,854828249766.6344,42587.336038354406,41800.93282193406,42848.47451640749,43746.477616468605,43642.92482563725
2024-01-18 00:00:00.000,42713.859186938986,21299064875.187115,836987995502.6503,bitcoin,2024,1,18,3,3,1,43186.698479167055,28208835062.99107,846902931982.7849,43643.91404671244,25704122342.506298,854902586241.9114,43148.00164342693,42587.336038354406,41800.93282193406,43186.698479167055,43643.91404671244
2024-01-19 00:00:00.000,41261.39479801012,25160430945.289837,808845819110.2808,bitcoin,2024,1,19,4,3,1,42464.84694436811,24774878225.703022,832474279770.5089,43610.953667219525,25762719251.763992,854281335347.1707,42713.859186938986,43148.00164342693,42587.336038354406,42464.84694436811,43610.953667219525
2024-01-20 00:00:00.000,41600.94093254464,24407872954.726807,815241536115.3193,bitcoin,2024,1,20,5,3,1,42280.134276802375,21702674154.0853,829168283190.3066,43543.18089268779,25631826720.725586,852983591412.354,41261.39479801012,42713.859186938986,43148.00164342693,42280.134276802375,43543.18089268779
2024-01-21 00:00:00.000,41626.10711003664,9533488489.00503,817217622403.9753,bitcoin,2024,1,21,6,3,1,42105.51036160654,20289637103.87482,826028123431.291,43469.061143042476,25217988396.939644,851613774158.655,41600.94093254464,41261.39479801012,42713.859186938986,42105.51036160654,43469.061143042476
2024-01-22 00:00:00.000,41541.89945706261,8032696833.695371,814709364023.4832,bitcoin,2024,1,22,0,4,1,42068.50559519633,19013028209.106087,824857023041.5919,43387.00125755644,24791280406.908535,850043330419.4236,41626.10711003664,41600.94093254464,41261.39479801012,42068.50559519633,43387.00125755644
2024-01-23 00:00:00.000,39504.73005758438,31202848830.101707,775020895102.2928,bitcoin,2024,1,23,1,4,1,41628.13331222918,20237074138.611595,816256297586.7971,43245.42456331646,25502307002.05666,847315683148.6313,41541.89945706261,41626.10711003664,41600.94093254464,41628.13331222918,43245.42456331646
2024-01-24 00:00:00.000,39833.45410501688,29683327703.0343,779133357029.7626,bitcoin,2024,1,24,2,4,1,41154.62652102775,21331390090.148594,806736655612.5378,43138.70733138064,25881285456.497047,845119160761.9421,39504.73005758438,41541.89945706261,41626.10711003664,41154.62652102775,43138.70733138064
2024-01-25 00:00:00.000,40123.67105847147,22217129215.385586,786928905377.1826,bitcoin,2024,1,25,3,4,1,40784.59964553239,21462542138.74838,799585357023.1853,43021.555156589646,25997032534.76347,842865970705.4155,39833.45410501688,39504.73005758438,41541.89945706261,40784.59964553239,43021.555156589646
2024-01-26 00:00:00.000,39938.28644155878,13376924612.77818,783180536824.566,bitcoin,2024,1,26,4,4,1,40595.58416603934,19779184091.24671,795918888125.2258,42935.61713996553,25760338537.193665,841222935248.5116,40123.67105847147,39833.45410501688,39504.73005758438,40595.58416603934,42935.61713996553
2024-01-27 00:00:00.000,41862.9356109399,22681602408.52447,820989861818.084,bitcoin,2024,1,27,5,4,1,40633.01197723866,19532574013.217808,796740077511.3351,42883.76606782876,25741566790.56301,840282791864.865,39938.28644155878,40123.67105847147,39833.45410501688,40633.01197723866,42883.76606782876
2024-01-28 00:00:00.000,42119.61049464309,10694258830.371908,826254540126.2368,bitcoin,2024,1,28,6,4,1,40703.51246075387,19698398347.69879,798031065757.3727,42867.731396544994,25420156296.781433,839955494575.8127,41862.9356109399,39938.28644155878,40123.67105847147,40703.51246075387,42867.731396544994
2024-01-29 00:00:00.000,42026.57856232145,13669905344.783924,824240091063.3245,bitcoin,2024,1,29,0,5,1,40772.752332933705,20503713849.282867,799392598191.6356,42866.12711008276,25048073224.305874,839999032215.5721,42119.61049464309,41862.9356109399,39938.28644155878,40772.752332933705,42866.12711008276
2024-01-30 00:00:00.000,43267.60927638767,20680322267.00365,849198976216.4734,bitcoin,2024,1,30,1,5,1,41310.306507048466,19000495768.84029,809989466922.2328,42901.02703925522,25246509811.692078,840752026200.771,42026.57856232145,42119.61049464309,41862.9356109399,41310.306507048466,42901.02703925522
2024-01-31 00:00:00.000,42892.03453014447,24526664209.3586,839294111912.5715,bitcoin,2024,1,31,2,5,1,41747.246567780974,18263829555.458046,818583860476.9198,42923.82145105382,25591274321.665035,841141955392.8168,43267.60927638767,42026.57856232145,42119.61049464309,41747.246567780974,42923.82145105382
2024-02-01 00:00:00.000,42583.26354663417,22197944957.07849,835421372330.6442,bitcoin,2024,2,1,3,5,1,42098.616923232796,18261088947.12846,825511355755.9857,42870.97419637914,25765905836.98153,840195837047.1112,42892.03453014447,43267.60927638767,42026.57856232145,42098.616923232796,42870.97419637914
2024-02-02 00:00:00.000,43069.0434209368,22443682768.722225,844585195327.6586,bitcoin,2024,2,2,4,5,1,42545.86792028679,19556340112.263325,834283449827.8562,42806.78651418062,25211030172.087513,839068843398.2717,42583.26354663417,42892.03453014447,43267.60927638767,42545.86792028679,42806.78651418062
2024-02-03 00:00:00.000,43170.65856159975,18624791426.130836,846561992602.431,bitcoin,2024,2,3,5,5,1,42732.68548466677,18976795686.20709,837936611368.4772,42818.42316659535,24393651133.039623,839347296721.5469,43069.0434209368,42583.26354663417,42892.03453014447,42732.68548466677,42818.42316659535
2024-02-04 00:00:00.000,42976.84829990829,7779819312.310763,842668526994.8004,bitcoin,2024,2,4,6,5,1,42855.14802827609,18560447183.626926,840281466635.4148,42777.798824522295,23782182208.69006,838557815613.4781,43170.65856159975,43069.0434209368,42583.26354663417,42855.14802827609,42777.798824522295
2024-02-05 00:00:00.000,42599.35997055978,11250814654.362,835416357159.2295,bitcoin,2024,2,5,0,6,1,42936.97394373871,18214862799.280937,841878076077.6869,42727.320832411264,23178386837.03511,837615332483.3849,42976.84829990829,43170.65856159975,43069.0434209368,42936.97394373871,42727.320832411264
2024-02-06 00:00:00.000,42648.45692113544,18682275991.6268,836630860392.2917,bitcoin,2024,2,6,1,6,1,42848.5236072741,17929427617.084248,840082630959.9467,42683.73203920906,23406425965.68136,836795988868.779,42599.35997055978,42976.84829990829,43170.65856159975,42848.5236072741,42683.73203920906
2024-02-07 00:00:00.000,43087.78740814285,17131113853.23615,845393687725.6221,bitcoin,2024,2,7,2,6,1,42876.48830413102,16872920423.352467,840953998933.2396,42657.20015684543,23472641300.61047,836411567890.0499,42648.45692113544,42599.35997055978,42976.84829990829,42876.48830413102,42657.20015684543
2024-02-08 00:00:00.000,44247.415415479314,21200879624.73537,868672050077.7697,bitcoin,2024,2,8,3,6,1,43114.2242853946,16730482518.732021,845704095754.2576,42567.57448532082,22818620541.984962,834711748162.5286,43087.78740814285,42648.45692113544,42599.35997055978,43114.2242853946,42567.57448532082
2024-02-09 00:00:00.000,45338.27118978949,27709605138.49859,890468166608.419,bitcoin,2024,2,9,4,6,1,43438.39968094499,17482757142.985786,852258805937.2234,42541.98532237091,22412676766.40896,834321789805.465,44247.415415479314,43087.78740814285,42648.45692113544,43438.39968094499,42541.98532237091
2024-02-10 00:00:00.000,47143.24299107112,41993952311.122856,925541926938.6152,bitcoin,2024,2,10,5,6,1,44005.91174229804,20821208697.984646,863541653699.5354,42559.01631713828,22078139937.427364,834664542572.0176,45338.27118978949,44247.415415479314,43087.78740814285,44005.91174229804,42559.01631713828
2024-02-11 00:00:00.000,47768.995251247936,16461159742.317774,938210772985.4427,bitcoin,2024,2,11,6,6,1,44690.50416391799,22061400187.98565,877190545983.9128,42607.504307459785,20986907635.294422,835610022184.992,47143.24299107112,45338.27118978949,44247.415415479314,44690.50416391799,42607.504307459785
2024-02-12 00:00:00.000,48189.88179303987,13196875460.84672,945579645769.01,bitcoin,2024,2,12,0,7,1,45489.150138558005,22339408874.626324,892928158642.453,42784.0360470443,19896360102.12095,839183226638.0679,47768.995251247936,47143.24299107112,45338.27118978949,45489.150138558005,42784.0360470443
2024-02-13 00:00:00.000,50050.13609456397,37684440686.70893,981463410832.9636,bitcoin,2024,2,13,1,7,1,46546.532877619225,25054003831.066628,913618522991.1202,43024.091432982845,20505016530.32863,843925382308.5972,48189.88179303987,47768.995251247936,47143.24299107112,46546.532877619225,43024.091432982845
2024-02-14 00:00:00.000,49732.14536955351,37331081151.024765,974585308372.1276,bitcoin,2024,2,14,2,7,1,47495.726872106454,27939713445.03643,932074468797.7639,43288.46518457016,21183753932.126904,848981323695.9553,50050.13609456397,48189.88179303987,47768.995251247936,47495.726872106454,43288.46518457016
2024-02-15 00:00:00.000,51790.16929752642,41805076939.80903,1017596576729.7906,bitcoin,2024,2,15,3,7,1,48573.263140970324,30883170204.33267,953349401176.6241,43595.22629320922,21822772252.668438,855060343810.7533,49732.14536955351,50050.13609456397,48189.88179303987,48573.263140970324,43595.22629320922
2024-02-16 00:00:00.000,51958.23029105492,31991869491.056656,1020725811639.5323,bitcoin,2024,2,16,4,7,1,49518.97158400825,31494922254.6981,971957636181.069,43888.90058146349,22155064034.294483,860892175837.0851,51790.16929752642,49732.14536955351,50050.13609456397,49518.97158400825,43888.90058146349
2024-02-17 00:00:00.000,52166.43430976192,24850432117.896576,1024019280535.48,bitcoin,2024,2,17,5,7,1,50236.570343821215,29045847941.380062,986025829552.0496,44203.98641889092,22273442942.3848,867126552004.8461,51958.23029105492,51790.16929752642,49732.14536955351,50236.570343821215,44203.98641889092
2024-02-18 00:00:00.000,51684.51749264525,19851884283.15723,1015778284418.9252,bitcoin,2024,2,18,6,7,1,50795.93066402084,29530237161.49999,997106902613.9757,44551.42384204543,22096491386.98038,874024300848.4675,52166.43430976192,51958.23029105492,51790.16929752642,50795.93066402084,44551.42384204543
2024-02-19 00:00:00.000,52138.48578873693,17025880430.565874,1023586119011.2284,bitcoin,2024,2,19,0,8,1,51360.01694912042,30077237871.459866,1008250684505.721,44902.675337251836,21850424969.508347,880969120278.3312,51684.51749264525,52166.43430976192,51958.23029105492,51360.01694912042,44902.675337251836
2024-02-20 00:00:00.000,51764.313185487765,22555121071.55909,1016146442771.5668,bitcoin,2024,2,20,1,8,1,51604.899390680956,27915906497.86703,1013205403354.093,45240.61553976687,22284479388.926815,887600080957.2507,52138.48578873693,51684.51749264525,52166.43430976192,51604.899390680956,45240.61553976687
2024-02-21 00:00:00.000,52286.79372554667,34499627551.319275,1026424315285.75,bitcoin,2024,2,21,2,8,1,51969.84915582284,27511413126.48053,1020610975770.3248,45598.77868204968,23166710412.84761,894657245999.3264,51764.313185487765,52138.48578873693,51684.51749264525,51969.84915582284,45598.77868204968
2024-02-22 00:00:00.000,51842.75676625642,30624246621.0974,1018869881156.3212,bitcoin,2024,2,22,3,8,1,51977.3616513557,25914151652.378872,1020792876402.6863,46010.04623900541,23147423672.54747,902785545534.4607,52286.79372554667,51764.313185487765,52138.48578873693,51977.3616513557,46010.04623900541
2024-02-23 00:00:00.000,51319.500125702674,23733644208.80861,1007314397269.4122,bitcoin,2024,2,23,4,8,1,51886.11448487681,24734405183.486294,1018876960064.0977,46392.914439694934,22949100889.406612,910391580209.1156,51842.75676625642,52286.79372554667,51764.313185487765,51886.11448487681,46392.914439694934
2024-02-24 00:00:00.000,50841.081094770896,22637679779.741,999139504635.63,bitcoin,2024,2,24,5,8,1,51696.77831130666,24418297706.606926,1015322706364.1191,46750.16144090492,22963119241.551792,917465266851.064,51319.500125702674,51842.75676625642,52286.79372554667,51696.77831130666,46750.16144090492
2024-02-25 00:00:00.000,51553.096712831146,15528276123.53668,1012485917140.1924,bitcoin,2024,2,25,6,8,1,51678.003914190354,23800639398.089703,1014852368181.443,47137.32178328067,23034830958.577076,925108779528.2516,50841.081094770896,51319.500125702674,51842.75676625642,51678.003914190354,47137.32178328067
2024-02-26 00:00:00.000,51751.88405493456,15455098216.48263,1016549456019.3264,bitcoin,2024,2,26,0,9,1,51622.77509507573,23576241938.934956,1013847130611.1713,47466.95339808049,22793947485.509018,931627432668.2928,51553.096712831146,50841.081094770896,51319.500125702674,51622.77509507573,47466.95339808049
2024-02-27 00:00:00.000,54478.19108312296,35407941475.56789,1071049856128.8474,bitcoin,2024,2,27,1,9,1,52010.47193759505,25412359139.50764,1021690475376.4971,47878.906084363145,23617736907.01555,939787276535.0466,51751.88405493456,51553.096712831146,50841.081094770896,52010.47193759505,47878.906084363145
2024-02-28 00:00:00.000,57003.52673730811,51983799587.1939,1118963733317.3013,bitcoin,2024,2,28,2,9,1,52684.29093927525,27910098001.775444,1034910392238.1473,48378.13769019604,24894866715.09588,949611397943.5125,54478.19108312296,51751.88405493456,51553.096712831146,52684.29093927525,48378.13769019604
2024-02-29 00:00:00.000,62558.58202419311,87218855804.01622,1225273849241.6978,bitcoin,2024,2,29,3,9,1,54215.1231189805,35995042170.76385,1064396673393.201,49021.170115122884,27112817832.996296,962147227044.3533,57003.52673730811,54478.19108312296,51751.88405493456,54215.1231189805,49021.170115122884
2024-03-01 00:00:00.000,61298.21686110162,67692687247.36391,1206725326872.1362,bitcoin,2024,3,1,4,9,1,55640.65408118034,42274905461.98603,1092883949050.733,49634.709526154795,28551685267.596478,974394934209.6721,62558.58202419311,57003.52673730811,54478.19108312296,55640.65408118034,49634.709526154795
2024-03-02 00:00:00.000,62426.64052919186,36699193361.155365,1227712629022.1812,bitcoin,2024,3,2,5,9,1,57295.73400038334,44283693116.4738,1125537252534.5261,50296.15542557338,29035060214.39904,987471309432.7233,61298.21686110162,62558.58202419311,57003.52673730811,57295.73400038334,50296.15542557338
2024-03-03 00:00:00.000,62067.86680212177,25198213831.25236,1219383305483.4983,bitcoin,2024,3,3,6,9,1,58797.84401313915,45665112789.0046,1155094022297.8555,50929.44953827954,29126877916.483376,999964579771.2515,62426.64052919186,61298.21686110162,62558.58202419311,58797.84401313915,50929.44953827954
2024-03-04 00:00:00.000,63053.10543906421,27108369390.44353,1236312176673.4497,bitcoin,2024,3,4,0,10,1,60412.304210871946,47329865813.85616,1186488696677.016,51592.197767528356,29409663848.627132,1012956252573.6187,62067.86680212177,62426.64052919186,61298.21686110162,60412.304210871946,51592.197767528356
2024-03-05 00:00:00.000,68186.64593432152,74551714626.1156,1333913436699.1726,bitcoin,2024,3,5,1,10,1,62370.65490390032,52921833406.79156,1224040636758.491,52432.52435534214,31635393692.420628,1029331082897.0977,63053.10543906421,62067.86680212177,62426.64052919186,62370.65490390032,52432.52435534214
2024-03-06 00:00:00.000,64291.536557569496,96403762012.66058,1264870242318.5977,bitcoin,2024,3,6,2,10,1,63411.79916393766,59267542324.71537,1244884423758.6763,53155.596908242456,34473825271.03058,1043646212402.41,68186.64593432152,63053.10543906421,62067.86680212177,63411.79916393766,53155.596908242456
2024-03-07 00:00:00.000,66145.91927850846,73151905042.04068,1297845751759.601,bitcoin,2024,3,7,3,10,1,63924.275914554135,57257977930.14744,1255251838404.091,53938.84565348822,36289479572.71104,1059020042114.6537,64291.536557569496,68186.64593432152,63053.10543906421,63924.275914554135,53938.84565348822
2024-03-08 00:00:00.000,66944.87639053575,48853892626.0196,1317508010581.0813,bitcoin,2024,3,8,4,10,1,64730.94156161616,54566721555.66968,1271077936076.7974,54734.08195290132,37346905531.803825,1074757186209.8357,66145.91927850846,64291.536557569496,68186.64593432152,64730.94156161616,54734.08195290132
2024-03-09 00:00:00.000,68315.25192078314,63346588227.32869,1340971395884.519,bitcoin,2024,3,9,5,10,1,65572.17176041492,58373492250.83729,1287257759914.2742,55536.34316974478,38751762485.2236,1090500497736.7273,66944.87639053575,66145.91927850846,64291.536557569496,65572.17176041492,55536.34316974478
2024-03-10 00:00:00.000,68508.0039626159,21359706190.81524,1346027264110.4956,bitcoin,2024,3,10,6,10,1,66492.19135477122,57825134016.489136,1305349754003.8455,56308.66759550566,38540099186.9675,1105685800986.7964,68315.25192078314,66944.87639053575,66145.91927850846,66492.19135477122,56308.66759550566
2024-03-11 00:00:00.000,69075.66688195744,36660543917.16198,1357390358031.5388,bitcoin,2024,3,11,0,11,1,67352.55727518453,59189730377.44891,1322646637055.0007,57039.74839186854,38362318907.16879,1120080748689.8938,68508.0039626159,68315.25192078314,66944.87639053575,67352.55727518453,57039.74839186854
2024-03-12 00:00:00.000,72130.55300765681,66653067165.93465,1417772589113.952,bitcoin,2024,3,12,1,11,1,67915.97257137529,58061352168.85163,1334626515971.398,57851.800317082176,40035382487.956024,1136066142560.8442,69075.66688195744,68508.0039626159,68315.25192078314,67915.97257137529,57851.800317082176
2024-03-13 00:00:00.000,71467.17350326062,64599341551.27301,1403692914139.1924,bitcoin,2024,3,13,2,11,1,68941.06356361687,53517863531.51055,1354458326231.483,58627.71004075619,41748798024.30357,1151336584839.8503,72130.55300765681,69075.66688195744,68508.0039626159,68941.06356361687,58627.71004075619
2024-03-14 00:00:00.000,73097.76702694128,51906601043.53671,1436631290571.5388,bitcoin,2024,3,14,3,11,1,69934.18467053585,50482820103.15284,1374284831776.0454,59395.96440516877,42222870036.19783,1166508847497.8027,71467.17350326062,72130.55300765681,69075.66688195744,69934.18467053585,59395.96440516877
2024-03-15 00:00:00.000,71420.03180142345,63073551321.74747,1403843488135.24,bitcoin,2024,3,15,4,11,1,70573.49258637695,52514199916.82825,1386618471426.6394,60118.89395289777,43080952375.22192,1180817453489.9065,73097.76702694128,71467.17350326062,72130.55300765681,70573.49258637695,60118.89395289777
2024-03-16 00:00:00.000,69497.7631929463,81204427005.22603,1367669237527.8738,bitcoin,2024,3,16,5,11,1,70742.42276811454,55065319742.24215,1390432448804.2617,60709.1470827451,44394264044.069145,1192486542183.176,71420.03180142345,73097.76702694128,71467.17350326062,70742.42276811454,60709.1470827451
2024-03-17 00:00:00.000,65292.31329331289,49265436012.59228,1282404282863.459,bitcoin,2024,3,17,6,11,1,70283.03838678553,59051852573.92458,1381343451483.2563,61153.61651615369,44970049594.786995,1201209157890.6401,69497.7631929463,71420.03180142345,73097.76702694128,70283.03838678553,61153.61651615369
2024-03-18 00:00:00.000,68425.41565643054,47190980586.56393,1344508983079.8567,bitcoin,2024,3,18,0,12,1,70190.14535456742,60556200669.553444,1379503255061.5876,61695.58256104265,45714734543.74258,1211892147975.453,65292.31329331289,69497.7631929463,71420.03180142345,70190.14535456742,61695.58256104265
2024-03-19 00:00:00.000,67708.94360930806,51101822566.75771,1331771923948.0378,bitcoin,2024,3,19,1,12,1,69558.48686908903,58334594298.24245,1367217445752.1714,62229.73009826474,46756399153.19593,1222425269293.0898,68425.41565643054,65292.31329331289,69497.7631929463,69558.48686908903,62229.73009826474
2024-03-20 00:00:00.000,62132.51737873437,80179417876.47993,1223867418062.399,bitcoin,2024,3,20,2,12,1,68224.96456558527,60560319487.557724,1341528089169.772,62562.864484597994,48861517068.05973,1229101312594.7954,67708.94360930806,68425.41565643054,65292.31329331289,68224.96456558527,62562.864484597994
2024-03-21 00:00:00.000,67819.05570684028,70836803714.91411,1332594162507.5205,bitcoin,2024,3,21,3,12,1,67470.86294842798,63264634154.89735,1326665642303.484,63098.02256864308,50470906489.5049,1239649569919.3274,62132.51737873437,67708.94360930806,68425.41565643054,67470.86294842798,63098.02256864308
2024-03-22 00:00:00.000,65535.97844847657,48393664548.05336,1287348061971.4202,bitcoin,2024,3,22,4,12,1,66630.283898007,61167507472.941055,1310023438565.7952,63539.66205940741,50934041056.0627,1248347028142.183,67819.05570684028,62132.51737873437,67708.94360930806,66630.283898007,63539.66205940741
2024-03-23 00:00:00.000,63509.04496523133,42436600223.53738,1247366367469.2778,bitcoin,2024,3,23,5,12,1,65774.75272261915,55629246504.12838,1292837314271.7102,63928.53833270657,51327786176.144035,1255963577685.9482,65535.97844847657,67819.05570684028,62132.51737873437,65774.75272261915,63928.53833270657
2024-03-24 00:00:00.000,64285.80279102199,25489933245.68756,1264722355270.5166,bitcoin,2024,3,24,6,12,1,65630.96550800616,52232746108.856285,1290311324615.5757,64360.74842155055,51386329144.04,1264543842952.6519,63509.04496523133,65535.97844847657,67819.05570684028,65630.96550800616,64360.74842155055
2024-03-25 00:00:00.000,67310.98326810106,28098318940.431744,1323456466317.511,bitcoin,2024,3,25,0,13,1,65471.76088110195,49505223016.55169,1287303822220.9548,64909.74516066155,51568350449.396355,1275354408342.0476,64285.80279102199,63509.04496523133,65535.97844847657,65471.76088110195,64909.74516066155
2024-03-26 00:00:00.000,69938.94530200244,44820310272.64752,1371797489739.3416,bitcoin,2024,3,26,1,13,1,65790.33255148686,48607864117.39308,1293021760191.1409,65522.60678030059,52544751587.70005,1287331460762.0195,67310.98326810106,64285.80279102199,63509.04496523133,65790.33255148686,65522.60678030059
2024-03-27 00:00:00.000,70082.05122475982,36257324508.56845,1375728580463.2524,bitcoin,2024,3,27,2,13,1,66925.98024377621,42333279350.548584,1314716211962.6914,66133.6123526281,53238159130.76958,1299304098243.4836,69938.94530200244,67310.98326810106,64285.80279102199,66925.98024377621,66133.6123526281
